content,score
selalu sesuai,5
menyenangkat,4
banyakin promo nya min😹,5
cepat tepat,5
haha lucuu udah sampe yg ke 3x di blokir payleter sama gopay pinjam .. pas di bayar langsung gak bisa di pake lagi .. bertaun taun pake gojekk .. muak juga gak bisa liat konsumen lama atau konsumen baru .. hati hati di gojek gak ada yg nama nya konsumen prioritas walau pun riwayat kita di aplikasi dia 100℅ bagussss,1
makasih gojek selalu ada di saat aku membutuhkan 🥰,5
Mantap cuy cuman diskon saya ga pernah dapet :),5
"nyari go send dapat drivernya lama, kecewa",1
sangat terbantu sekali,5
"makin banyak diskon,kebantu bgt kalo lagi ada acara",5
driver nya ramah.. yang pasti aplikasinya sangat membantu.👍👍👍 trimakasih.,5
sesuai aplikasi informasinya jelas detail dan akurat terpercaya terima kasih developer 😊😊😊,5
👍,5
"aaihhh,, Proses penyelesaian kendala teknisnya lemot..",1
jaringan apk y lemot tolong di perbaiki sering terjadi eror.,5
secara keseluruhan aplikasinya bagus tampilan memudahkan drivernya berpengalaman,5
Terima kasih gojek karena gampang login hanya make verifikasi wajah itu sangat menyelamatkan ku,5
okeee,5
aplikasi sangat penting bagi transfortasi kita semuanya,5
"saya sbgai customer kecewa di saya ongkos 24ribu tetapi saya tnya ke driver dapatnya cuma 14ribu dari kramat 7 ke Thamrin City terlalu gede ambil potongannya, driver modal motor, bensin, hp n kuato blm lagi beli spart part yg skrg sdh pada naik semua itu driver yg tanggung bukan aplikator,layanan hemat dpt drivernya jauh jauh",5
pelayanan cepat dan aman,5
good,5
mantab,5
mau daftar aja susah gak jelas,1
goboxnya andalan,5
bagus,5
saya sangat suka aplikasi ini,5
bagua sopan cepat aman,5
"Kukira dengan Prioritas Beneran bisa jemput lebih cepat, ternyata enggak juga😮‍💨",1
makin kesini gojek makin payah. tiap belanja online kiriman pake gojek instan pasi sampe 2 hari baru dapet driver. pas tanya sama drivernya juga katnya sekarang kalo kelamaan gak pick up orderan cancel sendiri. mana drivernya bawa 3 orderan sy pake instan knpa jadi nya multi jadi makan lama.GOJEK PAYAH.,1
bagus,5
sangat buruk sekali,1
Setiap hari dapat telpon spam nawarin gopaypinjam. Tolong ini sangat menggangu,1
bagus banget salalu ada promo tapi promo nya buat orang kaya aja😢,5
lebih murah,5
"ko di aplikasi ini banyak banget manusia manusia kere dan miskin yah,mau makan gratis dan gak mau bayar tapi menyelakan driver, yang jelas gak mungkin driver gak mengatar makan yang kalina pesan paling hebat orang miskin beli di bawah 100k sedangkan diatas 100k pihak gojek pasti mengkonfirmasi kebenaran ,dan ada akun atas nama dolar jalan bandung no 1 Menteng bayar kurang tapi laporan monta uang lebih ini salah satu manusia miskin",1
ongkir mahal daripada barang upil,1
id ktp saya dipake orang. mohon bantuannya min.,1
"udah pake ojek dari jaman 2017, baru sekarang nih ngerasa kecewa banget sama pelayanan ojek, 2x orderan dicancel driver, orderan selanjutnya malah dapet jemputan yang jauh, buang buang waktu banget.",1
mantul,5
Mantap,5
mantap drivernya.sat set.amanah,5
sangat menolong saat dibutuhkan,5
mantap,5
ok,5
"TUHAN YESUS Memberkati, Amin. 🙏🙂",5
aplikasi gojek tidak terhenti terus padahal penyimpanan masih kosong,5
sedikit kecewa ...saya pesen goshop bayar gopay...tapi lupa malah tambah bayar cash...gojek pun gak amanah..langsung kabur...mana ranting gak bisa saya rubah untuk kasih ranting 1....mohon bantuanya ... untuk driver atas nama ELI WAHHYUDI SETIAWAN.DENGAN PLAT NO DK 5590FBH...di nonaktifkan ...sebelum uang saya kembali,1
"Sistemnya licik, seolah menganggap pengguna itu bodoh dan gampang dijebak pakai iming-iming koin Rp500. Padahal itu cuma pancingan supaya izin akses data pribadi kita otomatis terhubung ke game atau pihak ketiga tanpa sadar. Sekali klik 'Klaim', akun langsung terikat dan sangat susah diputus atau dihapus permanen. Jangan manfaatkan ketidaktahuan orang demi data! Tolong buat sistem yang jujur dan transparan, bukan jebakan Batman yang merugikan privasi seperti ini. Benahi segera!""",1
sangat membantu aekali,5
mantap,5
relax,5
aplikasinya sangat membantu dan mudah dipakai,5
cepat sampai,5
kemudahan dlm setiap perjalanan,4
Mayan,5
FINDAYA 👎,1
saya suka naik gojek karena mudah pesen nya dan cepat sampai nya,5
"sorry newbie, belum bisa komentar apa apa",5
"payah bgt masa saya di cancel 5 kali perkara hujan gede dan mentang2 jarak yg sy pesen deket, gmn sih!!",2
"driver yang tak jujur, dan pelayanan gojek sangat lambat",1
bisa membantu saat butuh kendaraan,5
mantap,5
mantap,5
keren hatur nuhun,5
very recommended,5
"buat apa ada program hemat kalau ga ada driver yang ambil/pick up. hapus saja, ga berguna, wasting time",1
aplikasi ok. tapi promo harus sering,5
kurang memuaskan,2
masih sering eror ketika hujan,3
😍😍😍,5
sebenarnya aplikasinya sudah bagus cuma sering kali ada bug yang bikin kurang nyaman antara penumpang dan driver tolong diperbaiki lagi ya selebihnya bagus dan aman,4
perjalanan aman dan menyenangkan sangat terbantu tapi kalau bisa yang layanan hemat ditingkatkan lagi karna terkadang sangat membutuhkan itu,5
"pesan gojek prioritas sampai gocar prioritas tetap tidak bisa, silahkan tunggu beberapa menit lagi pas dicoba tetap ga bisa padahal urgent. jadi fungsi gojek biasa/prioritas ga ada guna'nya.",1
"suka error, barusan kejadian gabisa di cancel drivernya akhirnya sampe dateng ke rumah akhirnya kita bayar, di tingkatin lagi lah aplikasinya",3
cepat respon,5
gojek nya lumayan bisa cepat sampai,5
"gak respect maaf, kenapa pas emergency malah susah nyarinya padahal di area kota besar loh, alhasil naik ojek offline.",1
"ini knp ya gojek di gopay pinjam nya gak lgsg cair. pdhl langkah nya tinggal pencairan. di keterangan 2X24 jam , ini udh 3 hari blm cair juga. padahal pengajuan hari Jumat !!",3
"maaf ya saya kasih bintang 4 selain mahal, lama",4
APLIKASI GA BISA DI PESAN. INFO RAME dan lagi padet,1
"hari ini tgl 16 februari aplikasi error dari pihak driver / customer, saya tidak bisa cancel begitupun driver tidak bisa pickup/cancel. lapor admin ig juga ga ada tanggapan gajelas",1
"gajelas segala ada fitur gabisa nerima transaksi dulu karna lagi rame rame nya, orang lagi buru buru di persulit gini, udah coba relog lagi tetep aja sama gabisa order 😒👎",1
"giliran urgent, mau digunakan, malah gangguan. goblok.",1
"1setengah jam nunggu gaada driver nyantol😭 ,sampek telat kerja",4
server padat tidak bisa order,1
"biasa pake gojek aman"" aja eh pagi ini mau berangkat malah ada pemberitahuan apl sibuk ga bisa nerima transaksi,emng serame apa sii sampe ga bisa nerima customer aneh padahal driver banyak hadehh jadi telat berangkat kerja gara"" gojek",1
bagus,5
ko KL mau isi pulsa di gojek nape skr ga bisa sih tumben2 ga bisa,5
Bagus dan bermanfaat,5
semoga semakin maju,5
oke sih kalau mau d butuhkan dlm keadaan darurat jangan lh bermasalah gojek ny terimakasih,5
kesiangan se kesiangannyaaa pesen 7.30 dateng 7.45 pas mau pergi gabisa gara2 driver ga bisa geser pesanan apk mendadak eror keseeeek absen gw woy jd masalah,1
"Jujur kecewa padahal udah lama pake, aplikasi server down 30 menit, tiket kereta jadi hangus ga jadi pulang, gara gara server down. Minimal kalau tau pengguna naik di up servernya",1
ini kalo hujan drivernya emang gamau ngambil orderan apa gimana? PADAHAL ADA BENDA YG DINAMAKAN JAS HUJAN EMANG MEREKA PADA GAPUNYA APA!!?,1
blm bgtu tau,4
aplikasi tolol. eror disaat butuh.....,1
ini apaan sih APLIKASI.. masa eror koneksi bagus tpi nyari driver susah bgt. ga dapet2,1
mantap terpercaya,5
so far tidak pernah bermasalah,5
sangat membantu,5
the best,5
"susah buat dapet driver, dan selalu dikasih driver yang jauh bangett.. kalau pagi banyak driver yang ambil orderan tapi mereka ga mau jalan dan berakhir telat karena nunggu dapet driver yang bener"" mau kerja.",1
"entah kenapa tiap topup dari e wallet lain pasti nominalnya berkurang dikit, contoh topup 65.500 (plus biaya admin +999) ehh yang muncul malah cuman 64.500 yah mungkin nilai ini kecil tapi klo nilai sekecil ini dibiarin kredibilitas ni aplikasi perlu dipertanyakan",1
APLILKASI YANG PALING BERMANFA'AT dlm Hidup sy☺😎😊,5
"Ini gimana sih, tiap driver nelpon cuma masuk geter-geter doang ga ada tampilan telponnya. Drivernya banyak yang jadinya marah-marah ama kita karena ga ngangkat telpon mereka, padahal emang ga bisa, ga ada tampilan telpon yang masuk. Jelek banget deh, kalau belum siap rilis fiturnya jangan di rilis dulu. Ganggu banget.",1
semoga suk6,5
mantap,5
keren,5
"selama Saya yg pesan baik² sih, swmoga selalu hihihi",5
Ribet amat mau login regist,1
good job,5
"aplikasi mkin lama mkin gjls,buka gofood aja lemot bgt idih !! padahal jaringan bagus",1
maaf jek. skrg pindah ke maxim ato indriver dlu. penjemputan skrg dapat driver jauh mulu.,1
"apaan waktu gk berjalan minimal ada detail kelambatan kek atau gimana, udah 3 kali ini ngalamin, maaf bukan bermaksud menyalahkan driver cuman apknya seharusnya ada lah kayak update kendala apa gituuuu, gua pesan jam berapa baru dapet driver juga jam berapa, aneh juga sih gitu loh....., kalo sekiranya gk ada driver yaaa maximal yaaaa kasih 15 menit aja lah buat cancel pesanan, kasigan drivernya kalau ke acc tapi waktunya mepet",1
jadi mitra goride gimana ya,5
mantap,5
"sangat sangat mengecewakan, pembelian gofood saya, ini udah 2x saya pesan, gk ada driver trus.",1
mantap,5
bagus tpi jarang make grgr ongkir mahal plus lebih enak di gofood in my bapa muach,4
Baik,5
"saat hujan gk ad yg dapat GOCARNYA, percuma dong padahal udah pesan harga yg mahal",1
bagus banget,5
harga murah standart terjangkau,5
"Aplikasi gojek ini lama-lama bikin gak nyaman,udah mah gak pernah dapet voucher diskon buat pesen makanan,udah gitu aplikasi nya loading terus sampe mau pesen aja gak bisa,padahal jaringan saya bagus malah di bilang 'Yah internet nya mati' TOLONG DI PERBAIKI LAGI DEMI KENYAMANAN CUSTOMER !!!!",1
"nyaman, cepat waktu penjemputan, tanggung jawab",5
"di kasih bintang 5 trus, makin lama nyantol nya, di kasih 1 marah"" mau nya apa si",1
"gangguan di saat yang tidak tepat, always !",1
lebih profesional lagi dalam pelayanan,4
baru pertama kali ini mengunakan aplikasi ini sangat memuaskan,5
"go ,gunakan gojek",5
mantab paman,5
good,5
sangat membantu sekali,5
menyenangkan,5
bgus,5
"sebenernya apk ini udh lumayan oke, tapi tolonglah di bagian alamatnya disesuai-in, masa titik alamat udh bener tp nama alamatnya salah, kan bikin bingung. jadinya ribet buat customer sm kurir/ojek (udh sering salah paham krn alamatnya ga sesuai), titik alamat yg udh tersimpan jg tiba-tiba berubah sendiri pdhl gak diedit, udh gitu tolong dibagian kolom buat ngisi nama alamatnya dibikin supaya bisa ngetik lebih banyak kata biar bisa ngetik alamat lengkap yg betul, kaya di aplikasi sebelah.",3
"aku mau cerita pengalaman aku selama pakai aplikasi kamu, aku pakai gojek pasti kena driver yang kurang ajar (driver mobil) mereka ga mau CANCEL ORDERAN JADI SENGAJA DIEM DI SATU TITIK LAMAAAA, maksa kita sebagai pengguna buat cancel, AKU SAMPAI KENA SUSPEN TAHU AKUN NYA, berkali-kali di giniin driver gojek, kalo aku keras Kepala bakalan aku tungguin ampe dia nyerah, tapi kan aku buru-buru mau kesuatu tempat, ada lagi yang kurang ajar kalo kita make hemat, tolong kasih solusi :(",1
ribet mau pesen ojek bukan mau pinjem duit pake peripikasi wajah mana gagal Mulu gatau knapah,1
orang nya ramah,5
good application,5
kecewa sama para driver kalau hujan gak mau ambil orderan. 2kali di cancel padahal saya pakai yg tercepat. dan saya pesan juga gak cuma2 pasti saya kasih fee. kecewa,3
terlalu lambat...udah 2jam pesan makanan belum juga datang.......,1
"barusan beli gojek plus, tapi malah gak dapat driver, NUNGGU 2 JAM, SAMPE 2 KALI ORDER GAK DAPAT DRIVER, gajelas bgt fitur driver pilih2 orderan, padahal mau makan udah pake gopay jg, aneh bgt",1
Saya mau daftar jadi Driver gojek tapi nggak tau caranya. saya berdomisili di Pekan baru,5
susah driver,1
aplikasi gak jelas kuota internet ada sinyal bagus tapi malah gak bisa masuk ke beranda,1
bertahun tahun menggunakan gojek tapi dikecewakan dengan gofood hampir satu jam ga dpt driver padahal bayar mahal dan pilih prioritas/ekspres bukan ongkir reguler. KECEWA..,1
"tolong la, kalau cari driver itu yanh dekat, ini dirver nya juga ga jelas muter2",1
"baru pertama kali gua diginiin padahal pakai aplikasi ini sudah beberapa tahun. gua pesen gocar di spbu shell dket mall alam sutera di cancel 7x, trus pesen gojek ga ada yg pick up sama sekali. cukup kecewa sih dengan layanannya ini",1
tolong jangan adain cancel buat driver..bikin susah pelanggan.masa di lokasi terdekat ada 5 driver ga ada yg nyahut..juga ongkos hemat hapus aja.males denger driver ngeluh.trims,2
"lama banget nyari pengemudi nya, ga dapet dapet padahal saya di wilayah bandung yang ramai banget penduduknya, 👎🏻",1
"skrg susah bgt dpt driver .. pdhal dititik apk bnyk driver dn yg kedua hr ini pesen gofood ga dpt driver dicancel juga ga bs .. disrh nggu sejam baru bs di cancel , kepusat bantuan juga sama aja ga mmbantu sm skli .. sdgkn mau chat restonya juga ga bisa .. mmg agak lain skrg gojek nie .. malas bgt pke apk ini lagi",1
Masih masalah yang sama: gofoodnya susah di saat malam hari terutama setelah hujan. Terlalu sibuk? Kurang banyak gojeknya. Tambahkan personal atau entah gimana caranya biar gak php pelanggan. Masa cuma bisa nyari makan pagi-sore aja? Apalagi bentar lagi ramadhan. Hoki-hokian banget.,2
gofood nya lama suka delay,1
"harga sering berubah tiba-tiba, awalnya murah, setelah 5 menit kemudian harga narik 5-10rb. dan juga claim 15rb gratis voucher karena telat datangnya nggak bisa. aplikasi sering scam kayak pemerintah",1
"sering di cancel sama driver gocar, kadang udah Nerima orderan tapi gak sampai² tujuan sampai nunggu nya lama, pas ditanya malah dicancel, minimal sih ada kepastian ya tolong dong gojek dibenerin lgi, udh berkali² dicancel trs",2
MASIH BANYAK DRIVER YANG TIDAK ADA DD NYA DI BELAKANG,1
masih banyak driver yang tidak ada DD nya di belakang.,1
ad apa ni gojek kok lemot bgt cari driver,2
GO-JEK naik,5
menunggu driver sangat lama saya sudah menunggu selama 2 jam lebih dan tidak ada yang datang,1
"naik gojek motor aman dan nyaman driver ramah,sehat2 y pak driver",5
ok,5
"gofood kenapa bermasalah banget.. klo emang susah nyari driver, setelah 10 menit tolong kasih opsi cancel pesanan, masa customer disuruh nunggu SEJAM untuk dapat driver, klo ga dapat baru bisa di cancel. SEJAM NGAPAIN? udah kejadian dua kali, benci banget. tolong evaluasinya mengingat gofood dipakai banyak orang",3
sangat puaasss,5
mantapp👍👍,5
membantu,5
walau hujan tetap tanggung jawab utk mengantarnya,5
sangat mudah d gunakan ketika mager kemana2,4
aman,4
"Lagi Hujan payah nya mencari driver, sampe sejam nunggu. bahkan udah dpt driver malah minta cancel!",1
ok banget,5
Bagus,5
saya sangat berhargai dengan aplikasi gojek ini bisa mau punya tujuan lainnya apa yang saya mau lakukan baik dengan benar saya akan memberi nilai 5 ini untuk aplikasi gojek satu ini demikian saya sering pakai gunakan aplikasi ini bisa bebas ongkir dan ada promo murah ini saya sangat senang karena baru kali ini saya tidak menyesal dengan gunakan aplikasi gojek ini tidak akan pernah terjadi lagi jadi saya menghormati kepada aplikasi ini saya akan mengatakan sekian terima kasih untuk aplikasi ini.,5
mantaaab,5
sangat memuaskan,5
ok,4
"driver nya baik,ramah 👍👍⭐⭐⭐⭐⭐",5
coba dlu appsnya nnti bintangnya ak tmbhin,5
tepat waktu dalam penjemputan penumpang,5
mantap,5
makin kesini makin ngaco .,1
boleh juga,4
cepat aman & amanah,5
bagus,4
"sejak kapan saya berlangganan gojek plus, transaksi otomatis tanpa sepengetahuan pengguna saldo langsung berkurang minimal ada persetujuan dulu atau konfirmasi transaksi",1
saya tidak sengaja memesan tapi tidak bisa dibatalkan padahal tidak butuh,1
puas,5
program hemat sungguh menyengsarakan driver mauoun customer,1
"Aplikasi sering menutup sendiri, Payah !!! sebagai driver bukan di kasih kesejahteraan malah di kasih aplikasi error terus, Saya akan perbaiki jika sudah di perbaiki. saya gojek driver jakarta, tapi orderannya selalu ke bekasi, bekasi yang sering banjir pula saya di arahkan orderannya.",3
mantap,5
"tiba² dapet spam chat suruh bayar utang padahal gaada minjem, i mean ini apk gojek loh? ini data sy bocor apa gimana ya? jujur spam chat nya ganggu.",3
tepat waktu,5
setiap mesan gofood gadapat ojek,1
"aneh, akhir"" ini setiap top up selalu berkurang seribu. gw barusan top up 100k tapi yang masuk malah 99k",2
bagus sekali,5
"csnya cepat menanggapi dan nyelesain masalah, tysm gojek",5
bagus,5
bagus,5
kenapa skrang susah dapa driver sih baik buat gofood atau buat pergi,3
sangat bagus,5
nice,5
baik,5
"makin kesini makan buruk ini aplikasi udah ketinggalan jauh sama kompetitor nya! alamat tujuan udah sedetail mungkin aja masih ga kebaca sama ini aplikasi, mending pake aplikasi gojek sebelah jauh kemana mana soal kualitas",1
mantap,5
"customer ad rating dri driver, stop gunain fitur itu saya jg ada bca kmen org di apk sebelah ad driver jg sngja ksih rating rendah krn driver sring dikasih tip dari customer jadi biar driver itu lagi aj yg ambil. enk jg kalo drivernya jujur ini kbnykan yang bohong, ini juga tiba tiba saya dicancel sama driver, mau driver sekarang apa, tolong di perbaikin lagi deh. sama pas hujan jg giliran pke hemat ga ada yg ambil, giliran tnp hemat eh cpt banget di ambil, dan driver jg ga ad bwa jas ujan 1 lg.",1
ssmakin terdepan,4
jelek. tolong dong diedukasi kembali drivernya. klo emang gamau ambil penumpang yg hemat jangan diambil. merugikan penumpang klo gini. klo emang begitu caranya mending gausah ada hemat. orang pilih hemat buat yg jarak dekat salah kah?,1
mantap,5
asik,5
"apk gag jelasss sih !!! pesen gofud udh nunggu hampir sejam , tiba2 dibatalkan dari apk katanya pesanan terlalu ramai , udh langsung balik ke tampilan awal , pas udh diulang pesanannya tiba2 dpt tlp dari driver nanyain rumah pesenan udh dtg , giliran pesanan yg baru mau dicancle gag bisa udh menghubungi pusat bantuan ...",1
aman terpercaya,5
tepat waktu dan mudah pesanya,5
ada susahnya ada bagusnya,5
"kalau pesan go car prioritas selalu datangnya lama, lbh dr 10 menit, pdhl sudah pesan prioritas, dan selalu tercantum di mapsnya kurnag dr 5 menit, namun kemudian mobil tidak datang2, dan maps berubah jd diatas 10 menit. Pengemudi susah di tlf. Lalu apa bedanya layanan prioritas dengan yg biasa? komplen ke cust service pun susah",1
mantap pokoknya,5
keren,5
Pesen instan malah dikirimnya sameday ditumpuk ama pesenan laen.. kocak nih aplikasi. pesen instan biar cepet !! jangan sameday pake gimmick instan !!!,1
"Sekarang gojek mahal. Apalagi gofood, ongkir mahal padahal jarak kurang dari 1 km. Biaya ongkir+penanganan lebih mahal dari harga makanannya. Harga makanannya pun lebih mahal daripada grab dan shopee, padahal di resto yg sama. Diskonnya jg minim, jarang, dan cuma berlaku utk pembayaran pakai kartu kredit tertentu aja. Potongan komisi ke driver dan resto kelewat besar. Kasihan driver dan UMKM nya. Aplikasi karys anak bangsa yg ngisep darah dan keringat mitra sesama anak bangsanya.",3
"awalnya dapat yg murah tapi drivernya pada belagu dan nolak saya sampai saya nunggu lama sekali, intinya kalau mau cepat diantar harus pilih harga mahal, jadi kalau mau hemat jangan pakai gojek",1
gada perlindungan dan jaminan untuk customer,1
aplikasi tolol pekerja nya pada males di order ga ada yang mau ambil sekali nya ada di cancel so kaya cuih,1
mantap,5
baik,5
oke banget,5
"semua ok,semua jadi mudah",5
"2026 sekarang sudah lebih baik, jadi ku update lagi.",4
sangat membantu,5
aplikasi lemot,1
aku suka bgt mana sring bgt dpt diskon di gofood. gw yg sbgai anak kost trbntu bgt🥰🙏,5
oke aja dah,5
masukin kode otp di nomer baru aja gk bisa.. sehat,1
sangat membantu.. terima kasih,5
mantep...,5
"untuk pihak manajement gojek dan terkait, tolong drivernya di suruh mandi dulu baru ngojek, karena tiap pesan gojek rata2 saya gak kuat nahan bau badan drivernya, bau apek sekali.. mana suka merokok lagi saat dalam perjalanan.. jadi asap rokoknyo itu sangat menggangu bagi kita penumpang",5
bagus,5
"tiap mau magrib pasti susah boking goride hemat, sangat mengecewakan",1
Ok,5
nice,5
"Min kalo bisa ngak usah ada paket hemat la, driver bike lu kayak ngak ikhlas nganter nya ngeluh mulu, nyampe berasa dihina gua",2
bagus membantu,5
"ini aneh gopay pinjam, ga masuk akal, sudah terlunasi tapi ancaman tetap berlanjut, parah !",1
"memudahkan yg mlz keluar BS d gojek gofood ajh layanan cepat, pengiriman jg cepat🙏",5
"driver banyak pake fake GPS(tuyul) kendaraan tidak sesuai aplikasi, dekat rumah banyak driver tapi malah yg jauh dapatnya, parah bgt nih aplikasi. kecewa download aplikasi ini,,,",1
"mantap ini apk, misalnya lagi mager tapi ada duit jadi gausah gerak",5
sangat berguna,5
kenapa tiba tiba ada pesenan ga food?? aaneh banget,1
lancar,5
anakku top up robux seharga 90 ribu pake gopay jadi 99.900 giiilaaaakkkk....,1
good service,5
bagus,5
gak bisa pakai shoope pay atau dana atau ovo,1
memudahkan beli makan disaat terkendala transportasi,5
bnyk diskon,5
lemot 👎,1
sangat baik dan nyaman,5
"terimakasih banyak gojek yang senantiasa menemani saya dari kuliah, hingga bekerja. Membantu saya pergi kemana mana bahkan sebelum saya punya kendaraan sendiri, membantu saya cari makan di saat sy lelah utk keluar, sahur, dan membelikan obat saat sy tidak kuat berjalan, serta membelikan buah tangan utk dikirimkan kpd kerabat. semoga gojek semakin sejahtera dari pimpinan s/d pelaksana lapangan, aamiin",5
ok ok ajassih sejauh ini GK ada masalh,5
"kenapa saya tidak bisa melakukan metode pembayaran gopaylater,pas mau chekout pembelian di aplikasi Tokopedia, untuk pembelian angsuran cicilan bulanan di Tokopedia.",2
Sagat senang,5
dengan adanya gojek perjalanan saya jadi santay,5
kalo lama gak dapat gojeknya pastinya gak bisa pesan,1
"tepat cepat ramah aman, sukses gojek",5
"tadi saya sempat pesen go car, pesanannya muncul, tetapi di driver tidak. jadi saya harus menunggu lama.",1
nice,5
eror,3
gojek mantapp,5
"KOCAK.... GOCATSNYA KADANG GAK BISA DIAKSES, CUMA LOADING DOANG. MENDING NGGAK USAH BIKIN DARI PADA BANYAK BUGNYA. APLIKASI AMATIR SOK-SOK'AN BIKIN PERMAINAN.",1
aplikasi nya Lama suruh driver lagian driver nya gak ramah,1
maaf. layanan pengaduan di aplikasi tidak tersedia karna ada kendala/perbaikan. jadi saya buat di sini aja.. mitra dari gojek mengamuk dan membanting helm saat di suruh membuka helm untuk masuk ke instansi kami. namun driver tersebut marah2 dan tidak mau mengikuti peraturan yg ada di sini. maaf driver arogan seperti itu apakah bisa diberi sedikit teguran soal sopan dan santun. etika dalam bertamu tidak ada. padahal kami menyambut dengan ramah. plat motor BM 5149 ABO. PEKANBARU.,1
Aplikasi gojek utk semua layanan sie bagus..tp cb tolong utk layanan GOMART selalu sering salah item barang yg dibeli..kasian drivernya harus bolak balik tukerin item yg salah gara2 karyawan gomart/alfamart..cb klw drivernya gk mau tanggung jawab yg rugi kan customernya,1
pesan go food lama sekali prosesnya. ujung2nya dicancel sepihak. aplikasi tidak menyediakan fitur cancel,1
"Gofood menunggunya sampai 1 jam lebih, di kota kecil....",2
"eh gojek, tolong langsung di update ya!! gua lagi nyari gambar buat kirim ke driver tapi malah gambar lain yang ke kirim, tolong lah klo lagi milih gambar biar bisa di ceklis dulu atau ada confirm buat make sure gambar ga salah!!! lah ini sekali pencet langsung ke kirim, klo salah pencet lagi scrol ke kirim foto lain!!! tolong di updateeee",1
manstappp,5
"Terdapat di media sosial yang memperlihatkan kalau masih banyak para driver goride itu melanggar aturan lalu lintas, seperti melawan arah, naik ke trotoar, dan bahkan merokok saat berkendara. Aku menyarankan untuk memberi hukuman bagi pelanggar mungkin dengan membekukan akun selama 1 atau 2 hari. Melaporkan si driver mungkin dengan cara si customer atau bahkan warga setempat yang melihat bisa memberi laporan ke cs atau pihak yang menangani, tentunya dengan foto berisi no plat dan pelanggarannya.",2
"udh 2 kali nunggu driver gofod 1 jam ga dpt2, ga bisa di batalin, harus nunggu batalin sendiri",1
enak dan nyaman,5
terpercaya,5
"estimasi waktu antar gofood klo bisa di kurangin, masa iya udah pakai express jarak cuma dekat estimasi 30-40 menit. keburu pingsan karna lapar.",1
mantap gojek semangat,5
Sudah 5 kali cari driver susah. Padahal ada beberapa yang dekat,1
"aplikasi ojol yang masih bisa di pake dan stabil dengan hp yang kapasitas ram nya 2 gb ,mantap pokonya gojek 👍,,,kalo bisa ukurannya di turunin dan di bikin simple aja biar makin lancar buat pengguna hp berkapasitas kecil",5
"mau pake prioritas atau gak sama AJA!! pake prioritas tuh biar cepet malah sering bgt dapet driver LEMOT merasa rugi banget. tolong di training lagi driver nya, pesen makan dari jam 7 sampe jam 9 lebih baru dateng, makanan saya udah dingin, kira² masih ada selera makan apa ga kalo gtu? ya jelas nggak! rugi waktu, rugi duit!",2
"Nyari driver untuk pesanan makananku gak becus, makanan udah siap, tapi sudah 1 jam masih belum diambil. Katanya ada kendala dalam pencarian driver, namun gak bisa gitu dong. Memang uangku kembali, tapi waktu yang aku habiskan untuk menunggu tidak akan pernah kembali. Apalagi kompensasi hanya berupa voucher yang gak seberapa.",1
"gak suka, masa kalau driver sibuk harus nunggu sampe 1 jam nyari drivernya, terus gak bisa dibatalin akhirnya kelaparan nungguin makanan yg gak dtg dtg",2
Gak jelas makin parah lama nunggunya padahal driver banyak,1
lama banget dapet driver susah padahal di apk nya banyak yg Deket sekalinya dapet yang jauh,1
"bubarin aja, udh nunggu 1 jam tiba"" dibatalin",1
bagus,5
sangat memuaskan,5
oke,5
"aplikasi buruk, dicancel 2x, kalau ngga niat, jangan buka app",1
pelayanan nya cepat dan tidak.mengecewakan,5
saran untuk tim yang bersangkutan. dengan keluhan saya saat ini. dalam beberapa hari saya sering pakai gocar untuk ke RS. gila harganya gak ngotak tiap pesan 60rb di jarak 20km dri rumah saya ke Rumah Sakit. tolong di atur lagi. mungkin khusus untuk tujuan di rumah sakit harga di sesuaikan jam berapapun order entah pagi atau malam hari. dan drivernya juga jika kena promo sama sekali gk ada yang ambil hampir 1jam waktu ke buang karena gk ada yg menerima tarif promo dan promo itu hanya 1x.,2
jelek pelayanan,1
bgus,5
pengemudi sikapnya baik,5
"server sampah, penipu",1
"Makin kesini nyari driver makin susah, padahal dulu awal² gampang bgt",1
kecepatan oke,5
"akhir"" ini sulit buat dapet gojek tolong di perbaiki",3
"shopy food, klo dapat driver di daerah batam, 1 detik kita langsung dapat driver, aplikasi GO-JEK ongkir nya mahal dari shopy food, dapat driver susah, apa yg salah",1
"aplikasi nya banyak bug nih , jadi kalo pesan gofood kadang saya sama driver yang antar makanan gak bisa kirim foto saya nya gak ada tampilan nya padahal biasanya ada tapi sekarang selalu bug gak ada atau gak bisa telpon lebih parah nya jadinya saya kena dampak buruk nya dari driver nya tolong di benerin bug nya yah!!!",1
udah laganan tapi tarif/biyaya terlalu mahal beda Ama aplikasi sebelah mohon di turunkan tarif/biyaya agar tambah banyak pelanggan nya,1
"layanan ok siap sigap ,,, mohon laporan sayah tolong di perosesss makasih 🙏🙏🙏🙏",5
cari drivernya susah. giliran dapet malah di cancel.,1
Mana gojek pinjaman,5
"klo voucher gofood gak berlaku ditempat yg gak terdaftar ya udh, jgn dipersulit, tinggal dikasih tau aja gak ush dijadwal2lin segala",2
karna lama,4
oke,5
hati-hati buat semua yang ajukan gopay pinjam tahun 2026 kalau telat sehari bakal diteror kejam kata katanya luar biasa kejam mending jangan nanti kena mental lebih baik cari yang lainnya ataupun lebih baik jangan,1
"driver gada yg niat, gerimis dikitt pada off semua gada driver, telat kereta kan",1
"pelayanan baik, lebih ditingkatkan lagi 👍",5
"respon nya lambat, padahal udah pakek prioritas tetep gak dapet gojek",1
lama banget dapet drivernya. udah nunggu 30 menit gak dapet2,1
ok,5
mantap,5
"Cepat , aman & nyaman",5
sudah ga jelas aplikasi nya harga di aplikasi gini nanti kalau bayar kas lain harga.gopay lain harga.emang mau kalian apa mmg uang cash sama pakai gopay beda.hanya ingin memajukan aplikasi gopay kalian kami yg Kenak,1
"tolong aplikasi di perbaiki. alamat driver tdk sama dengan map kita.tlpn tdk bisa masuk, misscall tdk kedengeran.dari testimoni driver mareka banyak yng tdk mau narik krn macet. giliran narik, banyak ngeluh, kesal, krn macet. tlng kasih paham bawa kita sebagai penumpang juga susah klo macet, Ongkos naik dua kali lipat. juga capek, dan terlambat. klo bisa kebersihan helm lebih jaga. Kadang-kadang helm rusak luar dalam. hitam krn kotor dan basa.pokoknya makin buruk .",3
gojek memang memudahkan seglanya,5
"kenapa penjemputan kalau jauh,drivernya selalu ngomel.kalau tidak bisa atau tidak mau,di cancel saja",3
naik sekalip,5
sangat membantu memesan makanan dn mengirim kn paket.,5
ok,4
tak dapat driver teruss lama gua ke laparan 👎🏻,1
Drivernya baikk Double W in thee chatt fuuu🔥🔥🔥🔥,5
kalau pesen ojeg boleh ngga bayar nya kalau udah sampe ke tempat tujuan,4
JELEKK BANGETTT GAJELASSS PESEN SEENAK NYAA SEKARANG UDAH GA DAPET DAPET TOLONG DONG YAA SEKARANG JADI SEENAKNYAA,1
membantu sekali aplikasi ini,5
"gatau berapa kali pesen makanan diaplikasi ini tapi kualitas makanan nya jorok2 banget, udah komplain tapi gaakan tindakan apapun, udah lebih dari 3 kali kejadian dan uang hilang gitu aja tanpa ada tanggung jawab, hubungin cs juga gaada gunanya, mending pake aplikasi oren kalo pesen makanan karna mereka punya standar kebersihan untuk makanan yang dijual dan berani tanggung jawab kalo makanan tidak sesuai SOP",1
sukses trs suka dngn aplikasi ini,5
waktu penjemputan tepat ramah,5
"padahal udah lama pakai aplikasi ini , tapi semakin lama cari driver nya bahkan sampe set jam ga dapet driver , ongkos juga lebih mahal , ga rekomendasi lagi untuk yg biasa pakai setiap hari",2
"susah atur alamat, kadang ga ke save, eror, trs sinyal ga ada padahal udh pake wifi 5G, loading terus",1
smg berkah dan lancar,5
Bisa di andalkan aplikasi ini utk pengiriman paket instan. Pertahankan mitra bagus yg serius kerja.,5
instan pengiriman tp pas sampe jauh banget dari istimasi pengiriman.,3
iklannya mengganggu banget,1
layanan memuaskan,5
susah komunikasi dengan driver. ini baru update malah ga bisa tracking,1
"Fitur² baru BIKIN RIBET, balikin apa kek biasa kita udh nyaman",1
"gampang cari driver ny,..perjalanan pun jadi nyaman..",5
puassss,5
lemot,1
mantabb,5
Paling suka kalau antar antar dokumen Paling ramah Drivernya cepet sampainya Thanks Gosend,5
sangat baguss,5
kebijakan untuk konsumen kurang fair,2
"Paling kesel ketika pesan makanan, sudah nunggu lama tiba-tiba driver batalin pesanan begitu saja, dan ini sering terjadi, padahal makanan untuk anak2",1
susah kali driver macam mana ni,2
internet eror terus kocak ni apk org gue mke wifi eror mulu stres lu,1
bro dev UI nya jelek banget tombol cancel di umpetin kudu betbya geser ke bawah dan kadang masih nyangkut kudu bet ya cancel 2 kali. hadehh...,1
aplikasi sampah setiap hari update saya driver nih sistem kalian kenapa sih gak berubah kasihan penumpang mesan selalu dapat dirver jauh 5 kn SD 11km driver gak mau lah yang ada buang bensin bukan utung malah buntung Uda ongkosan kalian bikin oleh pihak kementerian transportasi terus ditambah potangan komisi 20% biaya potongan aplikasi biaya asuransi perjalanan yang keterima driver dikit lari bensin juga pendpatan aja buat sehari hari kurang belum pajak mobil service mobil,1
"semoga sering dapet discon potongan harga ,pakai terus tapi gak pernah dapar diskon potongan harga kaya orang-orang .",5
sangat baik,5
puaslahh,5
makin jengkelin SM drivernya. klo tarifnya murah Krn dpt potongan dapat armadax susah minta ampun. padal y lokasi dekat dgn dgn penjemputan,3
"Best, banyak diskon.",5
aplikasi pelit,1
yg bener aja beli makanan biaya lain2nya sampe 20.000 mau ngerampok hadehhhh,1
"saya pelanggan setia gojek, fitur aplikasinya semakin bagus, tapi tidak dengan pelayanan2 dari driver2nya. tidak sebagus pertama kali saya menggunakan gojek, makin lama pelayanan tidak sangat mengenakan, terutama driver dan unit yg digunakan kenyamanan pun sdh berkurang",1
dapet driver yg jauh jauh terus,1
"bagus, org orgnya sopan smha",5
KNP DARI TADI DRIVER GOJEK PADA CNCEL PESANAN YA??? PADAHAL UDAH MAU SAMPE... KLU MASALAH TELP TDK DI ANGKAT.. KNP GA HUB SAYA...???,4
bermanfaat,5
"Saya beli token genshin di gojek, tapi token reedem yang di berikan malah tidak valid! terus saya tidak berikan alternatif apapun! di jelaskan disuruh hubungi layanan yang memberikan kode reedem, tapi tidak di kasih tahu layanan yang memberikan kode reedem apa!! dan juga tidak ada cs dari layanan nya! saya sudah rugi 500 ribu! tidak di berikan bantuan apapun, saya butuh kode yang valid, tolong ini gimana?!",1
"UDAH 10 KALI PAKAI PENCARIAN PRIORITAS NGGAK DAPAT DAPAT , STRESS NIH APLIKASI , ALASANNYA SIH LAGI RAMAI , HALAH SETAN , BILANG AJA TEMPATNYA TERPENCIL , ALASAN BANGET LAGI RAMAI , MASA APLIKASI SEBESAR INI JANGKAUAN DRIVER NYA TERBATAS BANGET",1
sangat membantu,5
sangat membantu sekali,5
Driver gocar pd belagu² susah bgt nyari driver go car. Drivernya kadang² gak jeli baca noted. Di ksh noted gak dibaca. Nanti marah² nya sm costumer. driver go car nya minim attitude. kita bayar berasa kita yg numpang. sy lebih menghargai driver gojek ketimbang driver go car,1
kerennnnn,5
bagus untuk aplikasinya amanah,4
kelemahannya sekarang buka aplikasinya aja langsung dikasih iklan JuDOL. PARAH SI. Dlu ga pake iklan buka aplikasi,3
sejauh ini GK pernah kecewa pke gojek.☺️,5
mantap guys,5
sangat membantu,5
baik dan nyaman . trimakasih,5
Ok banget coba kembangkan bisa beli tiket busway dan transportasi lainnya. agak kecewa banyak orderan cancel driver ga profesional,4
"nunggu driver ga dteng"" alhasil telat .. sebelumnya naik gocar seenaknya orang gak masuk tol di kenai pembayaran tol 28rb driver juga seenaknya cancel"" kalo ga mau nyari duit gausah nyari duit ..merugikan",1
sukses pak,5
"supirnya ramah, mobilnya nyaman",5
mantap,5
baik dan mudah,5
nggak kayak dulu lagi udah males pakek fitur hemat gak ada yang mau ambil hapus aja fitur hematnya,1
sangat bagus untuk berpergian,5
Mantap,5
puas dengan layanannya,5
Drivernya banyak yg nolak saat orderan sudah masuk dengan cara diam dan tidak bergerak.,2
user fruendly,5
SANGAT MEMBANTU SAIAA HIHI,5
begitu dapat langsung berangkat 👍👍👍,5
mantap,5
saya mau buat laporan pengaduan kenapa server masih padat merayap terus sih?! tolong segera perbaiki.,1
sangat.memudahkan aktivitas,5
Oke,5
YANG BENER AJA AKU MASUK SEKOLAH JAM 6.30 MESEN GOJEK DARI JAM 6 GA DAPET DAPET SEKALINYA DAPET MALAH YANG JAUH!!!!! LOGIKANYA DIMANA? DISAMPING RUMAH SAYA JUGA ADA DRIVER GOJEKK SEBELLLLLL (aku pake gojek udah 2 thn lebih tapi makin kesini pelayanannya makin jelek),2
sangat bagus,5
mayoritas pelayanan driver nya memuaskan..,5
bagus dan oke,5
Bintang yg bicara 👍👍👍,5
"fitur gofood mohon di benahi, tiba tiba cancel sendiri, menurut resto alasan yg tertera di apk dibatalkan pelanggan, padahal customer tidak ada meng cancel, bahkan di pesan ulang pun tetap di cancel. apakah mau bikin pengguna pada kabur kah?",1
mantap,5
good,5
bagusss,5
good job,5
promo ga jelasss tiba2 ilanggg pdahal baru aja mau dipake . tambahkan pesanan ilang promo nyaaa apk stresss bagusan pake shope atau grabb,2
ok,5
"gojek ada masalah apa sih, saya pesan makanan sudah dari 1 jam yang lalu tapi belum dapat driver dan tidak dapat di batalkan jika waktu estimasi nya belum sampai, jadi saya harus nunggu kalian sendiri yang batalkan karena enggak bisa anterin pesanan saya,, dan saya harus menunggu minimal 1 jam..",1
tingkatkan lg agar lbh byk promo,5
sejauh ini terbalik dan ternyaman,5
Tarip nya ramah dikantong,5
sangat puas dengan pelayanannya,5
asik,5
Sangat membantu,5
tepat waktu promo terus,5
sangat membantu,5
goodjob,5
orang lain lgi maen game datang iklan ini iya kalo sebentar ini mah terus mnta do download ga bisa di stop sampai game di ulang dari awal . koplak ganggu ah.,2
sangat bantu,5
"SERING BANGET UDAH NUNGGU MAKANAN MALAH TIBA TIBA DI CANCEL, NUNGGUNYA 40 MENIT LOH YA!!!",1
"saya pesen gojek , setelah tau rute nya langsung di cancel dan pesanan saya juga pernah lama",1
"kecewa dikit sama goride nya, masa ya orang nya ga niat bgt.. motornya di apk ga ada tulisan nya pas dateng ternyata motor supra.. padahal saya pesan yang goride biasa bukan yg hemat.. terus orangnya ini ga pakai jaket gojek. ini bukan perkara jaket, tapi bapak ini tidak rapi dan menurut saya kurang 'bersihan'. tolong ya mimin gojek.. ini gimana solusinya buat orang' kyk gini.. ini juga demi kenyamanan yang lain.. TERIMAKASIHH",3
"makin menyusahkan. pencarian lama, kalau mau cepat tambah 5000 lagi. makin kesini apk ini makin gk jelas. sebenarnya ini untuk mempermudah atau gimna sih",1
"susah banget dapat driver semenjak ada hemat malah dapet driver jauh..padahal kita butuh waktu cepet kadang, mengecewakan sekali gojek makin lama ini. perbaiki dong tolong",5
ok punya,5
mantabllah gojek,5
lama mendapatkan driver,1
mantap,5
jossss,5
aplikasi tidak berguna dan tidak bermanfaat,1
payah di musim ujang kita di telantarkan perlu perbaikan sistim akan berdosa kalau ada pelangan IMERGENSI den pemotongan jasa driver sewenang2 sepihak terbaik kadang menjadi tidak bermanfaat bagi pelangan,3
buruk,1
ok termudahkan dlm perjalanan mndadak/ cuaca,5
"aplikasi kikir, di maps driver berjejer 12 driver tapi gak di acc sama sistem, dasar kikir, semoga kalian bangkrut, ini aku kasih bintang 5 biar orang bisa lihat komen ini dan segera menghapus gojek",5
"tolong pt goto Indonesia, program hemat di tiadakan,karena apa : 1.lokasi penjemputan terlalu jauh bisa sampai 3Km, belum drivernya mengantar sampai tujuan lokasi. 2. drivernya kesian curhat sama saya ada potongan 20rb setalah 10trip. 3.argonya sudah gojek potong by sistem dikenakan juga program yg 20rb setelah menyelesaikan 10orderan. 4.dimanakah letak hati nurani anda",1
tolong bisa ditambahkan pembayaran dengan qris,4
bagus cepat,5
sangat jelek saya tidak bisa menghapus akun saya,1
"ini sistemnya gmn yak? mentang mentang langganan tiap hari tapi tiap hari malah nambah sedikit sedikit mulai dr 500 - 1000 terus beberapa hari lg mambah lagi segitu sampe cukup mahal utk ukuran 1km harganya 21rb+ awalnya kirain mungkin lg rame atau macet lah eh ternyata di akun adik juga sama awalnya 18 lama lama naik 19 naik lg 20 naik lg 21 sampe terakhir jadi 22(waktu pulang sama)kusuruh dia donlot greb harganya 17, gelo emng semakin sering dipake kenapa jadi dimahalin dkit2 sopankah begitu",3
"tolol w susah dapat driver terus mana jauh"" sekalinya dapet.. aplikasi ga sebagus dulu .. uninstall sekeluarga",1
kenapa gak bisa login?,1
SUSAH BGT NYARI DRIVER!!!,1
"sangat memuaskan, tapi terkadang saat saya pesan dari servernya jadi pesen dua gojek, malah kedobelan yang katanya konekso saya jelek padahal koneksi saya lagi bagus bagusnya loh😔😔",4
"gak jelas bener, udah ngasih titik drop di jalan A malah di apk drivernya titik dropnya di Jalan C",2
pencarian driver nya gak jelas lama kali,1
muak,1
tambahin promonya 😬😬😬,5
sopir sangat melayani dengan baik dan ramah,5
"selamat malam gojek,,sy itu bingung padahal saya tidak pernah telat melakukan pembayaran angsuran gopay pinjam tapi kenapa setelah lunasi malah tidak bisa melakukan pinjaman LG di aplikasi tertulis bisa melakukan lagi tgl 14 April 2026,,tolong lah pihak gojek bisa lebih cermat melihat yg pembayaran angsuran benar dan tidak pernah telat semesti nya di prioritas kan,,mungkin itu saja dari saya semoga pihak gojek bisa lebih cermat melihat nya,, terimakasih",5
gue udah lama pake app ini tapi sekarang ini makin hari makin aneh. makin susah cari driver. sebelumnya skali cocol langsung nyangkut.,2
selalu tepat waktu.. perjalanan baik drivernya ramah,5
MAKIN LAMA MAKIN GOBLOG SISTEM DAN PELAYANAN. ORDER SUSAH BANGET..SEKALINYA DAPET SERING DI CANCEL...DAN JARAK DAPETNYA JAUH2 TERUS..MAKIN KESINI BUKAN MAKIN GAMPANG MALAH MAKIN TOLOL MAKIN SUSAH ORDER PAKE YG HEMAT !!!!!!!,1
"aga kecewa dengan masalah yang di alami, saya pesen 1 driver tetapi yang dateng 2 drive, karena pemesanan ganda, padahal saya tidak melakukan pemesanan 2 kali secara langsung karena pesanan yang awal belum menemuka driver maka saya close lalu mencari driver lain dengan harga tinggi agar bisa mendapatkan driver dengan cepat, tetapi knapa tiba² ada 2 driver yang menjemput saya, mohon perbaiki masalah ini karena saya mendapat informasi dari driver katanya masalah sperti ini sudah lama terjadi",2
ok,5
sangat membantu,5
terlalu lambat dan selalu minta update,1
"ga membantu sama skali , 2jam di cancel driver mulu",1
terlalu lama dapet orderan,1
"gatau kenapa skarang pencariannya makin lama entah pake yang mahal atau murah, pdhl sebelumnya pake yg murah pun twtep cepet pencariannya, yang bisa aku andelin biasanya apk gojek, klo gaada ini aku gabisa kemana², tolong diperbaiki..",1
"makin lama seenaknya aja udah ngambil pesanan nya jauh di tambah untuk pengantaran juga lumayan kasihan kalo kaya gitu driver nya ongkir nya ga sesuai dan ga masuk akal, kebanyakan driver ga mau ambil yang kaya gitu makannya kebanyakan cancel kalo orderan kaya gitu",1
"tutup saja bos.. cari driver sulit tarif mahal, pelayanan buruk.. ayo ramai-ramai pindah aplikasi pakai MAXIM",1
"kalo memang driver nya gak mau ambil orderan yang go hemat, promo itu meningan d cabut, sok jual mahal smua driver nya.. cabut ajh promo goride yg hemat.",1
sulit menemukan kendaraan,1
sekarang gojek lebih bagus,5
"driver banyak tapi gkk ada yg mau pick up, sering bgt kejadian kyk gini",1
Ini aplikasi isinya orang nggak guna semua. Nunggu 1 jam nggak ada driver. Kekurangan kah? Minta tolong diusahakan. 1 jam loh?!,1
"sudah bertahun-tahun aplikasi beroperasi mengatasi orderan blas tidak bisa mengatasinya, hanya memikirkan untung tanpa menghitung kerugian driver dan juga customer ,, PAYAAH",1
josss,5
suka bgd dari dulu langganan gojek 🤍🤍,5
puas pelayananya,5
Baguss cepat ramah tanggap,5
"untuk gocar waktu hujan tidak ada satu pun yang nyangkut, walaupun saya pesan yang prioritas, tolong untuk di perbaiki lebih baik lagi.",1
ok,5
fast,5
"biaya penanganan Gofood mahal sekali, beda banget sama sebelah",2
"kenapa sekarang banyak driver yg dekat dan sudah nyangkut ordernya tapi malah menjauh, yg lokasinya jauh minta di cancel, kalau gk di cancel saya gk tau driver bakal mau jalan apa engga. sedangkan driver tidak mau cancel. mau gk mau harus saya yg cancel. padahal udah lama bngt pake gojek, sekarang kayaknya pikir2 lagi deh. hari ini saya udah cancel 4 driver go car. dan saya bawa bayi. padahal sudah aktifkan gocar prioritas, dan terakhir tidak dapat driver. auto uninstall aplnya. kecewa bngt 😭",1
mantap!,5
sangat membantu....,5
klo hujan jaringan nya suka eror,5
"cari drivenya agak lama,,dan yg saya dapat tidak menyenangkan saat saya chat sama gojek nya",1
mantap,5
aplikasi merugikan saya dan driver kalu gak mau rugi gqk usah buka aplikasi hemat,1
aplikasi nya bagus,5
lama dpt driver nya,1
"Error terus tuh aplikasi, potongan doang gede pelayanan ampas",1
Tolong di hapuskan goride hematnya,1
"setiap mesen grabcar pasti dapatnya selalu yang diatas 10 menit, buat buru"" jadi gabisa, tolong dong sistem nya ngambil driver nya yang terdekat dengan customer.",1
driver nya ga jadi mulu padahal aku udah nunggu lama dan panas,2
mantap,5
"Gila harus nunggu satu jam buat dapet driver, kalau gak dapat baru bisa cancel. apk gak ada otak. nanti order tempat lain gak dapet driver lagi. Gak ngotak. Gofood gak ngotak.",1
mantap .. sangat membantu,5
aplikasi tolol driver nya udah sekaya apa sampe ga ada yang mau nerima pesanan?,1
1 jam gua nunggu tdk ad gojek nya aplikasi ******,1
saya harap gojek engak menyediakan lagi layanan gosend percuma pesanan juga engak ada yang mau ambil apalagi pas mau kirim barang / ambil barang padahal bayar tapi drivernya oemalas semua buat apa ada jasa gosend tapi gak guna,1
"order barang di shopee pakai jasa kurir sameday tggl 12 jam 12 siang lebih dikit, sampai tggl 13 siang bahkan sampai sore lagi belom dipick up, sudah tek tok kan sama penjual juga kurir gosendnya belom dateng² buat pickup sampe harus tlpn cs shopee.. semakin banyak driver semakin buruk pelayanannya, harusnya semakin bagus malah semakin buruk gojek ini..",1
bgus banget recomennded,1
bagus,5
kenapa tidak bisa mengirim pesan aplikasi selalu error aplikasi rusak,1
"Beberapa kali aplikasinya jelek sekali, dapet driver jarak jauh, posisi driver gak kelacak bener, nunggu 20 menit driver tidak bergerak. Kalau emang driver pada ogah ambil goride hemat yaudah hapus aja fiturnya.",1
gokil,5
"Tolong admin kalau nyarikan driver yg terdekat dgn pelanggan, sehingga tidak menunggu terlalu lama.",1
"App bagus banget, kalau bisa adakan promo besar²an supaya lebih hemat hehe, terimakasih",5
"bertambah lagi alasan hapus aplikasi gojek , selain titik jemput mental jauh dr peta ..gocar yg yg lebih sering terima order otomatis padahal ga jalan , nunggu kita cancel katanya biar performa dia ga turun ...go food yg nyari driver nya lama ...padahal gojek mahal Lo....tolong dong pakai IT yg lebih berkualitas..dan sombongnya driver gojek yg selalu cancel orderan dng alasan jrg di kasih tips..pdhl sebulan hampir 2 juta sy buat gojek aja ...pindah ke yg lebih menghargai Custumer ..by gojek...",1
"sudah menunggu pesanan sangat lama ujungnya malah tidak ada driver, dan dibatalkan sendiri oleh pihak gojek",1
"nunggu gosend 1 jam lebih padahal bukan yang hemat, pilih yang instan. keadaan lg urgent bngt padahal, nyebelin, gajelas. btw ga sekali dua kali kaya gini. tolong perbaiki sistemnya dong. merugikan customer.",1
burukkk gojek tolol mesen gosend aja sampe satu jam,1
JOSSS Jiiiiiiissss,5
👍👍👍,5
"pesen gocar udah 20 mnt ga dapet2 driver, diarahin ke gocar prioritas juga gaada bedanyaa. batalin trs oesen lagi makin mahal sampe 2 kali lipat, ttep pesen pun ga dapet2 drivernya. jelek bgt!",1
udh lama make ini apk mkin lamaa makin gk jelas bnyk driver yg semena mena ama pelanggany ...mending apk kuning sebelah dah dpt driver gk lama...driverny jg sopan2 gk seenakny ama cs,1
"Masih bintang 1 dengan ulasan berbeda. Maaf klo jahat tpi tolong bikinin menu spy kita customer bisa kasih bintang 1 ke driver yg suka Main Cancel sembarangan pesenan goride/gocar/gofood tanpa ada keterangan padahal kita customer udh nungguin lama. Merugikan dan Buang2 waktu bgt. Okelah yg langsung cancel begitu order masuk ke dia masih bisa ditolerir., TAPI YG CANCEL SETELAH KITA UDH NUNGGUIN LAMA TANPA ADA CHAT ATAU PEMBERITAHUAN ITU KETERLALUAN BGT. SERING BGT KEJADIAN!",1
siip,5
"sy gak kecewa,, 🙏",5
"bagus si sebenarnya, Cuman kalo pake yang hemat lama banget dapat drivernya,terus kadang saya pesen satu malah jadi dapat dua driver",4
"mau batalin orderan, selalu dijawab sama bot... cari no telp CS nya, ga ada yg aktif, ribet bgt ini aplikasi",1
good,5
"AC nya adem, mobil dlmnya bersih, sopir ramah.",5
penumpang otak tinggal setengah order hemat dapat driver jauh dicancel,1
"aman, anakku bisa sampe rumah.",5
ok banget,5
bagus,5
sangat baik palayanan,5
satset,5
mantap joss,5
driver gak mau cancel tapi gak jemput penumpang,1
nice app,5
jemput nya jauh,1
ada bbrp driver minta di lebihin argo ny..klau GK d lebihin GK d ambil orderan ny padahal susah mesen yg XL nd sesuai cm 6 orang,4
min auto invetasi emas kenapa tidan berfungsi....pdhl seblumnya bisa & ga ada masalah....apa sudah tidak bekerja sama dengan pluang investasi?,3
eror melulu..ITnya yg pinter dikit lah..,1
"ini saya hidup di kota besar di jawa timur, dan selalu berlangganan, tapi sudah 3 bulan ini selalu kecewa dengan pelayanan gojek, yg tiap harinya driver sulit dapat atau datang lebih lama saya tiap hari jadi telat, tolong perbaikan",1
GOOD,5
top,5
aplikasi lemot nyari driver selalu lama dijam sibuk,1
cari mobil susah amat.. pdhl penting bgt.,1
mantap,4
saya baru2 mo ke rs tp semua driver gocar menolak dan merespon padahal saya harus membawa anak saya sakit tolong ya buat driver gojek jgn suka pilih2 oder,1
Driver asik,5
dimudahkan segalanya dengan Go-Jek,5
Suka,5
bagus nyaman aman,5
gojek sekarang parah banget dah. udh tau orderan susah tp pilih2 orderan..,1
untuk driver gocar tidak proporsional sudah setengah jalan di cancel sudah 5 pesen 3 kali cancel waktu ingin menjemput,1
"mantap, gk ribet, efisien",5
"Driver apps ini sekarang kompakan pilih pilih customer. kalau rate hemat seperti sengaja ga ada yang mau pick up, sedangkan rate tinggi dipick up. so annoying. mending apps lain aja",1
harga aplikasi makin mahal,4
akurat dan menyesuaikan waktu,5
SAMPAHHHHH,1
"kenapa sekarang gojek sdh tidak memuaskan, pesen gored dapatnya yg jauh2, dan drivernya klo nyetir suka ngebut2 pdhl saya sdh negur tp tetep aja ngebut, outo uninstal dech, pokoknya beda sama aplikasi sebelah",1
sangat membatu,5
APLIKASI BABI. ORG MESEN LAMA BGTTTT. SEKALINYA DPT DRIVERNYA MALAH CANCEL. KADANG JUGA SUKA ERROR LG MSEN TB² ORDERAN MALAH NGILANG SEAKAN² AKAN DRIVERNYA YG CANCEL.. TERUS MAKSA KE BOOKING TERCEPAT DENGAN HARGA YG GA NALAR,1
"maaf banget yaa gojek sekarang susah banget dapet orderan ditambah dicancel mulu sama driver, bisa sampe 4 , 5 kali padahal jarak tujuan gk sampe 1 km, kecewa parah",1
bikin apk yg bener lah aku lagi kepepet waktu malah dapetnya yang jauh jauh bolak balik ke gtu trus,1
"saya suka sama gojek, yang gak suka kenapa pesen 15 driver ke cancel otomatis buang waktu orang mesen jadi telat kemana mana. harus nya tuh jangan gitu, bikin kecewa pelanggan. ga biasa nya ni begini, dapet ya dijemput. udh dpt, nunggu tbtb cancel kurang ajar nmy. buang waktu org .",3
apk tolol,1
apalah ini aplikasi katanya pelayanan cepet tapi saya pesen driver gk ada yg mau jadi lama nunggunya saya jadi selalu telat sekolah 👎👎👎👎,1
tolol gua mau beli paketan eror muluk ini,1
"males bgt sm mas' driver yang nyetir smbil ngerokok, udah hari panas trs asap rokok tu kna muka bayangin coba? uda dibilangin tp msi ngerokok, trs juga kenapasi stiap pagi itu susah bgt dpt drivernya? ktnya bs nganter kmna aja ini jam 7 aja gaada samsek",2
"kecewa banget, udah beberapa kali order di kasi driver nya yang jauh, mending dia jemput dari titik tujuan gua, ini kalah lebih jauh dari titik tujuan gua. pertama gw kasian sama driver nya, kedua buang buang waktu gua. tolong logika pencarian driver nya benerin!",1
aplikasi lu benerin ngapa ditulisan nya 2 menit pas buka lagi gojek nya jadi 11 menit aneh aneh nyusahin orang mau Sekolah,1
makin kesini pesanan ga ada yang mau ambil dengan alasan ramai untuk menaikan harga.lama2 banyak yg pindaklh ke apk sebelah,1
lemot ga bisa diandalkan,1
"driver gojek udah pada kaya semua, jd gk ada yg mau terima order goride🤣 klo kita batalin booking krn driver jauh 2km dari kita, kitalh kena biaya.. kweren sih🤣",1
"driver driver pemula ko bisa lolos jdi driver gojek? hdehh serba telat rute ga sesuai muter' doang , uda mana dapet driver nya lama susah pas dapet malah kaga jelas hdehh",1
lama dpt driver,1
"nyari drivernya lama banget, udah dapet malah jauh banget, bikin telat dan lama buat berpergian kalau buru buru. aplikasi jelek, map nya juga sering error",1
"gila ni apk , gw sekolah biasanya cuma bayar 18.500 ngapa tiba² jadi 25.000? naik drastis kaya inflasi, mana gw mesen ga hujan tiba² naik segitu. benerin dulu lah",1
membantu s3kali,5
"pengemudi sudah Deket malah minta di batalin,",5
"sejauh ini sudah bagus, terus tingkatkan kualitas driver-driver nya, untuk keperluan perjalanan yg praktis. tks",5
responsif,5
sekarang suka lama kalo cari go ride,2
puas banget,5
tolong dikaji ulang buat pripasi no pelanggan buat gosen jadi susah hubungi customer tks,4
Driver pada belagu ga mau pick up penumpang klo udah sore,5
terlalu lama mencari driver,1
"mantap..ingin pesan makanan,kendaraan,kbutuhan pokok dan juga mau kirim barangpun ada diaplikasi ini👍👍👍",5
oke,5
"Pesan gofood lama banget, tiba2 cancel karena entah alasan apa (tdk ada keterangan). Nunggu hampir sejam, buang2 waktu. Trus gaada kompensasi sama sekali!? Aneh",1
"Driver yg gak mau ambil pesanan, tapi gak mau cancel orderan, mending suspend aja. Sudah nunggu lama, driver gak dateng2 malah lokasi makin jauh, dihubungi juga gak bisa.",1
saya hanya menghimbau saja.khususnya di wilayah pati jawa tengah.itu kebanyakan kalau order sangat sulit&asal kalian tau aplikator driver kalian itu doble job.mereka kebanyakan lebih sering memakai aplikasi kompetitor kalian grab.saya pernah order go ride.dapet driver malah saya di suruh nunggu karena driver masih menjalankan grab foodnya.dalam hati saya kurang ajar sekali driver kalian.,1
"parah banget nunggu satu jam setengah masih ga dapet driver. mau dibatalin juga harus nunggu selama itu. mau order ulang keburu tutup restonya. jelek bangettt, harusnya kalo emang gaada driver yang tersedia ya bilang aja biar ga usah nunggu selama itu",1
Layanan baik,5
"kalo gak sesuai dengan tarif nya ... driver jangan milih"" argo ... kita gak pernah tau pemesanan sedang dalam keadaan urgent atau engga nya. hal sepele ko di persulit driver sekarang aneh",1
"tolong kalau tidak ada driver dalam waktu +15 menit bisa dibatalin, saya lagi lapar berharap makanan cepet sampai eh malah lama banget",1
"saya rasa sudah bagus yaa hanya saja, kalau emang di paket hemat ini driver gaada yang ambil mending gausah dibuat aja sekalian, daripada berharap dan udah nunggu juga, terimakasih",1
membantu saya jika motor sedang rusak,5
bisa diandalkan,5
"driver udah deket rumah mau antar makan udah nunggu lama pas driver udah dekat malah, swift delivery gak ngotak, disuruhnunggu tambahan 26 menit, padahalsudah milih express gara gara ini saya putuskan pindah ke GRAB sorry",1
"Setiap pesan goride selalu aja dapat driver yang jauh2 bisa di atas 2km posisinya padahal situasi normal, Yang paling gw menjerit pas pesan Gofood, gw bayar Rp. 21.000 (pengiriman) tapi pas lihat di driver cuma dikasih Rp. 6.000. Kejam loe jek lebih2 dari rentenir/lintah darah dah nipu CS dengan biaya mahal.",1
baik,5
coba dong gojek benerin coba driver pada manja bgt ujan dikit aja males ngambil orderan ...gw yg mesen gofood aja lama bgt ga dapet2 driver udah 1jam .....tolong lah kalo driver kalian gamau ngambil orderan mending pindah aplikasi grab ...klo grab driver slalu gampang dapet mau ujan pun slalu tepat 😡🤬,2
"TOLONG KALO BIKIN PROMO HEMAT JANGAN BIKIN SENGSARA PENGGUNA DAPET DRIVER JAUH2, KALO MAU BALIKIN KE SISTEM AWAL BUAT DRIVER NYA KASIHAN UDEH BAYAR 20RB KE AUTOBID AUTOMATIS..!!! TOLONG HAPUS HEMAT NYA BALIKIN SISTEM DULU KASIHAN PENGGUNA DAN DRIVER2 NYA GK BISA SORTIR",1
APLIKASI GA JELAS LAMA BNGET DATENGNYA KOCAK,1
senang,5
"karyawan lu suruh tidur aj, order gojek lama bgt gda yg ambil orderan",1
susah cari driverny dan kelamaan,1
bagus,5
Pesan GO-JEK Di batalin mulu. parah cukupla bintang 1,1
kalau hujan suka error sih jelek banget,2
"APLIKASI GAK GUNA TIAP CARI DRIVER GAK PERNAH NEMU. ATAU EMANG DRIVER NYA PADA MALES. TIBA"" BATAL IN TERUS",1
tidak worth it udh nunggu 1 jam lebih ternyata blm dpt driver mana udah nungguin mending shopefood aja,1
"kebanyakan driver nolak order,buat apa di Adain go hemat kalo jarang ada yang ngambil.tolong dong untuk meneger di perbaiki lagi",1
kalo hujan susah dapet driver,4
harga hemat murah banyak promo diskon,5
aplikasi terburuk,1
"paling gasuka saat waktu hujan, kenapa sih kok susah amat, padahal juga sudah pilih prioritas harga tertinggi, masih aja gaada yang nyantol...",1
mantab,5
"pesen gofood kurang lebih udh satu setengah jam, gaada jalan keluar nya karna ga bisa di cancel dan ga dapet-dapet driver. kapok deh",1
"pesan gored hemat driver pada jauh semua , kerja telat gara gara sistemnya gojek seperti ini ,udh seminggu seperti ini ,mengecewakan castamer, lebih baik uninstall pindah aplikasi Maxim ,kata kata balasannya sama seperti itu , apakah yg bales mesin ? ,gojek gojek andai anda berada di lapangan pesan gojek , rasanya pasti tau",1
"susah dapet drive pas gofood, lama",1
ini kenapa si setiap saya pesen ojek selalu aja cari lokasi jemput nya lama banget!!!,1
gojek dulu ah...,5
"ini drivernya udh berkurang apa gimana ya? pesen makan susah bngt dpt driver, nunggu sambil kelaperan kek mau pingsan",4
mengapa saya mesan gofood selalu tidak dapat driver,3
good,5
"sangat membantu dan sukses terus untuk gojek ,,apalagi driver nya sangat ramah,,tandain driver..(CHAIRDIANSAH,,BK 4463 AFK,,)",5
"pertama kalinya kasih rating app walau udah lamaaaaa pake, udah terlalu banyak problem si, mulai dari ganti armada tanpa pemberitahuan, ngiklan di aplikasi lain yg terkesan maksa dgn sistem ngelink nya, dan yg parah tarif nih, bener si waktu ujan, tapi sampe naik 3x lipat dari harga normal, getok harga sekali udah kaya pasar tradisional yg mo kehilangan pelanggan,,, hadeh",1
100 nilainya,5
"jelek banget setiap pesen makanan selalu di batalin padahal lagi laper"" nya mana nunggu nya 2 jam lebih",1
Pelanggan diperas melalui tambahan biaya ini dan itu. Mitra pengemudi pun diperas melalui potongan 20% dan langganan ini itu (Langganan Gacor). Mitra Penjual pun dikasih potongan ini itu. Aplikator sekelas GOJEK Indonesia tuh udah mau bangkrut kah sampe sebeginnya banget meres Kanan Kiri?,1
Lumayan,4
Banyak diskon,5
"Kalo pilihan goride hemat sering di hindarin para driver, sama aja menyusahkan customer, toh saya juga bukan pengguna baru di aplikasi ini",2
good,5
tolong respon nya di tingkatkan lagi karna saya sering di tolak driver hanya krna tempat yang di tuju rawan macet,5
"Aplikasi ini bagus sih ya, dapet driver nya lumayan cepet, tapi kalo ku saran tambahin metode pembayaran nya sih terutama (Qris) buat memudahkan pembayaran dan praktis buat orang yang jarang megang cash",5
"2x dibatalkan dr gojek,",4
keren banget dah layanan gofoodnya cuma beda 1 menit tapi harganya langsung naik 2k untuk ongkirnya dan pas ditunggu satu menit lagi naik lagi 2k,1
ok,5
aplikasi ojek online terlengkap utk pesan dan antar jemput . kalau bisa promo nya lebih banyak dan gede,5
"TAMBAHIN DRIVERNYA, 1 JAM GA DAPET DRIVER NUNGGU MAKANAN SAMPE KELAPARAN, APALAH MASIH BETTER SISTEM MAXIM DAN ACI, BUAT KALIAN YANG MAU ORDER FOOD JANGAN LEWAT GOJEK, SISTEM BANYAK TINGKAH PADAHAL DRIVER YANG ON BANYAK TP GATAU FUNGSINYA DIULUR2 SAMPE 1 JAM BIAR APA COBA",1
"kenapa dah ini gojek pesen driver aja sampe setengah jam baru dapet, perasaan dulu gak lama gini!",1
sangat membantu. pas lapar ada gofood pas mo pergi ada go car,5
semua jadi lancar,5
mantap,5
Sangat membantu,5
good,5
mantap lah,5
terima kasih,1
selalu utamakan pelayanan super hebat maju terus,5
saat musim hujan pasti tidak akan dapat driver untuk mengantar,1
ok,5
"kenapa ya skrg gocar tuh aneh banget, cari driver ga dapet2 padahal ga lagi hujan atau rush hour. nanti keluar app coba cari lagi tau2 harganya naik bisa 3x lipat. yang bener aja masa jarak 2 km an tarif >50rb",3
di pusat kota tp driver nya susah,2
batal jalan2 terus gara2 nggak ada yang mau Terima kikir,1
"udah nyari driver lama, sekali dapet di tolak mulu, driver gojek pada sok gaya, dikasih rezeki malah nolak Mulu. udh mah lokasi deket tarifnya mahal. bintang 1",1
"Tolong untuk pihak resto juga driver khususnya go food , sudah resto nya lama sekali belum gojek nya nyambi orderan aplikasi lain padahal itu dekat dari pemesan hanya berjarak kurang dari 700 meter tapi sampai di saya 2 jam an . tolong tegur resto juga driver yg tidak amanah seperti ini belum lagi tidak bisa kita pantau di aplikasi sengaja di nonaktifkan lokasi berada",1
sangat cepat dan ok,5
"tolong di edukasi lgi dong drivernya, banyak icon driver yang deket tpi saya ga dapet2 drivernya bahkan lagi buru2 ! sekalinya dapet malah jauh bgt jaraknya! kocak ga aplikasi ga driver sama2 lawak",1
mantap,5
Kalau order Goride pagi2 banyak drama dengan driver karena jauh banget jemputna.,1
susah banget nyari driver nya,1
kenapa draifer gojek pada blagu sekrng dapat ongkir dikit gk mau ngambil,1
driver nya ga ramah + suka dapet driver yang jauh sehingga pesanan di batal kan,1
BIASANYA BAGUS . INI MAU DAPAT DRIVER AJA LAMA X. DH DPT AJA BS MAIN CANCEL..KASIH PERINGATAN KE DRIVER DONG,1
aplikasinya mantaap,5
apk bodoh driver nya juga bodoh hadeh cape cape nunggu di cancel tlol,1
jujurr kalo lagi butuh butuh nya driver malah gak dapet dapett 😔,1
lumaya,4
mantab,5
"drivernya gajelas, saya pake gojek, awalnya aman aman aja dan bodo amat kl driver cuek, tapi makin kesini jadi sering nemu driver yg ga ramah, masa dia yang salah alamat jemput, tbtb di call pake nada tinggi, gajelas bngt marah marah, ya mana saya tau, orang bapak yg salah jalan kok saya yg di omelin,udh di arahin tetep aj,mn pas saya blng cancel aja si bapa nya songong bngt di call, pls saya bayar loh? DAN BUKAN PAKE YG GOJEK HEMAT! gojek benerin maps nya,biar driver nya ga marah ke saya aneh",1
"tolong pelayanan ke konsumenya di perbaiki, setiap kali pesan yg hemat2 lama nya minta ampun apa lagi kalo pesan goride hemat, kadang banyak yg gak mau ambil Karena kejauhan , katanya para driver kalo ambil goride hemat harus bayar ke gojeknya",2
woy terulqng lagi lapotan top up masuk saldo masih kosong udah 1 hari sistem boot semua,1
intinya jelek.,1
error mulu aplikasi jelek,1
"bagusss bangetttt yaaaa, dan bagus banget untuk beli makanan/snack snack gitu lhooo",5
Butuh cepat tapi di kasih yang jauh jauh. Harus nunggu 10 menit,2
"tolong ini tombol ketika memesan driver itu harus ada tambahan seperti persetujuan untuk memesan driver, jangan hanya sekali klik saja sudah memesan driver",1
Alhamdulillah baik,5
ok,5
mantap poll,5
hebat,5
bagusss,5
Bagus bgtttt dan sangat membantu,5
Nice app,5
simple dan terbantu,5
ok terimakasih,5
membantu di saat kepepet 😁,4
"CS anda gk solutif, protes gofood datang terlalu lama malah end chat begitu saja. saya pesan makanan, pilih ekspress 2x dibatalkan gitu aja 5 menit sebelum mendapatkan ganti rugi voucher, bahkan saya menunggu 2 jam.",1
"kalo pesen gofood udah nunggu lama, tiba² suka dibatalin, akhirnya pesen lagi dan nunggu lagi, lebih lama jadinya",4
good,5
"pesan gored posisi driver terlalu jauh,,dan selalu di cansel,padahal order ditengah kota dan bukan dijam sibuk jg,,tp emg kalau mesan gojek pasti dapat driver yg jauh banget",2
Bagaimana cara x cari orderan ? Aku mau jadi kurir ojek,5
pengiriman tepat waktu,5
👍👌,5
pokonya top markotop,5
"Alhamdulillah orderan pas banget saat lagi butuh kemana mana, terimakasih Go-Jek 😇🙏🏼",5
i like it,5
ok,5
"Gw setiap pesen gosend selalu gk bisa chat abangnya cma bisa telfon, tp waktu lalu gw liat temen gw pesen, dia chat bisa² aja, ada ikon buat chat ada buat telfon. knp klu di gw bsa gak ada? pas pertama kali kluar nih dapat drivernya ada ikon buat chatnya begitu gw pencet dia ilang🗿macam mana pula",4
apk terbaik memudahkan segala aktivitas,5
"nice, sangat membantu",5
penjemputan terlalu jauh,1
"semakin lama driver di gojek ini semakin sok minta uang lebih , ngantar gak sesuai titik",1
mantap bgt rekomendasi untuk pelayanan nya,5
semoga pelayanan nya selalu memuaskan,5
"kirim orderan toko SS, cepet ga pake ribet",5
top pokoknya,5
"pesen gocar, driver tidak menjemput, tapi di aplikasi di jalan kan. saldo saya terpotong dan ga kembali. berkali 2 chat CS ga si kasih kesempatan buat ngomong, tau2 laporan di tutup. di chat lagi begitu lagi. KECEWA BANGET",1
ada pilihan sepeda montornta,5
seru BP gojek ny ramah,5
bagus,5
"pake hemat driver nya jauh"" pake regulerpun sama klo pagi mau buru"" susah ..",1
"skrg naik gocar buang2 waktu klo order dekat dpt driver tapi chat ga ngebales mobil ga gerak,, tolong perbaikin lah itu harga nya kemurahan atau kenapa",1
membantu.aktivitas sehari hari.,5
oke,5
oke,5
"Nyari pengemudi susah, sekalinya dapat pengemudi susah dihubungi. ongkosnya juga relatif mahal. dari segi pelayanan dan harga better aplikasi sebelah. Drivernya bener bener perlu di perhatikan lagi.",1
udah lah mantap,5
saya hanya mau mengucapkan terimakasih untuk aplikasi GOJEK terutama Abang ojolnya yg Alhamdulillah selalu dapat yg baik orangnya,5
terlalu lama setiap mau jemput. dan selalu di batalkan sama gojek,1
Saya sudah menggunakan aplikasi terbaru. untuk cek tampilan saldo butuh lebih dari 2 menit waktu tunggu padahal buka menu lain tidak masalah,3
Joss Jiss,5
membantu transfort saat di luar kota,5
"harusnya kalau akun sering di pakai, trip nya udah banyak penggunaan ada semacam apresiasi dari pihak aplikasi, enah diskonnya di banyakin atau ada THR atau ada poin yang bisa di kumpulan kaya aplikasi sebelah deh, jangan udah lama pakai aplikasi GO-JEK malah makin ke sini ongkir lebih mahal ketimbang aplikasi sebelah, di aplikasi sebelah 18 ribu di gojek 30 ribu, padahal ke tempat yg sama",1
nyaman,5
sangat luar biasa mantap layanannya,5
driver nya baik banget,5
"mohon maaf kak , pelayanan nya sangat minim sekali , uang saya hangus gara² pesen pickup tapi gak di kirim kode pickup nya buat ambil pesanan, padahal saya udah bayar pakai go pay dan udah konsultasi ke pelaporan tapi malah server sibuk atau apalah , terus juga suruh nelfon pickup nya tapi pas ditelpon ternyata nomor palsu dan tidak terdaftar apalah ,dan akhirnya pesanan dibatalkan dan uang saya hangus,,,nyesel kakk 😔😔",1
"aplikasi kocak,order goride dapet driver kok jauh jauh yang jemput",1
Ok,5
"saya mulai sebel sama aplikasi ini, akhir ini susah banget dapat gocar padahal bukan di jam sibuk, apalagi kl cuaca mendung 2 jam order gak dpt2 lama2 saya uninstal juga ini aplikasi",1
kok ku ga bisa download,1
gojek yahud dan ok deh !,5
good sangat memuaskan,5
sangat puas,5
membantu dalam mencari transportasi dadakan,5
ntap,5
terbantukan buat saya trimakasih,5
Ok banget,5
bagus,5
"Kerenn...makin mudah, sering2 ada promo ya min. gojek selalu didepan. thx u",5
"Gojek tuh makin lama driver nya manja2, sering di cancel dll.",3
hanya bintang yg bicara,5
gojek nyaman,5
"Bagus,.. Gojek keren",5
sangat membantu disaat2 penting,5
Buat para semua penumpang Goride klo order di jam sibuk pagi atau sore mending ordernya pake Goride reguler aja jangan pake Goride hemat ya...,2
"driver ga sopan,delay lg",1
memuaskan,5
jujur ya aku gapernah cepet sampe meskipun keadaan nya ga macet pls tolong min lama. bngt ini udh keberkian kalinya aku telat aku sengaja pilih gojek yg mahal 29 ribu yg dtng supra masalah nya bawaan aku banyak dri sekolah jdi tlg min kasi tau jn trlalu lama nangis min nungguin nya☹️,1
"gojek makin hari makin knp dah bikin emosi mulu, drivernya gak jelas semua, udh 40 menitan nunggu drivernya kaga diambil mulu jdinya kesiangan berangkat, sekalinya udh dpt udh ditungguin mlh di cancel, ANEH BANGET, kecewa berat.",1
"diberikan driver yang jauh, padahal banyak yang dekat, padahal sudah tidak memakai mode hemat. tidak efisien",1
selalu terbantu dengan paket hematnya,5
mantap,5
sangat buruk untuk menangani keluhan customer,5
"APLIKASI TERBURUK, KARNA SETIAP MAU BERANGKAT SEKOLAH PASTI GK ADA DRIVER YG DAPAT.",1
dapt abng grab yg baik ank ku di foto ssudah sampai Dpn gerbang sekolahnya dngn selamat terimakasih abng grab,5
Pindah gra* aelah lama2 tekor pake gojek.. naiknya tinggi banget harganya.. gak guna ada paket gojek hemat.. gada yg mau ngambil..,3
kalo pagi banyak driver yg ga mau ambil orderan padahal pagi banyak orang yg mau make,2
bagus ramah,5
"tolong dong untuk pihak aplikator perbaiki sitem gojek tiap dapet drever pada jauh apalagi pas jam sibuk pagi sore sampe"" saya telat berangkat ini gimana jd begini gojek parah sekarang.",1
Mantap pokoknya,5
puas dg playannya penjemputan tept wkt,5
memuaskan,5
tepat waktu,5
goood,5
okein aja,5
bagus lah,5
menpermuda transaksi,5
"KASIAN GUE LIAT DRIVER TERNYATA DIA HARUS BAYAR LANGGANAN BUAT DAPAT REJEKI, SEBELUM COSTUMER PERGI GUE OFF PAKE APK GOJEK",5
act of service,5
Sangat memuaskan pengguna transportasi GOjek,5
good,5
terima kasih,5
kalau laper tengah malem cocok nih,5
pesanan gofood udah telat nya lama padahal prioritas pesan nya datang juga jadi dingin kecewa banget,1
mantep,5
"driver si** nunggu 15 menitan malah di cancel udah konfirm mau diambil, nih plat sama driver nya F1688JH Ade suratno, pihak gojek tolong tegur mitra anda ya kalo ga mau diambil bilang jgn tetiba di cancel! saya udah tanya diawal mau diambil apa ngga si driver itu bilang mau diambil, saya nunggu 15 menitan malah di cancel !! dia bukan cuma buat saya nunggu tapi orang tua saya nunggu!",2
sangat membantu,5
good job,5
Mantap ok bgttt 👍,5
bagus,5
👍👍,4
puas sekali,5
mau cancel karena motor driver rusak di tengah jalan susahnya minta ampun,1
sekarang dpt driver susah.. sekalinya dpt jemput jauh harus nunggu 10-15menit sampai driver sampai...makin kesini makin jelek kwalitasnya...dulu mudah cari driver skrg susah dan jemput jauh2..,1
good job,5
Lama kelamaan driver & sistem gojek tuh pada sombong²..pada ga mau kerja,1
"Kacau, state tampilan proses pemesanan makanan go food ngebug/stuck (tidak mau update) pada saat saya selesai menekan tombol pembelian makanan. Sebelumnya tidak pernah terjadi seperti ini, sehingga saya tidak tahu tiba2 driver sudah datang ke lokasi saya. Update: 11 Februari 2026, masalah masih ada bahkan semakin hari ini.",1
upgrade gopay+ tidak bisa,5
aplikasi mudah,5
gopinjam nya jangan banyak bunganya. mau nyekik atau gimana? tenor setahun bisa-bisa nya bunga 2.11% jadinya 7 juta. kira-kira dong,3
sangat cocok bgt apalagi utk kalangan gen z masa kinii 🥰,5
mantap promonya,5
gojek klo ga bisa bayarin customer service mending tutup aja...masa transaksi tf dri td ga masuk2 jadi sya harus nunggu ditempat,1
Gojek selalu siap dan tepat waktu. Terima kasih Gojek. Tetap semangat 🤗,5
aplikasi ga jelas . masa buat cancel pesanan harus nunggu 1 jam lebih dulu . kan ini salah mereka karna lama cari driver . ga lagi lagi,1
transfer gopay kaga di proses live chat kaga ada susah buat bikin laporan,1
jelek aplikasi,1
pelayanan terbaik,5
"saya membatalkan pesanan karena mau ganti waktu pengantaran, tetapi saldo sudah terpotong",1
lama bgt ga dapet dapet gojek bisa nunggu 10 menitan kurang asem,1
layanan cepat dan memuaskan,5
aplikasi sering eror bahkan barusan sy pesan makan tidak bisa tp gopay sy hilang gt aja,1
mantap,5
customer service slowresp ga ada gunanya.,1
semoga gojek semakin update semoga di kasih diskon kalau,5
"gak bisa batalin pesenan padahal belum ada driver yang jemput gofood nya,, terlalu lama jg",1
"MAKIN LAMA MAKIN GA JELAS, PESEN MAKANAN GAGAL TAPI SALDONYA LENYAP. KOCAK",2
"5 x boxing kebanyakan drama ,ditunggu di chat cuma dibaca ,ujung2 gak bisa kalau udh dibaca ,kalaupun gak bisa setidaknya kasih kepastian biar gak nunggu",5
Bagus bermanfaat.,5
Bagus cuma agak menyebalkan sedikit 🗿😌,5
mantap dan terpercaya,5
diperbaiki kembali pelayanan sistem nya...,4
"Seharusnya ikon/tombol pemesanan di GoFood yang sedang berlangsung itu semestinya ya di GoFood bukan di beranda utama, perihal menyulitkan konsumen dalam melakukan pencarian pemesanan dan pada akhirnya terjadi timpang tindih pada pemesanan karena letak lokasi.",1
"aplikasi nyusahin dapet driver jauh2 terus... hapus program hemat, gue pake reguler dapetnya driver hemat akhir nya nunggu lama jangkrik.......",1
cepat efisien,5
"Terimakasih atas bantuannya terhadap kendala yg saya alami saat ini dan ditangani dengan baik atas pesanan Gofood, semoga selalu memberikan yang terbaik untuk semuanya, baik kepada pelanggan, karyawan, mitra Gojek dll.",5
pengaturan chat dengan driver jangan dibikin tidak bisa hapus pesan,1
aplikasinya sdah bgus sih tpi yng mengecewakan it di gopay pinjam nya padhal tdk pernah telat pembayaran dan limit jga msih ad bgitu sya lunasan tiba² limit habis jdi yng sya byar sebelum²nya kmna,3
drivernya ramah,5
sangat membantu,5
"Aplikasi GOJEK sekarang bener2 bikin JENGKEL !!!!!!! Setiap selesai hujan, dan itu tdk banjir, knp GAK ADA YG MAU TERIMA ORDER, HUH....?! Kq seperti kompak gk ada yg mau terima order 1 pun NGGAK ADA ! ini apa2 aaan yaa? anak saya sampai nggk pulang2 dr sekolah gara2 ORDERAN GK BISA2, PADAHAL DI MAP BANYAAAAK MOTOR STAND BY ! GAK MAU LG SAYA PAKE APLIKASI SOMBONG INI",1
bagus,5
adain fitur bayar pakai QRIS plis,2
Penjemputan sesuai waktu yang di tentukan....,5
"lama banget, udah make yang didahului notifnya tetep aja nunggu lama",1
perjalanan aman sampai tujuan,5
banyak driver tapi gamau ambil sistem anehh,1
josss,5
mantap,5
algoritma gojek di fase jam kerja dan jam normal sangat merugikan saya sebagai customer dan mitra gojek krn harga yg sangat tinggi dan sulitnya cari driver di modus hemat mereka maaf saya tidak ramah bintang pada apps ini,1
makin sukses gojek indonesia,5
apk drivernya ga jelas,1
Sangat memuaskan,5
mantap,5
burik,2
akhirnya bisa login,5
BUSUK,1
terimakasih 🙏,5
Ok,5
"kalo bisa kasih bintang 0 saya kasih bintang 0 , kalo nyari driver lama banget sampek saya ketinggalan jam les saya, sudah bayar les mahal mahal malah ga bisa les cmn gara gara nyari lama banget sampe ga ketemu ketemu",1
"skg driver gojek pada kurang ajar. dapet jauh2. mrk ga mau cancel,ga mau pick up.kita di diemin aja, di chat ga di bales, di telpon ga di angkat. pengen nya kita yg cancel. sedangkan kita klo cancel kena banned. trs klo ujan pake gojek hemat kita di maki2 ""klo ujan jgn pake hemat kak"" lha??? klo ga mau narik pas hujan ya tidur aja. kurang ajar banget skg mending ke grab",1
"aplikasinya sangat membantu dan ada keamanan yang jelas juga walau sedikit ribet tapi itu karena detail. Tapi saran dari aku tolong di kasih informasi juga tentang warna kendaraan yang di pesan, yah… soalnya agak ribet kalo mau ngintip plat kendaraan setiap ada gojek yang dateng… makasihh ^^",5
cepat,5
to much expensive,3
pengemudinya baik dan sabar,4
aplikasi goblokkk,1
bagus,5
"gojeknya ganiat cari uang, saya order gadapet dapet",1
mantap bisa dipakai buat KRL,5
lumayan baik,4
oke sae,5
👎,1
"mencari driver benar-benar sangat susah dan tidak ada konsekuensi bagi driver yang meng cancel setelah menunggu lebih dari 10 menit. Secara aplikasi sudah cukup baik, akan tetapi sistem pencarian drivernya sangatlah tidak efektif dan membuang banyak waktu.",2
ya baguslah,4
ada apa layanan hemat? driver sering kali cancle tanpa konfirmasi. bila memang hemat membuat driver tak nyaman tolong evaluasi layanan tsb agar semua merasa nyaman.,3
"tolong buat para driver yang bersih, wangi dan ga ugal²an naik motor nya karena hari ini aku naik gojek dapet driver yg kaya gtu mana nyebelin lagi omonganya cetus bgt untung lagi buru²,, mngkin kalo ga buru² aku cancel dia dari awal",2
cari driver susah bener,1
"pengemudi nya lamaaa ,jadi saya telatt",3
cukup oke,4
Praktis memper mudah bila mau kemna dan ojolnya juga pada baik,3
aplikasi apaan mau gosend server padat,1
mantab,5
langganan dari dulu kl motor dipakai 😊,5
"Hilangkan program ACENG,ACENG SLOT,GOJEK PRABAYAR,CUSTOMER BYAR NORMAL,ANDA TERLALU BYK MKN UNTUNG NYA DRI CUSTOMER DAN MITRA,KASIAN MITRA ANDA YG ANDA PERES TENAGA DAN PIKIRAN NYA,MTR DRI MITRA,KUOTA DRI MITRA,ANDA CUMA MODAL APLIKASI SAJA,JGN ZOLIM DONG TERHADAP MITRA DRIVER,PENGEN UNTUNG SEPIHAK!!!",1
stop ngasih iklan buat yg udh dw. ganggu banget plis🙏🏻,2
nyaman dalam perjalanan,5
senang,5
good,4
driver banyak di sekitar to susah dot driver...setelah cari ulang ternyata tarif langsung naik 4k...terlaluenyiksa app ini,1
bagus dan menyenangk an!! s,5
"aplikasinya bagus , tapi saya punya pengalaman buruk. Saya dapet driver yang ngak punya kartu emoney dan sebagainya jadi susah untuk jemput padahal saya lagi sakit, tinggal tap doang ngak bayar. kalau emang bayar saya bayarin. hari gini driver ngak punya emoney. mohon pihak aplikasi dibantu agar driver diwajibkan punya emoney dan sebagainya biar memudahkan penjemputan. terima kasih. sudah hampir berkali-kali saya dapat kasus begini. zaman sekarang lokasi sudah pakai emoney.",3
app ok,5
gojek bagus sangat mudah mencari drivernya dan di antar sampai tujuan,5
good apk terfavorit 👌👍👍,5
"bagus, membantu",5
mantap,5
jozz,5
hari ini pesan gosend dari jam setengah 11 sampe mau jam 2 siang blm dapet dapet driver juga . padahal sudah banyak dapet driver tapi di batalin terus sama pihak driver mohon system nya ditingkatkan lagi,1
"aplikasi dzolim terhadap mitra , segera di ganti pemimpin gojek yang sekarang ' .",5
jedanya lama banget bisa 3 jam lebih,2
okk,5
"untuk para customer supaya cepat dapat driver kalo pesan go ride pilih yang biasa saja, jangan yang hemat 👍",5
driver banyak yang tidak sopan,1
sangat ramah driver nya,5
aplikasi tolol,1
Alhamdulillah paket aman,5
"pesen makan lama apalagi jam sibuk ga dapet driver segitu banyak nya orang, sekarang ditambah lagi kalau pesen goride hemat",1
semakin kesini semakin parah niii gojek setiap mesen goride dpt driver nya jauh banget padahal di depan kantor banyak driver yg nunggu orderan & setiap mesen gofood selalu lama entah driver yg jauh dpt nya atau emng resto nya yg lama siapin pesanannya,1
mantap,5
aman,5
"kadang kalo nge gofood suka lama banget dapat driver nya, udah telat nya bahkan setengah jam lebih tapi tetap harus nunggu lagi buat nge batalin pesanan, ga sesuai estimasi dateng nya tapi ga ada kompensasi apapun, padahal kan kalo emang lewat dari estimasi nyari driver ya biarin aja di batalin, dari pada harus nunggu lagi dan akhirnya tetap ga dapet driver juga, kan kasian yg perlu buru buru buat beli makan harus bingung mau mesen ulang atau ngga karna nunggu pesanan bisa di batalin dlu.",1
penumpang mengatas namakan Driver Gojek dan menilai driver gojek itu minus kinerjannya.. sini saya juga punya unek² sebagai driver pemain reguler tanpa embel² program dari applikator Gojek. motor saya aerox dan dapet penumpang (Goride bukan order Goride Comfort) sebanyak 4 (anak 3 dan 1 ibunya) tapi saya ngeluh tentuk tidak tapi kasih solusi untuk order memakai Gocar lain x. dan penumpang dengan BB 140kg saya saya bawa... Tidak semua penumpang itu - dan + dan Driver itu - dan + ...,4
"aplikasi 🦮 tiba tiba akun kena blokir 💩 padahal cuman buat pesen makanan aja dan selalu saya bayar tidak pernah saya cancel atau batalin, aplikasi anehhh",1
mantap,5
"semua & seluruh COUSTAMER yang driver Hormati, mhn maaf atas ktidak nyamanannya. Kualitas driver menurun itu smua karena kebijakan APLIKATOR, COUSTAMER bayar ttp mahal tapi sampai ke driver mulai dari 5rb,6rb,8.800 dan seterusnya dg jarak jemput yang sngat jauh, belum anternya. jd driver sngat di""EKSPLOITASI"" jd dg sngat SADAR mewakili bnyak Driver, saya mohon UN INSTALL aplikasi ini. Dgn kalian meng Un install aplikasi GOJEK kalian telah mbantu/menyelamatkan jutaan driver dari ""EKSPLOITASI""",1
"gile driver 1 jam nungguin ga jemput, gua tinggal aja pake grab.",1
kenapa skrg jadi lemot. capek deh,4
SANGAT SANGAT PAYAH. MENYUSAHKAN CUSTOMER. SYA PESAN GO RIDE HEMAT DAPAT DRIVER JAUH2. G ADA MASUK DI AKAL SEHAT SISTEMNYA. SYA PILIH NAIK GRAB DAN MAXIM. LEBIH SEHAT DAN WARAS,1
"mudah, murah",5
SUSAH KALI NYARI DRIVER ASW!!!,1
login makin ruwet.,1
Moga rame teruss...,5
mantap aplikasinya,5
sekarang udh ngak bisa chat driver lagi..,2
BAGUS,5
"Kadang suka error,kalo gosend driver sudah dekat tibatiba aplikasinya error dan mencari driver lain",5
well bagus sih,5
bagus . pelayanan nya cepat dan ramah suprnya. aman tapi tarifnya mahal😅 moso jarak dekat 15 ribu,4
"driver masih banyak yg gk mau pick up dgn alasan yg tidak jelas, tdk respon chat, telp dan aplikasi dibiarkan Open",4
"Untuk Driver khususnya yg mobil,Tolong pengertiannya terhadap penumpang terutama yg bawa Bayi,Tas Bayi dan Juga yg dkm keadaan hujan",3
mantap,5
nice,5
very nice,5
aplikasi ini sangat membantu sekali.,5
baik,1
"nyoba bayar tagihan PLN pake gopaylater, tapi gagal, percuma limit 10 jt ga bisa di gunain",1
loading lama di peak hours. penilaian resto gak uptodate,4
terbaik,5
dapat driver nya jauh bgt padahal di sekitar banyak driver yg terdekat,1
tarif hemat tapi justru kelamaan yang membuat makin lama ditinggal pelanggan setia,1
cepat driver ramah,5
ok,5
"aplikasi busuk, kebanyakan promo, kasian driver nya masa argo mobil d samain sama motor, bukan salah driver nya, salah aplikasi nya, waktu 2018 sebelum covid mudah banget dapetin driver, karena argo nya bagus, makin banyak promo makin males driver ambil penumpang",1
"aku download gojek ini karna butuh antar /jemput aku, pokoknya ini aplikasi the best 😍👍",5
terlalu byk tagihannya..,1
"pak Nadiem, tolong KESEJAHTERAAN driver ditingkatkan",5
"lama banget dapet driver,padahal banyak di sekitar,malah di pilih yang jauh,sampe bisa sepuluh menitan,padahal bukan gojek hemat,dan saya berada di kota,saya jadi telat ke sekolah,saya gak tau ini ada kesalahan apa sampe segini nya,saya pesan ,20 menit baru dapet,10 menit baru nyampe,10 menit ke sekolah, di sekolah di hukum.saya gak puas sama pelayanan nya,benat-benar mengecewakan.",1
membantu bgt..motor LG mogok.pesan gojek . langsung cepet . thankyou driver dan gojek.. sukses selalu,5
Kenapa selalu dikasih driver yg jauh dh padahal ada yg LBH deket,1
"aplikasi ini kikir banget, kalo lu telat pesen 5 menit padahal gak hujan/macet harganya bisa naik kena 5rb+, udah gitu dengan harga yang dinaikin mesti dapet driver susah dan sekalinya dapet si driver bakal minta cancel kalo gak dapet driver yang jauh dan geraknya lama, gojek can u fix this?",3
"jujur aja dapet gojeknya lama bangett kl9 ambil yg murah, kyknya para gojek klo terlalu murah ga mau, saran dari aku lebih baik opsi harganya jangan terlalu murah tapi jangan terlali tinggi juga",1
"aplikasi on ol, driverny pada ngeselin. disuruh jangan cancel tpi dri tadi posisiny gk gerak gerak, apk taik. TEGASKN DIKIT KE DRIVERNYA KALAU MAU JEMPUT YA LGSUNG GERAK, KALAU GINI KAN ORG JDI TELAT ANJGG",1
susah dapet driver,1
"posisi driver di aplikasi sering tidak bergerak, jadi kadang kita batalin",1
"setiap pagi kalo pesen gak dapet"" gak niat ngambil orderan kah",1
drivernya pada kikir,2
Hapus program go ride hemat biadab merugikan driver lo goblokk!!! udah motong 35% malah motong lagi dari pendapatan bersih drivernya hadeuuhh.,1
cihuy,5
si paling lemot aplikasinya ada aja gangguannya ama drivernya klo ujan pagi pada males ambil,1
mantab cepat pemesananya,5
sy kasih bintang 3 dulu ya. krn kadang sering sekali penolakan ketika sy mau order dgn jarak yg jauh. pernah juga di turunin di jln tidak sampai tujuan 😓🙏,3
Memudahken,4
"Saya dpt driver gocar yg emosian. Dia galak di telp, saya bilang dia emosian. Dia langsung cancel saat udah di titik, jadi ga ke screenshoot krn langsung ganti driver lain. Kalau bisa riwayat driver yg sempet nyangkut ditampilkan. Kita sama2 manusia, sama2 punya emosi. Tapi baiknya dalam bekerja itu profesional. Seleksi MMPI untuk driver gojek. Saya tdk buat ulasan di pusat bantuan aplikasi karena tidak ada menu bantuan yang sesuai dgn kondisi ini.",1
good for me,5
Baguss,4
"saya pengguna gojek sejak lama, tapi masih belum merata di kota kecil. dan biasanya di salah satu kota minta tambahan diluar aplikasi hampir separuh harga contoh ada oknum2 driver terutama mobil dinganjuk. pernah saya laporkan untung pihak gojek mau ngembalikan dan ada bukti chat dari driver minta tambahan. untuk telepon kualitasnya bisa di tingkatkan. dan yang paling tidak saya suka saya sudah pesan gojek motor comfort tapi yang datang motor listrik. udah harga mahal kualitas tidak enak.",3
bagus,5
"sulit dapat driver, sekalinya dapat driver, drivernya ngeluh argo, tolong di perbaiki argonya biar gak ribut argo trus tuh driver.",1
good,5
"tolong kalau ada kendala yang menangani staf langsung ya, bukan BOT, karna responnya sangat sangat aneh sekali",1
Daripada ngeluh pake hemat karena suka susah dapat driver apalagi suka dapat driver jauh sebaiknya pesan Maxim aja selain sudah ada fitur jarak dekat juga,1
fiturnya lengkap. ongkir murah,5
mantap,5
ongkirnya ga ngotak,1
oks,5
"banyak driver (20+) yg tdk menjemput customer, pdhl sdh di oke in ini berakibat nunggu sampe 1,5 jam!! pdhl jaraknya cm 3 km dan bahkan ada yg sdh mengchat customer utk memunggu tp driver tdk datang (itu pun termasuk comfort car&prioritas ini yg brusan andrea reswan, ainurudin, agus priyanto, dan masih banyak lagi). Berujung tdk dapat sama sekali driver malam ini.",1
siippp,3
bgus,5
"Udah tidak ada gunanya lagi gopaylater n gopay pinjem diblokir padahal sudah gak ada tagihan lg cuma gara² telat 1 hari gopaylater pas tahun baru kemarin,tgl 2 nya dibayar beserta dendanya 50rb malah diblokir padahal gopay pinjaman gak ada masalah malah naik limit. Percuma menceritaka keluhan dibalesnya cuma copy paste & tetap aja paylater diblokir.udah dihapus akunnya biar seneng gojek.",1
gojek memang makin rumit sekarang. sudah tau sulit dapat driver mau batalin susah minta ampun. bukan mempermudah malah bikin repot,1
"Aplikasi gak pernah Jelas, order gofood udah nunggu lama gak dapat driver, ganti driver berulang kali tetep tidak dapat, tau2 warungnya udah tutup. bangkek",1
MB nya dkit tp membantu bgtt,5
gofood nya pelit diskon 👎🏻,1
"tolong buat aplikasi hilangkan pembayaran tunai saat jam 20.00 karna banyak customer yang ngaku tidur segala macam driver selalu kena fiktif rugi BBM,,,aplgi driver yang menggunakan BBM Pertamax & motor comfort rugi banget ambil orderan hemat kalo mau ngikutin grab di be Erin lagi sistem nya bukan nyusahin driver",1
lelet gak enak,1
"pelanggaan di bebanin argo 20K.. driver cuma dapat 10K - biaya layanan per 2 order harus bayar 3K.. cust rugi waktu, driver rugi bayar biaya...yang untung aplikator nya doang🤣",1
Kebanyakan cancel drivernya .. 🙏,2
"orderan DTG tepat waktu,,mau menerima kondisi hujan,,mksh buat abang gojek semoga sllu di berikan kesehatan dan keselamatan kerja.Aamiin",5
"Emang apa susahnya sih bikin pencarian driver tuh yg terdekat? depan gue ada driver dan dia nyalain goride tp gak masuk ke dia malah ke yang jauh banget. Padahal gue pake reguler bukan HEMAT! Akhirnya gue cancel yg jauh, terus offline aja sm yg dekat. Argonya gue kasih dua kali lipat. UBAH SISTEM LO, MERUGIKAN DRIVER DAN CUSTOMER! Makin lama makin bobrok aja deh heraannn!",1
lelet,1
ngebantu banget makasii banyakin promo nya lagi plis hahaha,5
tidak dapat membayar karna terdeteksi aktivitas tidak wajar padahal saya tidak melakukan apa apa dan toko yg mau saya bayar adalah toko terkenal yg aman,1
apaan saya nunggu 2 jam an lebih ga dapet driver driver mulu pesan lagi ttp ga dapet driver kelamaan nunggu pembatalan sejam!,1
"terbaik dah. Cuman kurangin aja harga pajaknya, rasanya lebih murah produk ijo yang sebelah😭😭🙏🙏. Tapi tetep milih Gojek😁",5
aplikasi ini tak ada yang diuntungkan antara customer dan mitra gak kaya dulu.,1
sangat sukak,5
"maaf ya bintang 3 soalnya apa2 dibatalkan terus setiap kali pembelian , hrsnya bs beli di satu toko gara2 di batalin dr aplikasi, jd nyari toko lain tolong di benerin lg , atau ksh alasan kenapa dibatalkan. tks",3
"respon cepat, ada komunikasi",5
gk usah pake hemat2an dah. driver nya gk ada yg mau ambl. ngasi promo ya promo aja. percuma pake hemat2 driver gk ada yg mau ambl. nunggu lama dpt driver trs di cancel. akhrnya pake yg gak hemat juga. PHP itu namanya.,3
mantap deh pkokx,5
membantu buat kaum mager hihi,5
siiippp,5
"Disekitar banyak Driver dapetnya ko jauh terus? pas ditanya ke driver gara"" sistem bikin 2 kubu HEMAT sama REGULER jadi tidak seimbang JAHAT bangetsi ko bisa berbayar 13k/hari, Nyari rezeki malah ko dipalakin lagi gacukup tah dari potongan + jasa ? Zolim banget plis manusiakan manusia 😭",1
mantap lancar,5
gara gara gojek pacarku ga bisa kelaparan 💚,5
selalu saja muncul iklannya.,2
"cepat, ramah",5
cukup membantu,4
sangat bagus,5
ampas,1
"sekarang gpsnya sering kali rusak,alias gak bisa jalan",5
susah cari driver saat dibutuhkan,1
good,5
"Tolong rute tujuan maps cari yang lebih dekat, jgn diajak muter2 lewat gang yg byk polisi tidur..kenapa bisa beda ya, sama rute maps ojol sebelah, mereka arahin jalan besar.",3
pesanan gofood berkali kali dibatalin tanpa alesan jelas. ngabisin waktu aja.,1
driver anda ada yang menipu dompet saya ketinggalan tidak di kembalikan,1
sangat bagus sekali,5
ok,5
para tukang. ojek tdk mau menerima orderan kalau harga rendah. saat di gedein langsung menerima. menyebalkan,1
mantap sudah,5
"hukum aja driver yg ga mau pickup n cancel order, saya lho pake ga promo sama aja",1
Apk nya sangat membantu,5
"nunggu gojeknya masa sampai 80 menit, kayak serasa nunggu main bola 1 kali pertandingan. pesan go food biar praktis malah jadi ribet. mungkin biar asam lambung saya kumat ya.",1
penjemputan selalu jauh padahal pesan yang bukan hemat,1
"penjemputan driver terlalu jauh, padahal ada driver terdekat, makan waktu lama menunggu driver jemput kasihan driver jemputnya jauh² tolong di perbaiki lagi sistemnya",2
sangat sulit mencari driver dengan mode goride hemat. better hilangkan saja pilihan goride hemat. sangat buang waktu dari pada gak bisa digunakan sama sekali. padahal customer pasti punya pembanding harga dengan memilih gojek dibanding ojek online lain. bukannya meningkatkan pelayanan kayanya makin bobrok. padahal dari segi nama saja gojek sudah tekenal. tapi masih kalah sama ojek online lain yang tingkat pengguna nya belum terlalu tinggi berapa pun tarifnya pasti di pick up. sayang sekali,1
"beberapa kali sy mendapat masalah, gojek tidak pernah memberi solusi. disuruh buat laporan tapi tidak ditangani",1
kemana mana jadi gampang good job,5
"cs nya atas nama Lia bad banget, ditinggalin aja pesan saya krna malas kali yah ngurusnya? mending resign deh",1
terimakasih,5
apknya mudah di retas baru download saldo langsung nol,1
selama ini mantap lah,5
"payah,sering di cancel gara"" pakai hemat.",1
aplikasi gila tadi saya pesan gojek gak ada giliran saya dibatalkan oleh drivernya malah datang tukang gojeknya terus disuruh bayar padahal sudah dibatalkan oleh drivernya,1
driver skrng ga ada yg sopannn,1
dari tdi nungguin gak ada yg dtang gojeknya,1
👍,4
program hemat sekarang pada jauh jauh driver nya,1
"tolong dong gojek mitranya dibayar dengan layak. biar ngak merugikan konsumen. setiap pesan gofood selalu dibatalin, atau ngak lama banget ambilnya",3
"Untuk Para penyuntik, investor saham Gojek. Salam kenal. salam sejahtera. Gojek ditubuh perusahaan sedang diambang membusuk, membuat cases yang tak wajar. Pilihannya 2 tarik uang dari Gojek atau merekonstruksi Flow arah pemesanan yang biasa saja, tanpa mengharuskan adanya sistem pemaksaan Hemat. karena pakai hemat driver akan jauh dan berpaling ke aplikasi Transportasi lain. 3 bulan akan mati dan grafik akan turun. Ini bukan doa tapi nyata. Gw cuma kasih tau aja.",1
"kan perusahaan besar benerin kek sisteem nya biar posisi driver jelas bukan orang order tapi driver masih stuck , buatlah real time posisi driver.",1
bagus,5
mantab,5
"aplikasi bagus untuk memudahkan saya dalam memesan makan, dan berpergian.",5
perketat pengawasan disiplin pengemudi khususnya yg suka zig-zag. seharusnya dengan pemanfaatan map mudah dilakukan,1
aplikasi transportasi yang sangat membantu,5
Good,5
keren,5
"susah sekali cari driver saat pakai layanan goride hemat, driver jauh2, nunggu lebih dari 10 menit, dengar2 biar murah sampai ambil pendapatan driver makanya driver banyak malas2an untuk pickup goride hemat, tolong dihapus aja biar sama2 enak untuk pelanggan dan driver, pelanggan cepat dapat driver, pendapatan driver stabil dan nggak kurang.",1
murah dan ramah ramah orangnya,5
okelah,5
mntaaap,5
"one tap menjebak,tujuan ditentukan pihak gojek.edan",1
mantap bosku👍,5
"jauh jauh driver nya, perbaiki dulu sistemnya atau balik lagi seperti dulu saya lebih nyaman",5
ok,4
"Pesanan saya di E-commerce dengan GO-SEND instan sudah berkali-kali tidak ada kurir dan tidak ada solusi pengirimannya. Jika GO-JEK tidak bisa menyediakan driver, jangan kerja sama karena sudah sangat merugikan customer.",1
love u gojek(penyelamat qu),5
good,5
potongannya terlalu gede driver cuma dapet goceng bayar ke aplikasi 15k,1
ok,5
ok,5
Semoga Berkah,5
bagus dan cepat,5
ok,5
"hemat parah driver susah di dapat, istri saya pesen hemat susah dapat driver",1
"aman, keren, driver sopan",5
mantap,5
gercep,5
ok mantap,5
kenapa dari banyaknya driver gojek ga ada yang mau pickup instan dari shopee?,1
"Driver banyak di sekitar dapat nya jauh, padahal sedang urgent tidak bisa pilih yang terdekat",1
"bulan kemrin saya mengajukan gopay pinjam alhmdulilah cair, akhir bulan kmrn saya lunasin, sebelum jatuh tempo. pada awal bulan ini saya mengajukan gopay pinjam lagi langsng di tolak, kecewa bnget saya, pdahal saya gk telat bayar, kalau di tolak kayk gini mending bulan kmrn gak ush d bayar sama sekali, udah rugi di pencairan, rugi di pmbayaran. kecewaaaa !!!!!!!!!",1
makin sini makin susah cari driver ... apalagi kalo hujan.. mau pesen car/bike/food ataupun barang susah amat cari driver,1
"pesen gocar maupun go ride makin lama...dan maps nya kadang2 masuk gang kecil yg ngk seharusnya di masukin mbil.sllu BKIN debat sama driver2nya tolong perbaiki maps nya.custamer pgen cepet, ongkos ngk masalah dari pada gara2 Ongkos murah maps ngk masuk akal akhir nya ngk ada driver yg mau ambil orderan.",1
mantap,5
mantap,5
sangat sangat membantu sekali,5
gojek MOTOR MOBIL JANGAN MAHAL MAHAL LAH !.,1
Aplikasi kapitalis,1
ok bangett,5
mohon untuk gofood ya kasih Lebel dong halal sama non halal tadi gak kebaca atau gak ada peringatan ya 🙂‍↕️ terbelik lah yg non halal aduhai gimana nih tangung jawab lah,1
Aplikasi yang sangat berbahaya,5
drivernya baik dan ramah,5
"Beberapa hari ini, app gojek selalu lambat dan tidak ada driver yang nerima. Driver gojek sekarang milih-milih, udah sejam lebih gadapet gojek di cancel begitu aja, jarak 5-7 mnt langsung di cancel. Tolong perbaiki dan lebih seleksi lagi",1
"driver nya jauh2 bagus pakai mxim ,driver dekat murah",1
"makanya jangan pakai aplikasi maunya murah ,cepet,dan bagus .driver juga banyak kebutuhan,perawatan kendaraan,dll. pakai standart pasti banyak driver yang mau. penumpang bandan besar pesen yang hemat",1
jadi mahal banget ongkirnya ya ampuuunnn... srakah bgt sih... mending hapus aja tuh program2 yang ga penting. ksian drivernya mnding kasih bonus saldo dri pada insentif2 ga jelas susah dn ribet nuker2 poin sgala. mending klo bisa tuker saldo jha. ga usah aneh2 tuker diskon servic lah makanan lah.. apaan kaya gtu. klo ke bngkel juga pke uang2 kita juga hasil ngojek juga. klo ngumpulin uang buat gaji karyawan di kantor mnding pecat jha tuh yg kerjanya leha2. driver yg capek mreka yg enak2n,2
mantap,5
Mantaaaabb....,5
"semakin susah dapat driver yg dekat, akibat serakah nya pihak aplikator. jgan smpai saya uninstal apk ini dan install apk aplikasi jasa lain. mohon anda evaluasi lagi dengan program terbarunya dengan alasan untuk menyaingi aplikasi sebelah. saya aja susah mendapat driver, apa lagi driver pasti lebih susah untuk menerima orderan. jgan anda bilang dg AKAN MENSEJAHTERAKAN DRIVER tp yg trjadi skrg anda menindas driver.",1
lama cari driver.padahal ada kumpulan gojek didepan mata aneh,2
driver ramah dan pembawaan mobil enak.,5
sulit di jangkau pada daerah yg agak dalam,4
"saya telah beli tiket krl, mana lagi terburu² untuk pergi kerja. Malah ada gangguan. Tolong untuk developer nya diperbaiki lagi ya",1
"akibat program langganan gacor susah dapat driver, kalau dapat jauh kebnyakan orang pindah ke maxim karna penjemputan dekat2 termasuk saya dan teman2 yg lain",3
"1. driver pada seenaknudelnya sendiri. udh nerime orderan nih, konfirmasi ga di bls di batalin.konfirmasinya lma.kita naik gojek spy cepet. 2. sering bgt driver ngarahin jalan yg bukan biasa dkwatin malah ngikutin map yg jatuhnya lebih lama. 3. sering bgt dikasi hrga murah tp ga nyangkut"" ke driver. 4. sejak kapan yang pakei jasa di kasih di beri bintang? justru yg make hrs dikasih bintang! 5. dri tahun jebut gada perbaikan hbs hujan!tetep aja eror. yg di bagusin fiturnya bukan kwalitas apps.",1
harap hapus tarif hemat sejak di adakannya tarif hemat angkutan umum jadi susah penumpang,1
"klo pagi pagi atau sore susah terus dapat orderan mau hemat atau reguler ,lebih baik pindah sebelah ?ini merugikan ,padahal udh lama pake gojek kenapa jadi gini.",1
jos,5
"kualitasnyan turun banget, udah susah dapet gojek. Setiap mesen dapetnya jauh jauh mulu, sangat disayangkan. Padahal tiap hari pake gojek tapi kenapa jadi kayak gini ya. Payahh",1
makin canggih makin lama si apk,1
cepat tepat,5
"sebenarnya aplikasinya bagus, saya suka dan nyaman menggunakannya apalagi fitur-fitur yang bukan sekedar ojek online tetapi transaksi online juga sampai saya ambil paket Gojek Plus. kecewa berat setelah berhenti Gojek Plus selalu lama dapat driver, akun saya seperti di shadow banned dari Gojek. Kecewa!!!",1
sangat membantu,5
Pengemudi ramah. Tarif bersaing.,5
👍👍👍👍👍👍👍👍👍,5
GOJEK LAYANAN TRANSPORTASI LEBIH CEPAT。,5
"sistem outobid driver bikin penumpang terlantar,sistem bayar bodoh",2
memudahkan jlnnya acara kita punya,5
"Tlg diedukasi lagi drivernya utk kerja dgn baik krn dimana mana yg namanya krj itu ya ada gk enaknya, beberapa hari yg lalu sy pesan gojek hemat. Smpai tujuan sy bilang ""terima kasih pak"" tp driver diam sj. Ya ampun apa sy salah pakai fitur hemat walaupun gt driver tetap sy beri bintang 5 krn sy gk tegaan menghambat usaha & rejeki org.",4
"cari driver lamaaa, mahalll",1
praktis,5
"kenapa skrg klo order gojek pagi² tuu susah bgt&kadang sampe gk dapet trus telat sekolah, tolong dong di tingaktin lg kan kasian yg pada kerja/sekolah pagi",4
"aplikasi nya gk bagus, kalian sendiri yg ngasih harga 5 ribu tapi ternyata gk ada sama sekali yg mau ngerespon terlebih para driver nya bikin sewot ajh gara²aplikasi ini gua jadi terlambat buat dateng ke sekolah 😡😡😡",1
"enakk sihh, murahh bgttttt-!!!",5
"untuk para Customer,kalo ingin pelayanan yg maksimal dan cepat,,di mohon jangan pesan HEMAT..,",5
aplikasinya lg knp siiii driver bukan makin dkt ke tempat jmput malahh makin jauh dari hadehhhh bikin orng telat kerjaa udh brpa hari ini,1
drivernya ramah sopan dan mau bantu angkatkan belanjaan sampai d teras hotel,5
gojek hama saya pesen gojek 10 menit blom dapet dapet,1
sangat membantu good aplikasi,5
pembayaran 27rb masuk ke driver 17rb program yg ada hanya memperburuk layanan embel2 jemput dekat ujung2nya jasa tambahaan aplikasi dan ini juga merugikan pihak driver dan customer yang customer tau jarak jemput jauh! dan driver malas untuk menjemput? padahal itu skenarionya aplikasi..jika jemput 4kilometer dan antar 5 kilometer customer bayar 25rb driver trima 13.800 itunganya tekor krna dlm kota 1 liter sama dg 10km?,5
Oke,5
good,5
"sering dapet driver yang jauh banget, padahal butuh nya cepet buat ke sekolah, banyak driver yang jauh menerima orderan saya sedangkan yang dekat jarang menerima orderan saya",3
makasih gojek,5
"Aplikasinya bagus banyak fiture nya, tapi sekarang drivernya sombong main tolak rejeki, why? ketika hujan gerimis aja loh susah nyari driver yang dekat area pemesanan, padahal banyak titik driver di area. Rupanya ada budaya driver bisa nonaktifkan aplikasi , jadi ketika hujan driver nonaktifkan aplikasinya, customer diminta mengikuti mood kerja mereka donk 😁. Nah, namun ketika cuaca normal nih, mereka ngeluh orderan sepi banyak saingan, lu aja milih-mikih cuaca kalo kerja,giliran sepi lu ngeluh",3
kenapa hemat dapat driver selalu jauh.. sudah dptnya lama... pas dapt driver jauh pula.. padahal g hujan,4
sangat oke,5
aplikasi tolol mesen hemat susah bgt najis,1
dangat membantu🙏💪,5
baik dan ramah,5
"gojek mahal tidak ada paket hemat, lebih baik bawa motor sendiri.",1
luar biasa,5
"apalah, pesen makanan tdk dpt driver mulu, nunggu ber jam"" nahan laper ujung"" nya cancel gara"" gada drivernya",1
"woyy CEO gojek, hapus layanan hemat, dapat driver pada jauh"", jadi sering kesiangan tuh kasian yg mau berangkat aktivitas.",1
mantap,5
mantul👍👍👍,5
jangan ada promo goride hemat percuma ga ada yang mau ambil driver kalian!!! huek cuih,1
"sejauh ini udh beberapa tahun pakai gaada masalah apapun aman² aja♡ selalu suka sama fitur²nya yg mudah dipahami, harga terjangkau dan drivernya ramah2",5
good,5
jujur agak kecewa dengan pelayanannya udah nunggu satu jam makanan gak sampai2,1
"saldo sya slalu kepotong sendiri, gada izin atau apa tb² ke potong dan ga bisa dikembalikan oleh pihak gojek pdhl sy ga langganan apapun gada tanggung jawab sama skali",1
"pesan hemat gada yang mau ambil,sepertinya komunikasi antara kalian (driver dgn gojek) tidak seimbang.sebagai pengguna aplikasi ini dirugikan waktu tunggu yang sia-sia.coba di kaji lagi biar ke3 belah pihak tidak ada yg tersakiti,kalau semuanya rido makanan yg saya makan/transportasi halal,dan rejeki kalian lancar!",1
harga terlalu mahal,1
driver nya pada jauh semua setiap pesan goride sama food tolong di sesuai kan,1
baik dan ramah,5
𝕨𝕒𝕙 𝕂𝕖𝕣𝕖𝕟 𝔸𝕡𝕖𝕝𝕚𝕜𝕒𝕤𝕚𝕙 𝕘𝕠𝕛𝕖𝕜 𝕓𝕒𝕟𝕪𝕒𝕜 𝔹𝕒𝕟𝕘𝕖𝕥 𝕡𝕣𝕠𝕞𝕠 𝔻𝕒𝕟 𝔻𝕚𝕤𝕜𝕠𝕟 ℕ𝕪𝕒 𝕤𝕒𝕞𝕒 𝕄𝕦𝕕𝕒𝕙 𝔹𝕒𝕟𝕘𝕖𝕥 𝕂𝕒𝕝𝕠 ℙ𝕒𝕤 𝕂𝕚𝕥𝕒 𝕞𝕒𝕦 𝔹𝕖𝕣𝕡𝕖𝕣𝕘𝕚𝕒𝕟 𝔾𝕒 𝔹𝕚𝕟𝕘𝕦𝕟𝕘 𝕃𝕒𝕘𝕚 𝕄𝕒𝕦 ℙ𝕖𝕣𝕘𝕚 ℕ𝕒𝕚𝕜 𝔸𝕡𝕒 𝕌𝕟𝕥𝕦𝕟𝕘 𝔸𝕛𝕒 𝕊𝕠𝕝𝕦𝕤𝕚𝕟𝕪𝕒 𝕋𝕚𝕟𝕘𝕘𝕒𝕝 𝕀𝕟𝕘𝕖𝕥 𝕒𝕛𝕒 𝕆𝕚𝕒 𝕂𝕒𝕟 𝔸𝕕𝕒 𝔾𝕠𝕛𝕖𝕜 +𝕄𝕦𝕕𝕒𝕙 ℂ𝕒𝕣𝕚 𝔾𝕠𝕜𝕒𝕣 ℕ𝕪𝕒 𝔻𝕒𝕟 ℂ𝕖𝕡𝕒𝕥 𝔹𝕒𝕟𝕘𝕖𝕥 𝔻𝕒𝕡𝕒𝕥 𝔻𝕣𝕚𝕧𝕖𝕣 𝔾𝕠𝕜𝕒𝕣 ℕ𝕪𝕒,5
mempermudah segala sesuatu,4
Senang bisa pakai Gojek 🤗,4
"sebelumnya pengguna apk sebelah. tapi pas nyoba gojek, eh ternyata banyak promonya 🤤",5
Kapan tema gelapnya tersedia?!! Lama amat ditungguin teh.,5
"kecewa bgt. masa lama bgt dpt driver padahal posisi lagi buru buru banget. nungguin lama banget cuma buat nyari driver yg free tpi gada. udh nyoba pake pencarian cepat pun tetep ga dapet. maaf ya tpi aku udh kecewa. aku telat cuma karna ini. mending yg sebelah maaf yaa udah terlanjur kecewa, bikin males",1
"Pertama Ongkos Argo HEMAT sangat merugikan DRIVER Memang Betul Custamer bayar mahal tapi penerimaan Untuk Driver tidak sebanding saya liat di Hp Driver tidak sebanding tolong benahi untuk Gojek ,kasian Drivernya Harga Mobil dan Motor Tidak sesuai dengan Harga Kendaraan belum lagi Servic,Pajak,Kuota mereka Yg nanggung ,, Tolong Gojek Manusiakan lah Manusia",1
"Kalo pake promo lama, supirnya ga bsa di hubungi. Hapus aja promonya",1
sangat bagus dan sangat merasa terbantu dengan apk gojek ini,5
sgt menggangu iklan gojek tolong keluar dri HP ku,1
sejahterakan para driver kedepannya,5
sangat bagus sekali untuk berpergian,5
oke,5
kalo ada masalah Gercep,5
sangat bagus,5
"tolong, dichat kendala jangan otomatis, lebih baik custemer bisa mengetik aja, soalnya yg tau kedaan resto sebenernya tuh driver dan custemer, pengalaman saya tadi ketika driver sudah sampe resto dan sudah dipin dari pihak resto lalu driver disuruh nunggu ternyata makanan tak tersedia, kasian drivernya, untuk dibatalin pun sulit, dan saya sebagai custemer ga masakah kalo ganti makanan lain, tapi makanan yg saya pilih malah ga bisa jadi harus sesuai sama kebijakan resto penggantian makanannya",1
on time,5
sebenernya ku suka sama gojek ini dan selalu dapat driver yang ramah. eh tiba' malah dapat driver yang tidak ramah (baru kali ini dibuat kesel ma orang lain).,3
CS LAMBAT!!!,1
terbantu,5
"makin kesini makin ga jelas!!! pesen makanan lama banget dapet drivernya, bikin eneg aja",1
"bisa ga iklan nya dikit?terlalu banyak iklan,berlapis2 lgi",4
oke bagus,4
oke,5
cepat tepat,5
mantulll,5
"apk sampah, ga memihak driver sepersen pun, malah disuruh berbayar 15 rb sehari, nampak bgt ga mutu 🤣🤣🤣",1
tolong dong hapus langganan hemat itu sangat tidak efektif jam sibuk malah tambah lama nyari driver yang biasa biasa suka dapet cepet,1
ok,5
Sangat cepat,5
gampang dan cepat,5
"sering dapet makanan dingin + lama datang , efek driver dapet dobel order ( pengantaran) ..!!!!",1
"udah mahal, pelayanan driver nya buruk lagi",1
"9 Feb 2026 goride hemat sepi driver... susah klo mental Sultan// 17-08-2024 sebenarnya niat ngasih promo apa engga sih?? untung ga langsung pesen...jd kaya jebak customer//23-08-2024 slow respon & sangat tdk membantu 👍🏼 // Jumat 20 Desember 2024, gojek sampe segitunya nyari duit,demi pencarian cepat,dikasih driver yg posisinya jauh...⭐⭐⭐⭐⭐// 17 Maret 2025 pelayanan gojek semakin memuaskan, layak dpt bintang 5 🌟🌟🌟🌟🌟pertahankan bro💪🏼💪🏼💪🏼💪🏼👍🏼👍🏼👍🏼👍🏼",1
ok,5
"sistem amburadul makin tahun bukan makin bagus malah sistem ga jelas, sangat2 merugikan. udah paling bener pakai jasa grab kaya dulu",1
bintang 1 dulu...ini sameday via tokped di cancel udah 2 kali..padahal deket..kalo emang driver gak ada yg mao maen sameday di tutup ajah itu layanan...monggo cek akun gojek customer sayah..,1
bagus,5
"masih niat gak ? dapet driver di jakarta aja susah, dapet yang posisi jauh jauh pula, bubarin aja mendingan gojek ini",1
"Aplikasi ini belum layak digunkaan untuk transportasi, karena sampai sekarang sistem antara driver dan penumpang terdeteksi adanya ketidakadilan.",1
mudah dan praktis,5
best,5
"selalu puas,.",5
membantu bangett,5
sangat membantu,5
"pokoknya gojek IS THE BEST, aplikasi lain lewatttt😅🙏🙏🙏💪🥰",5
membantu saat kerja,5
mode hemat driver selalu non aktifin masa nyari driver aja 45 menit gaada yang ambil giliran ga pake promo 1 mnt langsung dpt. percuma iklan promo2,1
"kenapa saat salah pesen gocar tidak bisa di batalkan di edit pun harus nambah uang kocak, bener"" kecewa sama aplikasi gojek, abis ini saya hapus udh males",1
Memuaskan,5
good,4
apk yg sangat berguna & efektif,5
ok,5
"gak ngerti buat apa fitur hemat tapi kalau digunain malah gak ada driver yg ambil, sekalinya ada posisinya jauh. please tiadakan fitur yg tidka berguna. upgrade lagi deh pelayanannya.",1
driver nya ramah2 dan baik.👍🏻,5
Selalu menggunakan fasilitas GoCar. dan selalu senang. karena pelayanan aman dan nyaman.,5
baguss,5
Mantaapp,5
sagt mmbantu,5
mantaf,5
"aplikasi makin lama makin berat aneh, butuh 2 menit lebih untuk load aplikasi hingga ke UI pesan driver, bahkan load gambar autocad btuh waktu 50% lebih cepat aneh aneh",2
"gak bisa dipake pesan gofood, layout loading 5 menit langsung crash setelah load",1
Kenapa GoCar Hemat Harganya Lebih Mahal Dari Yang Biasa?,3
"GOSEND NYA BUSUK, GA INSTANT, GA SAMEDAY SAMA AJA, PAKET YANG HARUSNYA SEHARI SAMPE MALAH BISA LEBIH DARI SATU HARI, YANG BIKIN LAMA UDAH KECANTOL TERUS DICANCEL, PADAHAL LAGI BUKAN RUSH HOUR DAN CUACA JUGA LAGI GA HUJAN, NAMA DOANG INSTAN TAPI DRIVERNYA PADA KAGA NIAT AMBIL ORDERAN, KALO EMANG GA MAMPU MENDING GA USAH DISEDIAKAN LAYANANNYA, KITA BAYAR LEBIH MAHAL BIAR BARANG CEPET SAMPE, KALAU UJUNG""NYA SAMPENYA KAYA PAKAI EKSPEDISI REGULER YA MENDING GAUSAH ADAIN INSTAN/SAMEDAY",1
"hemat bikin telat orang sekolah , kerja dan kuliah , sering dapat driver penjemputan jauh , ujungnya malah di cancel drivernya",1
"Soal Bagi Hasil Aplikasi: Tidak Jujur dari Bahasa Masalah driver itu bukan cuma soal potongan, tapi soal bahasa yang bikin orang salah paham. Di aplikasi tertulis: “Biaya perjalanan (80% untuk mitra)” Yang kebaca wajar oleh orang awam ya: kalau penumpang bayar 100 ribu, driver dapat 80 ribu. Tapi kenyataannya bukan begitu. Yang dibagi 80% itu bukan dari total uang penumpang, melainkan dari biaya perjalanan dasar saja. Biaya lain tetap dibayar penumpang dan tidak masuk hitungan driver.",1
jadi sering telat klo pesen gofood,3
saya sudah pernah membatalkan langganan tapi entah kenapa masih memotong saldo saya apalgi dalam jumlah yang besar!,1
lemot,1
"apps nya bagus, berguna bgt,,, sayangnya jasa yg bukan trasportasi udah ga ada...",5
membantu tuk pengiriman brg yg q lg repot,5
mantap,5
aplikasinya banyak promo dan kredibel,5
mantap,5
"aplikasi gajelas blasss tiap pesen gosend selalu di cancel terus ama driver begitu juga ama gocar,kalian ini niat gasi bikin aplikasi boh yo nyari driver genah dikit jadinya akun saya rusak karna di cancel trus, buat apa kalian nyediain fitur gosend kirim barang kalo drivernya selau cancel gamau ambil apa fungsinya itu fitur kali gitu.......udah muakkkkkkk saya ama aplikasi ini",1
OK,5
mantap,5
"suka,sejauh ini pelayanannya ga pernah mengecewakan..",5
aplikasi tolol eror mulu,1
tepat waktu,5
"okay GO-JEK, nambah 2 bintang jadi full 5 bintang. krna aplikasi nya sudah diperbaiki untuk akun sy.. trima kasih",5
"Untuk Go send tolong di upgrade dong susah banget nyari titik nya,selalu pake patokan yang jauh dari alamat yg kita mau kesian juga Abang ojol nya",5
top,5
Mantap,5
semenjak ada goride hemat berbayar nunggu nya sampai 1jam padahal saya pakai goride biasa. udah menggunakan gojek dari 2018 kali ini saya pindah layanan . dikarenakan bukan jam sibuk tapi malah driver nya sangat jauh. padahal di depan rumah saya banyak driver tidak ada satupun yg masuk malah cari yg driver yg sangat jauh .,1
"jelek banget pelayanan customer service nya, customer disuruh / dipaksa ngomong sama AI (chat bot)",1
gojek nya kalo abis ujan susah banget buat dapet lo gila saya suda 10 kali di tolak saya mau sekolah jadi buat tidak sekolah gimana ya ini dan saya sudah menunggu selama 30 menit,1
drevernya baik banget pokok nya,5
makin lama cari driver,3
sangat memuaskan,5
pokoknya mantap,5
Semoga semakin baik baik dan baik lagi.,5
yaa,5
Lebih mahal dari Grab... dan banyak kendaraannya tak nyaman,2
sangat Puas,5
tidak manusiawi lagi,1
pelayanan baik dan sangat memuaskan pelanggan,5
bagus,5
gojek murah meriah cepat responnya rekomended sell pake gojek,5
"gojek cepet datengnya banyak promonya,, tapi kadang suka eror sistemnya sampe bener2 gk bisa d buka sama sekali. saya harap gk terulang lagi deh",5
"Semakin Hemat harganya, semakin murah nyawanya. Lo pesen ""Gatcha maut"" berkedok Hemat. Kalau akhirnya lo dicium aspal, itu bukan musibah, itu TRANSAKSI SUKSES!",1
ikutan langganan gacor kok kayak gak ikutan..,3
sekarang mhall,5
"drivernya udah ditunggu suka batalin ,alasan map ngga jelas tolong dong gojek aplikasi map-nya di update",2
"hallo gojek,,yg aplikasinya kadang kidding,,,tolonglah ya untuk apa ada gocar hemat,kalau supirnya aja nolak,kalau alasannya lokasi jauh masih diterima lah ya,,,ini alasannya jgn pake yg hemat kalau mau naik gocar,ngotak gak sih supir yg ngechat kaak gitu???apalagi kalau cuma gerimis ampun mah gue sama aplikasi ini naiknya 3 kali lipat dari biasanya,tolong diperbaiki lagi",1
"Selalu di kasih driver yang jauh-jauh, dan driver tidak mau jemput. Sangat tidak layak pelayanan aplikasi ini. Tidak ada juga fitur komplain di aplikasi nya. PARAH",1
bagi teman teman saya sarankan uninstall aplikasi ini. karena gojek tidak membela pelanggaann yang kehilangan barang di gocar. malah sebaliiknya hanya percaya dari kata2 driver. pelayanan pelanggan tidak berguna. pola pikir aneh. kejahatan di gojek tidak pernah benar benar ditaangani.,1
saat terdesak aja,5
menyenangkan mblnya bagus harimm,5
good 👍👍,5
Bpk nya baik ramah,5
nyaman,5
perjalanan lancar dan aman,5
"server sampah, dan lokasi driver to capel terlalu jauh, aplikasi sampah",2
layanan gocarnya payah setiap order pasti nanya dan milih padahal saya pesan bukan karna harga tapi kebutuhan,1
"HARGA ONGKIR, SAMA HARGA ASLI JADI GAK NGOTAK GINI, PADAHAL UDAH PAKAI DARI THN 2019 ... JADI OVER MAHAL",1
"Susah untuk go shop, setiap kali menambah pesanan malah force close",5
perbaiki penjemputan yg lama saat ujan..mau tipe normal dan hemat sama aja ga dpt2 pengemudi..kalah ama operator sebelah,3
parah y driver pd offline pasang harga 4x lipat. harus di tindak lanjuti tu.,1
"makin buruk, dapet driver selalu jauh",1
"Servernya benerin lagi dong, kalo habis hujan suka ngaco dapetnya lama & drivernya jauh², kalo pas lagi buru² kan jadi bikin telat",3
"gajelas klo di titik go ride tuh, mending nyari masing2 daripads di list. nunggu lama!!",1
"jelek bgt sumpah, hujan2 mesen gocar mau ke Rumah sakit malah gada satupun yang sedia.",1
ok,5
order nya kelamaan,1
"dapet driver lama, drivernya suka di lama lamain, kalo cari driver bilangnya bokingan rame padahal banyak yang kosong!saya telat Mulu. jarak dekat mahal banget",1
baik,5
bagusss dan membantu,5
"lama sejam nungguin driver yg mau, apalagi pas mau kerja parahhhh",1
Sulit mendapat Driver. SOP driver sering tidak dijalankan,1
ok,5
"kurang bagus, dan ga bisa bayar langsung, wajib banget tf dulu? jadi gmn kalo yang ga ada dana atau rekening?",1
mantap,5
sekarang gojek dapat drivernya susah,3
"fitur kirim gambarnya malah diilangin, jd susah klo mau ngirim bukti transfer ke drivernya",1
"mudah cepat banyak promonya lagi,, I like it",4
sangat membantu kaum emak emak,5
baik dan ramah,5
"Belum ada solusi kah kalo musim hujan gini???? susah dapet driver, pada gamau narik. mungkin bisa dibuatkan opsi pencarian untuk driver dengan jas hujan. mahal dikit gapapa asal ngga bikin telat kerja. makasih",1
transportasi mudah,5
bisa2ny panggil gojek batalin..loading bikin emosi..sumpah..sdgkan di area gojek bnyk tp cm muterr aja.. batalin ko 20x.. gila gojek skrg..sdgkan sinyal baik2 aj..pakai grab maxim nyaut sdgkan gojek..muter kaya kipas angin..gimana ga terlambat anak sy sekolah .PARAH SEKALI GOJEK SKRG.. kalau sdh tidk mumpuni di hapus aj aplikasiny,2
"tlong dong drivernya bnyk yg pilihkasih , bagian di butuhin kek gini lama udah pake gojek reguler tetep aja apalagi gojek hemat",1
kenapa skrg GO-ride setiap pagi susah mengambil orderan penumpang padahal byk terlihat di aplikasi Go-ride nya... tolong di perbaiki Krn kita sama2 membutuhkan,2
"saya sempat mengalami double order saat melakukan pemesanan, padahal saya cukup yakin bahwa saya hanye melakukan order pesanan 1 kali saja. dan saya kaget saat tiba-tiba ditelpon driver yang mengaku atas nama saya, padahal saya sedang menaiki gojek ketujuan dengan nama dan titik lokasi yang tepat. sehingga terpaksa keluar uang double. tolong diperbaiki dong gojek",1
saya suda nunggu 2jam tapi tidak dapat driver,1
"knp ya kalau udh pesan, dpt driver ny lamaaa bgt, gila sampai telat ini",1
nice trip with gojek🤍🙏🏻,5
"apk ga becus, lagi buru2 malah ga diterima👎🏼",1
knapa kalau pesan lama,3
"pencarian driver nya lama, ditinggal 15 menit belum dapet dapet",3
"ayoolahh akuu mauu sekolah gabisa , aku cari grab dari jam 6.00 sampek 6.25 ga dpt dpt😭,",4
tidak menanggapi keluhan konsumen dengan baik.,1
sistemnya error mlu jadi kalo nunggu dapet gojek lama mlh sering g dpt,1
"bagus, mantap,murah",5
"Tolong dong aplikasi gojek. klo disaat hujan, orderannya jgn lama dan gada yang ambil pesanan. niat pada kerja gak sih",1
kalau saat hujan untuk order gojek atau gocar dapatnya selalu jauh jauh.. coba diperbaiki lagi,3
"ngga dapet dapet padahal lagi buru buru. giliran grab ga sampe 3 detik langsung dapet, halah punya indo emang selalu bapuk",1
"kalo ujan susah dapet driver, sekalinya dapet malah langsung dicancel sama drivernya, jadi telat krna ga dpet driver.",1
"pengemudinya gajelas, udah dapet pengemudi dan nungguin 5 menit gada jawaban, di telfon dan di chat gada jawaban udah 10 menit malah dapat jawaban gak bisa nerima penumpang, kan harusnya bilang dari awal, namanya nurdi",1
tiap psen gojek pagi2 susah nya mnta ampun.. pdahal driver pada dket d lokasi.. udah psen dari pagi buta jg ttep susahhh,2
"ni gojek gimana ya, nyari drivernya susah amat di jam pagi",1
best,5
BELUM MAKSIMAL SAAT KITA CARI GOCAR DI PAGI HARI..GA DAPAT2..PAYAH,1
"driver ngga ada yang on padahal lagi buru²,mana udah dapet dicancel ngga ada profesionalnya",1
murahin bang kalo ke tujuan sekolah soalnya jarak dari rumah ke sekolah jauh,5
Baik & cepat,5
mantap,5
mantap dan ok,5
Tolong kalau order Carikan driver yang terdekat.,4
baik,5
perilaku sopan .atribut lengkap,5
Mantap,5
"Pesan 2 ayam, kedua-duanya mentah dan berdarah di tulang! Refund cuma Rp13.500 dari Rp33.000, CS nutup chat sepihak! Ini bahaya banget buat kesehatan pelanggan, sistem refund kacau, CS nggak profesional sama sekali. Gojek,tolong perbaiki refund, kualitas makanan, dan CS sekarang juga, jangan sampai pelanggan lain dirugikan parah kayak saya,semoga ulasan saya dibaca oleh pihak gojek..",1
mantap,4
sangat cocok buat transportasi,5
kerennn,5
ok,5
payaaah PD nolak di stasiun bdg pdhl standar pesen nya .seperti disengaja dilama lamain .biar gw cancel gt ya.,1
makasih,5
makain memper mudah,5
sangat membantu,5
mantap,5
HATI HATI DENGAN SYSTEM IBLIS PECAH TAGIHAN GOPAYLATER.. JEBAKAN IBLIS YANG MALAH MEMBENGKAK TAGIHAN. HAPUS AJ APPS INI DR HP,1
nyaman,5
mantap,5
bagus mantab,5
bagus cepat dan terpercaya,5
Ok,5
terbaik,5
mantap,5
beli token listri pngen cepet karena pulsa sudah hbis eh taunya saldo sudah kepotong token listrinya gak dikirim laporannya dalam perbaikan sistem kak lucu saldo keptong tapi trobel potong saldo pulsa jadi kecewa banget,1
attitude drivernya bagus,5
oke,5
masa gw sampe pesen dua kali buat cari drivernya mana diphp in lagi,1
"aplikasi gak guna kita nunggu udah kelaparan,,.malah dibatalin sepihak,,kalau kita batalin karena salah order tidak bisa.. hargai customer itu.kita ini byar loh bukan graatisan",1
pakai voucher malah tambah mahal 😡,1
ok,5
manyap,5
ok lah,4
"males banget kalo lagi gak ada driver, gak bisa batalin suruh nunggu sejam lebih, mana kalo chat bantuan ke cs pake AI , jawaban nya template bangett, gak ada kepastian, bintang satu, kalo bisa gak tak kasi bintang",1
"hapus aja fitur gopay pinjam nya, perrcuma klo gak bisa dipake udah muak aku",1
Good,4
aplikasi kurang bagus costumer service nya gak jelas dan gak membantu sama sekali,1
bagus,5
tidak di rekomendasikan karnaaa pengalaman sayaa saya belii makanan 2 Jam baru sampai lamaa sekali nunggunya😠 mending di grab ada gratis ongkir cepet lagi datengnya,1
"bagus,membantu,bisa mengantarkan kemana saja,apa saja👍",5
mantull tp bnyk iklan nya,5
meski hujan ttp cpt dpt driver,5
sangat membantu sekali👍🏻👍🏻👍🏻,5
cpat sampai..,5
diskonnya banyakin dong dan iklan terlau membingungkan,4
over all is good,5
tepat wsktu,5
"lebih cepat ditanggapi ,tapi ada minusnya agak mahal juga ya",5
"nungguin sejamm ga nyampe ""padahal di tulisan 8 menit lagi sampe, gara"" make yang hemat jadi gini hapus aja gojek hematnya ga guna, tolong di perbaiki lagi gojek astagayy",2
bagus,5
mempermudah pesen makanan lewat online,5
"baik, nyaman dan bersih mobilnya",5
Buat mendadak sangat membantu dan akurat,5
bagus,5
bagus tp aneh pay later nya gak bs aktf,5
Sy tdk pernah ikut gojek plus tapi selalu kepotong saldo sy.,1
cs nya bot,1
mantap,5
"saya pesan gofood tetapi tidak lengkap. mengajukan komplain chat driver tidak ada tanggapan, saya chat CS gojek tapi juga tidak ada kompensasi padahal memang barangnya kurang. sudah difotokan tetapi mengecewakan tidak ada pengembalian dana. Padahal saya pengguna gojek sudah lama dan selalu berlangganan gojek plus",1
"tidak lama menunggu, murah",5
sangat membantu mengantar makanan,5
jos,5
"percuma ada sistem goshop,gomart nya tiap dipakai slalu ditolak dari dulu",1
aplikasi tolol sering ngirim uang via e wallet tapi ga pernah masuk padahal resinya ada dan benar semua datanya,1
good,5
"mohon disediakan fitur pembatalan, karna sulit jika ada pesanan yg salah",2
oke,5
mantap,5
drivernya pada kurang ajar,1
saya pengguna gojek tapi kalo pagi mesen selalu jauh khusus hemat beralih ke reguler cepet driver nya,1
TOP BANGET,5
terbaik,5
sudah beberapa x pelayanan mengemudi sangat baik,5
ok,5
berguna,5
mantap cepat aman .,5
mantap gojek,5
"bagus, cepat sih penjemputan nya",5
ok,5
nice,5
josssss tenannnnnn,5
di outlet offline harga 18 di gojek jadi 32 gila ga kurang mahal? belum ongkirnya install udah lama beberapa tahun baru kali ini syok,1
"saya membeli minuman dari aplikasi ini dengan harga cukup mahal dan lupa untuk menambahkan voucher karena hp sedikit error. ketika saya langsung membatalkan, biasanya bisa dibatalkan tetapi pada kasus ini tidak bisa. saya mau chat restonya juga gabisa, tidak ada fitur untuk mengetik dan menelpon restonya. saya coba chat costumer service nya juga tidak mendapatkan solusi yang maksimal.",1
Driver nya sopan baik,5
KLO emng ga nyampai sampai pelsok/desa mnding jangan ada d stiap daerah,1
sangat membantu,5
"ntah knp tiap gofood, nunggu mereka nyari driver itu lamaaaaaaa bgt, dipercepat dong cari driver ny",3
mudah digunakan,5
abangnya ramah dan bawa motornya hati2 sekali. terimakasih 🙏,5
"banyak oknum, komplain tp ga di tangani lebih lanjut, parah bgt ni apk😂",1
hebat,5
kasian Mitra kalian yg buat kalian kaya tp tdk punya hati mengambil hasil keringat mrk seenaknya dan memberi sanksi tanpa melihat persolaan di lapangan,1
respon cepat... pengemudi nya ramah dan sopan,5
harga sring tidak akurat,1
ada apa dengan akun saya?,1
aplikasi yg membantu kegiatan sehari hari,5
"maps nya suka banget enggak gerak, saya sering kasih tip ke driver malah rating saya turun 🥲",1
good,5
drivernya ramah,5
sejauh ini pengalaman paling mantap memang gapernah salah pake gojek,5
penjemputan cepat,5
good,5
1. biaya go food makin hari naik. Hanya utk satu makanan yg dipesan biaya embel2nya di medan Rp 17.500 luar biasa.,1
bagus,4
aplikasi yang sangat membantu kita dlm perjalanan diluar kota sendiri,5
"lama datengnya kadang mesen gofood juga lama gada yang mau ngambil, kadang mau ke UBM ancol aj bisa 3 kali di cancel drivernya hadeh gimana dah klo emang gak niat ambil order gausah ambil lah udah nunggu lama malah dicancel juga",1
"kecewa berat buat gopaylaternya, saya pengguna yg selalu tepat waktu bayarnya. bahkan belum japo sudah saya bayar. hari ini setelah saya bayar, saya mau gunakan buat beli hadiah gopaylaternya langsung di blokir. lucu sekali pengguna setia Dan benar makenya malah di blokir. apa gak bisa liat riwayat pembayaran saya. kecewa berat. selalu buat kecewa",1
good,5
nunggu driver selalu lama mohon aplikasi GO-JEK tolong jgan lama2 nunggu driver karna kasihan castamer sering telat kalau berangkat kerja terimakasih,1
ok gas,5
keren,5
gampang di gunakan,5
"kok skrng gojek kualitas nya menurun ya? pesan makanan di gofood baru menambahkan ke keranjang trs mau atur alamat belum klaim voucher tiba² langsung ke pesan, trs untuk sebagian driver nya mungkin kerja cuma iseng² saja gaada niatan cari uang, bilang mohon ditunggu giliran ditunggu hampir 20 menitan tiba² dicancel tanpa konfirmasi yg jelas, orderan diterima tanpa konfirmasi malah nyeleweng jalan nya ga sesuai maps alhasil dicancel tanpa konfirmasi juga.",3
"ada rute tercepat malah di lewatkan ke rute yang muter""",1
"cukup mmbantu, tp terlalu mahal skrg.",3
selalu di jemput ga pake lama.. sering dapat promo dah driver ramah,5
baik,5
mantap,5
mau hapus akun pun gak bisa... darimana hubungi cs kalau mau hapus akun?,1
"Abdullah Honda Vario plat B5413TCB tindak orang ini karna saya mesen makanan tapi dia batalin, eh malah saya di tagih uang makanan seharga yang di aplikasi. bukannya di selesein malah di batalin pesenan saya dan saya di mintai duit seharga aplikasi kalau gak percaya saksi suami dan orang tua saya bisa hubungi saya kalau kakak nya mau",1
"mahal, lambat, sering error",3
"Pesen gosend dr tempat biasa ke tujuan ,sudah pesan berkali"" rutenya ga muter"" , sekarang order gosend dg tujuan dan dr tempat yg sama,malah rutenya muter""jadi lebih mahal!",2
manfaat,5
"Rekomendasi untuk keperluan Sehari,- hari",5
mantap ..pertahankan,5
“ PAKE HEMAT TIDAK ADA DRIVER YANG MAU AMBIL SAMPAI BERJAM JAM PADAHAL BANYAK DRIVER DI SEKITAR LOKASI “,1
lama bgt dapet driver nunggu lama baru dapet driver kesell bgttt,2
maaf sebelum ya...tolong dong pihak gojek ini bagaimana kelanjutan ya barang saya yg tertinggal di mobil driver belum ada kabar sama sekali dari pihak driver maupun gojek ya padahal saya sudah membuat laporan dan sudah menghubungi driver ya sampai sekarang belum ada kabar kejelasan kapan barang saya tertinggal di kembalikan. trima kasih dan mohon maaf,4
sampai sejauh ini pake ojol. gojek jauh lebih baik dari yg lain,5
lebih mantap,5
"bintang 5 tapi tolong untuk wilayah yang mitra atau merchant sudah banyakk bisa ditambah lagi untuk kuota pendaftaran drivernya, agar tidak terjadi double orderan yang membuat pesanan lama sekali. anggap juga buka lowongan pekerjaan buat orang",5
ferivikasi ribet,1
ok,5
jaringan oke tapi selalu bilang jaringan ga da hufff,2
terbaik,5
mungkin bakal lebih oke lagi kalo ditambahin fitur bayar dengan qris min😭🙏,4
"aplikasi tolol, saya tidak melakukan orderan, di custemer service tidak bisa menjelaskan, malah akun gojek saya tiba tiba dikeluarkan, dengan alesan server padat merayap.",1
aplikasi jadi sangat lemot. padahal jaringan bagus,1
MENGECEWAKAN!!! UNINSTAL!!!!,1
Baiknya untuk 10 orderan dapat 1 voucher gratis,1
pesan gofood sekarang lama banget dapat drivernya hampir 2jm pdhl lokasi resto cuma 5menit,1
sangat baik,5
terimakasih gojek,5
"jelek, gara gara ga nerima kode otp berkali-kali sampe harus nunggu 60 menit gw sampe ketahan ini di stasiun jam setengah 1 malem gara gara gabisa login apk, minimal 10 menit lah nyet emosi gw",1
"susah banget dapet driver, sekalinya dapet jauh2. kalo lagi butuh cepet ya wasalam. bye gojek, skr saya uninstall mending pake indrive aja.",1
"sekarang pake GO-JEK udah ga enak pesen goride hemat drivernya selalu jauh dan jarang mau ambil kadang drivernya diam saja, pesen goride biasa sama juga sekalinya dapet jauh lagi kenapa ya gojek dapat drivernya jauh mulu, nyobain aplikasi grab dapat drivernya yang deket deket beda dengan GOJEK jadi males pake gojek sekarang apa lagi pas hujan dan jam sibuk dapatnya yg jauh banget padahal di sekitar banyak driver",1
"saya suka dengan aplikasinya, tapi saya tidak suka dengan para drivernya, masih banyak driver gojek di luaran sana yang ga isa puasin hati pelanggan, ada gojek yg masih seneng buat bikin onar, jelekin nama panggung, dll. kemaren ibuk saya di fitnah sama salah satu driver gojek yang katanya ibuk saya nambah"" i omongan lah yg itulah yg ini lah cuma gara"" paket, padahal di cht nya dia yg bohong. masih banyak driver diluar sana yg gapunya tata Krama, suka se enaknya sendiri. cuma pgn bsa lbh baik aj",1
sangat membantu,4
sangat bagus,5
puas sekali,5
alhamdulillah sangat baik,5
sangat terbantu ada nya apk ini..,5
sejauh ini semua mudah,5
bagus,5
mantap banget rekomended,5
"ketika orderan tidak ada driver yang pickup, jangan mengorbankan pelanggan dengan menunggu sampai 1 jam lebih hanya untuk cari driver! maksimal tunggu driver setengah jam saja! kendala ada di pihak gojek jangan ditanggung oleh pelanggan! klo ingin resto nya laris maka pickup nya juga cepat!",1
top,5
driver sulit promo pelit,1
i love gojekz,5
isi e-money 50.000 blm masuk kaga dibalikin. Sering bgt kasus gini. jgn digojek deh KLO isi emoney,1
ok,5
is the best,5
"kelamaan, mau batalin juga ribet. hadehh...kalah sama apk sebelaah",1
Bintang Lima saya suka sesuai murah,5
gooodddd,5
sangat membatu,5
good,5
bagus,5
"pokoknya gampang kalo mau beli makan, minum,dll",5
"sekarang kalo order gofood,cari driver pake waktu,harus nunggu 1jam lebih,dipikir orang gak laper apa?paling males kalo pake apk gojek,sekarang cari driver aja harus pake waktu",1
"sangat membantu, terimakasih",5
great,5
"untuk pemesanan gocar tolong di filter lagi..driver pada nggak niat semua..sudah di tunggu 5menit,ga ada gerak di peta..di chat juga tidak di balas..sudah ganti 3 driver,dari gocar hemat,gocar biasa,gocar prioritas tetap di peta tidak gerak dan di chat tidak di balas",1
mantap,5
"hari ini sy 4 kali order gocar, dan ke empat nya para driver minta dibatalkan, driver gocar skrg pada SOMBONG menolak orderan, dan sejak kejadian hari ini sekarang sy beralih ke maxim. saran saya utk driver gocar, perbaiki mental bisnis anda...",1
ga ada penanganan jelas barang yang hilang akibat kelalaian driver,1
trimakasih,5
"maaf ya, untuk pemilihan rute kadang masih memilih rute yang lebih jauh padahal ada yang deket jadi naik banget harganya tolong deh, dari kemaren2 ga bener bener dah ini jalannya",2
cs sangat tidak membantu,1
kalau hujan dan gak dapat driver gofood estimasi waktu makin mundur. gojek semoga perbaiki cepat,1
sangat membantu buat kaum males gerak,5
"gofood udah 50 menit lebih maksa banget gak bisa dibatalin, gak dapet2 driver, terus udah gitu pihak resto nggak bisa dihubungi, gak ada kompensasi, apalah ini... minimal dikasih tau dong ada driver atau enggak",1
"banyak driver gajelas, udah ditungguin lama minta cancel, alasan jauh lah, ga sesuai antara jarak dan harga, lagi ada urusan lain, maaf untuk kali ini bintang 1 🙏",1
aplikasinya bagus,5
memuaskan,5
luaaaar biasa,5
Karana bersikap sopan,5
"perusahaan terbobrok.paket saya hilang dan saya melaporkan sampai 2 minggu.saya bolak balik disuruh kirim bukti dll karena paket saya di asuransikan.dan ternyata setelah 2 Minggu baru kurirnya mengaku dan bilang kalo barangnya di titipkan di kantor gojek depok. yg lebih g masuk diakal ,saya disuruh ambil sendiri paket itu di depok.jika saya tdkbisa ,saya disuruh melalui pengantaran gosend dengan biaya sendiri😡😡hebat sekali penyelesaian kalian.pantas saja kurir kalian seenaknya.gak TANGGUNG JWB",1
sopirnya baik dan sopan,5
"driver yg dket banyak dikasih yg paling jauh,,,, emang bego kalian",1
"mantap , selalu bs jd andalan",5
baik,5
sangat membantu,5
sangat mudah,5
bagus,4
tepat waktu dan nyaman 0,5
Top,5
Memuaskan Pokoknya 👍,4
ok,5
"lambat kali driver mobil ni macet kaga cuman 500m kaga jalan jalan,main judol dulu??",1
banyak supir tidak respon tapi dibatalkan,3
GOOD,5
luar biasa,5
"sangat membantu!!!jujur saya sangat sznang menggunakan aplikasi ini,ditambah fiturnya yang bagus dan sesuai kzbituhan konsumen.jaya terus gojek",5
senang sekali pke gojek Krn sgt membantu,5
ok,5
"susah gbs chat restoran, app suka error udh 2x pesen sendiri",1
keren,5
kerennn,5
ok,5
ok banget.,5
kebanyakan driver kj posisi di aplikasi tidak sesuai dengan konfirmasi by phone,2
"Pesan satu driver, malah error loading doang, terus tiba-tiba datang driver 2 orang. Sial bgt, mana lagi pake metode pembayaran gopay, jadinya di bayar keduanya. Bagusin tu bug nya, jgn nilep uang orang",2
Kapan ada pembayaran QRIS???,4
mantap,4
pelayanan sangat baik,1
"buat gocar, goride nya aman sihhh tapi buat gofood nya gak bgt bintang 1.udah 2 kali pengalaman yg pertama pesen jam 7 dateng jam 9,oke gapapa lah masih dateng kok nah yang kedua ini barusan ini pesen jam setengah 7 ini sampek jam 9 ini tetep tulisan nya perkiraan 55 menit eh ko tetep segitu mulu trus ada tulisan lagi awal nya tepat waktu jadi telat dannn ujung ujung nya kata nya driver nya sibuk yuk order lagi/ulang yuk... padahal udah nungguin 2 jam eh di batalin + suruh pesen ulang",4
Bagus,5
saya sudah bayar lunas pas mau pinjam lagi langsung ditolak,1
aplikasi sampah ampas ga guna... ngerugiin,1
pengendara bersahabat,5
suka,5
mantap..,5
"mau daftar aja sulit,",1
is the best,5
mbung ah,1
pesenn grabcar dimapnya ga gerak terus aneh,1
mantap,5
"setelah ganti HP baru, vermuk malah gagal terus",2
ramah,5
banyak yg menolak,1
"naik harga nya tinggi banget klo pas hujan wlaupun ga deres banget. apk satu nya ga setinggi ini.padahal udh lama dn nyaman pke apk ini.tapi sekrang udh engga..UDAH TAU CANCEL DRIVER karna terlalu jauh.malah diulang"" dpet nya tambah jauh.udh digitu akun saya malah terdeteksi melanggar.jelek banget gojek sekrang",1
"jujur sih aplikasi ini sangat membantu, tetapi lebih bagus lagi jika ada diskon",5
bagus,5
driver gojek ride nya baik baik semua,5
cepat dan mudah,5
selalu tepat waktu,5
Kenapa dapat driver jauh mulu yah. ga pagi ga sore. buruk. pindah ke aplikasi sebelah ajahlah. buang buang waktu,2
membantu sekali,5
aplikasi nya gampang dan praktis,5
oke....,5
tidak ramah,3
bagus,5
mantap,5
suka banya promonya,5
membantu sekali,5
susah buat dapetin driver,1
bgus..CPT tnggp,5
"sombong"" kalo driver gocar nya pada gamau ambil membuat org nunggu lama tau""nya gamau ambil orderan seharusnya bilang dari awal",1
"kenapa apl gojek sulit di buka,tiba"" keluar apl terus",1
JELEK BANGET,3
Oke,5
pemesanan makanan telatt mulu padahal udah pake pengiriman tercepat taii,1
ga bagus,1
good service,5
mantap,5
gojek sangat membantu kami semoga tambah jaya dan sukses,5
"apk jelek, Driver jauh2 vaaak uninstall lah",1
"bagus, cepat dan aman",5
tolong operator itu jangan tolol kasih driver jauh2 smua yg bukan yg dekat,1
di aku nggak bisa download karena pake device redmi pad se,5
oke,5
bagus sangat membatu kami untuk menuju suatu tempat dengan cepat dan praktis,5
mempermudah,5
buat naik kereta ko ga bisa2 kenapaya maaf dan Trmksih,5
pertahankan & tingkatkan,5
Saya senang pakai aplikasi gojek Sudah bertahun2...puji Tuhan belum pernah ada kendala Terima kasih Gojek. Gojek selalu yg terdepan...,5
seru,5
"aplikasi suka ngambil penumpang tapi ga ada respon chat, tolong dong diperhatikan drivernya suka gitu kalau malam, Sabtu Minggu juga drivernya jauh, banyak ojek tuyulnya",1
Makin jelek aja aplikasi nyaa. Driver sering lambat dtg ke lokasi dan lama dapat drivernya!!! mahal padahal,1
Lama kli di donwlod,1
Veryyy gooodddds,5
mahal bgt plis 😓,5
"maaf kalo saya pindah keaplikasi sebelah,karena kalo pesan goride selalu dapat driver yg jauh,padahal saya butuh cepet tolong diperbaiki lagi daripada pelanggan yg lain juga pada pindah",1
makin ok,5
oke lah,5
ok,5
sangat memuaskan,5
"untuk go pinjam tolong di perbaiki lagi penilaian nya , saya selalu bayar ontime bahkan di lunasi terus sebelum waktu nya tapi limit ga bisa ditarik lagi , info nya limit bisa ditarik berulang ulang , gimana sih",2
jelek banget sekarang gojek. harga lebih murah tapi susah nyari driver,1
ok banget,5
sangat bagus,5
bagus aplikasi nya GK ribet,3
b aja,4
"Makin kesini apk gojek makin buruk dapat driver jauh"" padahal gak hujan, pesan gofood pake ongkir ekstra malah makin lama sering pindah"" driver kapok pake gojek, mau coba pakai Grab saja.",1
Gojek Emang Keren Semoga Sukses Selalu 👍,5
"segini cukup untuk penilaian driver karena pilih""memakan banyak waktu sekalinya dapet jauh dan terkadang driver tidak bergerak ujung""nya pada minta di cancel!",2
pemesanan cepat dan memudahkan perjalanan,5
"Smoga sukses n sistem'y di perbaiki & mempermudahkan bwt yg mengunakan aplikasi COUSTUMER. Sedangkan untuk memesan Makanan or Layanan yg lain hrus menunggu Lama untuk mendapatkan Driver. Krn klau memesan Makanan or Layanan yg lain Hrus menunggu lama,yg ada menghabiskan waktu untuk Menunggu pesanan dtang... Krn untuk pesanan ada ESTIMASI Waktu,Sedangkan Di RESTORAN pun hrus menunggu waktu proses pembuatan yg di Pesan. Tolong perbaiki Sistem & Layanan di permudah & Di percepat untuk proses PEMESAN",5
bagus aja,5
"fitur notesnya merepotkan, biasa ndk pernah salah kirim request menu, skrg request menu klau ndk diperhatikan malah terkirim kedrivernya",1
setelah sekian lama ahhh,3
"Tidak bisa menemukan alamat tujuan, padahal alamat tujuan jelas dan berlokasi didalam kota, aplikasi sudah diberi izin akses lokasi dan sudah terbaru",1
ok,5
sangat membantu,5
good,5
mntp terimakasih,5
puas,5
berkali-kali update tetap aja gocats dan a+ rewards sering error/nggak bisa dibuka,2
akun ga jelas ga bisa cek siapa yang suruh cancel siapa juga yang rating nya di kurangin,1
"oi tak paham aku sama Klian,di ksi limit pinjaman tapi gk bisa narek padahal ud ada rek gua,mau pakai rekening lain tak ada,kenapa gk bisa narek sesama walet,jdi binggung aku buat apa ksi kalau tidak bisa di narek",1
driver gofood TDK di tanggepi,1
mantap,5
Sangat membantu bepergian,5
"aduh gojek, udah di bayar tapi tetap aja lama, hampir 1 jam menungguu",1
sangat membantu,5
ok lah,5
lumayan,4
"semenjak tgl 1 feb udah sulit order,klo dapat pun driver banyak sandiwara alasan jauh jemput",1
"Harusnya kalo ga ada driver dlm waktu 15-30 menit orderan gofood otomatis cancel, ini sejam lebih ditambah waktu delay ++ belasan menit... gila aja orang laper disuruh nunggu sejam lebih delay berulang kali tp sistem ga otomatis cancel. Help support juga ga berguna jawabnya cuma customer ga bisa cancel. Amburadul dah!!!",1
murah meriah,4
"Saya pengguna lama gojek, kenapa apk gojek saya gak bisa di buka",5
tolong dong kalau ga dpt driver selama 10 menit bisa cancel ribet nih udah nunggu lama sejam malah ga dpt driver bukan nya apa apa laper cuy mana kalo pesan yang lumayan gde banyak driver yang nolak tolonggg kebijakan nya,3
Diskon jarang tdk inovatif bepikirlah sebelum bicara atau update apk apakah yg pakai gojek tdk punya kendaraan? Pasti punya kalo lebih mahal pasti milih kendaraan mereka saldo tdk masuk mahal dibanding grab,1
bagus,5
suka aneh pas pencarian driver nya lama banget padahal di navigasi banyak motor terdekat tapi nunggunya lama ntah cari yang gimna🫥🙏🏼 jujur kecewa,4
"Sumpah dari 2017 Make gojek baru sekarang sekarang kayanya gua di cuekin beberapa driver, padahal tip kaga pernah putus selalu gua kasih tip biar kata cuma 5ribu tapi ada beberapa driver khusus daerah bandara soetta kadang kaga bales chat dan kadang sengaja biar kita batalin sendiri , pertanyaan nya masih butuh duit gak si driver nya , kecewa gua kalau begini terus kalau seenak driver / mitra nya begitu pelanggan pada kabur lah termasuk gua .",5
"kalau misalkan costumer ngasih bintang 1 dirahasiaan dong, dikasih privasi. ini gak, udah nya dapet driver yang kurang ajar, giliran dikasih bintang 1 malah nyamperin kerumah ngancem segala, mana yg ngancem pake komunitas pula, gak beres sumpah. sekarang aplikasinya udah ku unistal, pindah ke ojol sebelah wkwkw. sampai sekarang masih trauma sama nih aplikasi.",1
"jadi jelek, cari driver jadi susah",2
aplikasinya super aneh order gored padahal banyak Drive terdekat malah dapat yg jauh nyiksa driver,1
ok,5
bagus,5
mantap aplikasinya juga gak ribet dan pelayanannya baik,5
aplikasi tolol ..pinjam duit biasa nya mah gak ribet ...eh skrng pinjam BPKB ..lah BPKB nya di tahan.. bahasa nya gadai itu mah bodoh bgt,1
"untuk wilayah pasteur bandung, ini aneh, selalu ga ada driver yg terima order padahal di aplikasi kelihatan banyak yg online.",1
parah... driver gocar sama gorider smua pada milih2 pada belagu engga ada etika nya udh bilang oke ujung2 nya dia cancel udh nunggu2 lama tolong dong di perbaikin sistem Driver nya jgn kaya bgtu klo engga mau ngambil tinggal bilang jgn bilang otw udh nunggu lama trus di cancel,2
alhamdulillah sangat membantu.. barakallah..smoga selalu bermanfaat..,5
"saya kok tidak bisa lagi pakai paylater, apalagi pinjam juga tidak bisa, tarif gocar atau goride lebih mahal, murah di maxim.",1
pesen gofood sekarang lama banget ngga bisa dibatalin pula haduuhhh,1
mantab,5
bagus,4
Membuat lebih mudah dan cepat kirim barang.,5
Mau transfer ke rekening sendiri harus Daftar Gojek Plus. maksa Amat,1
nyaman,5
"hujan driver gak ada yang mau ambil, gak customer oriented",1
"kebiasaan banget susah banget dapat driver ojeknya apa karna pilih promo jadi di abai kan mending gak usah ada pilihan promo2 dah, padahal gak lagi hujan , kalau hujan maklumi gak kaya si kuning hujan atau macet driver cepat dapatnya",1
ok od job,5
"malah tambah jelek bangke, dibiarin bukannya tambah bagus malah jelek lagi",1
"tolong mencari seleksi driver tuh yang bertanggung jawab ya, pulang kerja nunggu lama sekalinya dapet di cancel sm driver salahnya dimana coba? udah keburu emosi buat nunggu dapet driver nya dan lagi"" di cancel, alasan karna macet. kalo gamau kena macet tidur aja dirumah dungu jangan ngojek. sy kasih bintang 5 biar bisa diliat orang lain",5
"peasan food nunggu sampai 2jam setengah, chat cs driver tidak ada solusi hanya info.",1
jarak deket tp ongkir hampir 20rb?,1
udah baguss banget tapi tolong tambahin bonus bonus lagi yaa buat pelajar terimakasih 🙏,5
belum milih layanan. tiba2 sdh mencari driver. gagal deh pilih gojek hemat. akhirnya terpilih layanan standar dengan keterangan motor N max...eh yg datang beat kecil... drivernya bilang maaf bawa helmya cuma 1..dah komplit..Triple kill,3
Beuh ni aplikasi takterhindari,5
"Ok banget gojek, ok nyaman , dan aman siip lah cocok buat berpergian",5
"aplikasi jelek, ga pantes dikasih bintang. lama banget carinyya",1
mahal banget ongkos goridenya beda 30% dari grab,3
makin kesini makin nyebelin. drivernya kalo ga mau ambil kabarin lah. ini udah nunggu lama baru bilang cari driver lain. ga sekali dua kali. maksud hati ga langsung cancel takut takut udah jalan tapi di mapsnya ga responsif. beda banget sama aplikasi sebelah,2
KENAPA SEMUA RESTORAN LAMA SEKALI YA?? BUKANNYA GOJEK SUDAH KASIH WAKTU SEKIAN MENIT UNTUK BUAT PESANAN SEBELUM DRIVER SAMPAI?? TAPI KENAPA SETIAP DRIVER SAMPAI MAKANAN BELUM JADI? KALO KEK GINI KITA DAPAT APA SEBAGAI DRIVER KALO SEMUA WAKTU HABIS NUNGGU DI RESTORAN? KENAPA TIDAK ADA KEMANUSIAAN SEBAGAI MANUSIA MENGHARGAI SESAMA PEKERJAAN? YANG BEGINI DIKASIH BINTANG BINTANG BAGUS??? GILA DARI 10 ORDERAN SAYA AMBIL SEMUA WAKTU HABIS NUNGGU DI RESTORAN!!!,1
ok,5
"Saya tdk tahu kenapa kok di aplikasi saya suka muncul Wifi atau Internet mati padahal semua bagus, sinyal bagus, ga mati juga internetnya dan aplikasi lain berjalan fine2 aja, tp gojek suka begini, sdh coba saya tutup dulu terus buka lagi tpi tetep aja begitu.",3
best,5
aplikasi yang sangat berguna,5
ramah dan tepat waktu,5
sangat membantu sekali,5
"saya pesen gojek padahal udah di cancel ttp datang, jauh 16 menit masuk jam 06.30 ttp datang bentak orang tua sya pdhl tinggal di bayar ga punya sopn santun. ❗️❗️",1
pertahankan,5
Sejauh ini sangat membantu,5
kesel sering ga dapet driver terus atau suka lama,2
Kenapa skrg kalo dpt driver tuh yang jauh2?? pdhal yg Deket juga banyak... jadinya nunggu lama...,2
rawan bgt ni gojek pdhlan uda kepencet batal cuma mau cek harga tiba2 kepesan aku ga sadar trs aku hps apk eh ada mknan dtg:( yaudala mo gmn lg:((,3
"tolong banget yh driver itu kalo misalnya dapet ordern kasih respon dong jngn diem di tmpt aja, ga ada ngabarin g ngejemput diem aj, tolng ya di benerin lagi makin lma makin ngeselin mesen di gojek bikin emosi driverny. padhl yng nyiptain mode hemat dari gojek tpi dampaknya ke customer yang jadi susah mesen nya, apalagi kalo pagi pagi disaat orang orang lagi butuh banget buat pergi ke sekolah Malah diem aja ga berangkat"" kalo gitu kenapa ga langsung cancel aja sih ato ilangin mode hemat sekalian",1
senang sekali pakai apk gojek,5
ramah ramah,5
bagus,5
untuk antar jemput sibuk mulu,1
mantap,5
"woiiii, aplikasi penghancur",1
aplikasi lemot sering gangguan,1
setelah gabung jadi mitra saya bisa cuan dan ada kegiatan untuk sehari² dan ini sangat membantu buat saya,5
ok bgt best gojek,5
driver nya baik dan ramah....,5
ok,5
mntapppp,5
mantap,5
"Aplikasi Gojek is the Best,, setiap hari selalu mengandalkan gojek utk bepergian",5
"wah kacau banget sih, tiba² aplikasi gojek gw logout sendiri. pas mau login gak bisa sama sekali. ini gimane sih? kok malah kaya begini nih aplikasi . tolong dong CS gojek respon cepet. ini saya pengguna lama aplikasi gojek, tiba² aplikasinya malahan begitu",1
"makin gak jelas performa aplikasinyaaa, sangat tidak bisa diandalkan lagi",1
"tolong tingkatin lagi untuk jangkauan nya, agar cepat dapet drivernya dan tingkatin lagi untuk menerima orderan walaupun harganya murah dan deket",2
bagai mana cara saya mengganti email yang sudah tidak saya gunakan/ hilang. agar saya dapat login kembali ke gojek,2
tingkatkan lagi,4
kok lama drivernya,1
membantu,5
"nyari gosend skrg lama di pick up nya, aplikasi suka error juga",1
"mantap, pelayanan bagus",5
"Sekali sekali bernostalgia di kota Dumai, naik gojek oke",5
bagus dan murah,5
membantu,5
cara kerja g jelas udah dibatalin tiba2 terpesan sendiri,1
harga murah banyak dusconnya,5
"nyari driver buat kirim barang/ gosend susah banget, payah",1
keren,5
jos jis,5
keren,5
baik,5
"kurir gojek sekarang gx jelas, pilih pilih cargo dan klu gx sesuai titik dikit marah marah mulu",1
aplikasinya sangat membantu,5
nice,5
bagus,5
"pengen ngasih saran aja, akhir-akhir ini driver suka lama jemput dan terlihat bgt di titik mapsny ga gerak-gerak. saya sudah satu pekan ini aktif menggunakan gojek, tp hampir 50% driver yg saya dapat slow respon dan titik drivernya ga gerak-gerak padahal diany udh konfirmasi di tunggu, tp lama bangettt. d ket, 7 menit tpi nunggu hampir 20 menit. tolong d tertibkan lagiiii",4
sangat membantu,5
mantap,5
"kecewa bgt dpt driverrr ga ramah,pdhl pengguna setiaaa gojek",1
"hari yg cerah panas, knpa masih susah juga dapet driver nya",1
"Ramah sopan , mau membantu angkt barang, sabar. terimksh",5
aplikasi Lola banget pantes org banyak beralih ke grab sekarang,1
semoga promonya semakin banyak,4
program hemat nya menyusahkan cs klo ga becus bikin program ga usah bikin . klo bisa semua nya di hematin boss,1
👍,5
mantap,5
👍,5
Ok good mantap,5
bagus,5
"ngebug mulu akhir2 ini, puncaknya gak bisa cancel orderan karena fitur cancelnya gak keluar mulu, kasian drivernya",2
terbaik,5
supir nya ga ada yg prof perbaiki SDM nyaa,1
gk ada yng nerima pesenan padahal deket,1
"gajelas dapet driver jauh dia sendiri yg cancel klo gamau kerja gausah jdi driver, apk juga gajelas banyak driver sekitar dapetnya yg jauh jauh",1
aplikasi sangat bagus,4
"pokok,e👍🏻👍🏻👍🏻👍🏻",5
banyak driver yang mengambil pesanan baik baik itu go ride go food atau layanan lain tapi sering ghosting tdk menghubungi atau tdk bsa dihubungi..apa solusinya karena sangat merugikan waktu,2
"manajemen buruk apalagi pola pikir petingginya atau yg punya gojek. gak punya PEMAHAMAN sama sekali tentang kebutuhan customer apalagi kondisi di lapangan. mau order goride/car aja di persulit untuk mendapatkan driver di jam sibuk, waktu bnyak terbuang hanya untuk menunggu driver, akibat dari pola pikir manajemen gojek yang sama sekali saya yakin waktu apply kerja di gojek TIDAK PUNYA PENGALAMAN KONDISI JALANAN. mau sampe kapan menangani hal sepele seperti ini aja sulit.",1
pake yang hemat gadapat driver Mulu dan sekalinya dapat dicancel. giliran yg normal dapat,1
kenapa ya tiap ujan susah banget dpt driver?? tolong deh diperbaikin. udh dr jaman aku kuliah pun selalu gini. cariin woi driver!,1
"aplikasi ini sangat tidak real time dan driver nya terkadang suka telat dan malas ngambil orderan padahal, sudah pakai goride yang biasa bukan yang hemat dan penentuan titik jemput nya tidak akurat.",1
mntapp,5
good,5
Tambah pembayaran Qris dong,5
"sengaja dibikinin susah untuk mendapatkan driver, setelahnya harganya naik 2x lipat lebih mahal, jarak tempuh 2,6 km. aplikasinya banyak bermain sekarang. lebih memilih tutup akun saja di gojek. untuk para drivernya, sehat-sehat dan lancar rezekinya slalu...",1
"tolong tambahin fitur mengedit rute yang ada di peta saat kita memesan, agar tidak ada driver yang tersesat karena salah mengambil jalan saat ingin menjemput kita",5
the best,5
"jelek, sekarang dapet driver jadi lama tidak konsisten, ada driver yang posisinya dekat tapi malah dikasih yang paling jauh, jam ramai masih banyak driver kosong tapi tidak dikasih APLIKASI TERJELEK SEDUNIA.",1
"sekarang susah banget dapet driver, sekalinya dapet malah yang jauh, gk kaya dulu. mau jajan pk qris juga suka susah scan barcodenya kadang emang gk bisa.",2
nyaman asik tepat waktu dan bersih.,5
kalo pagi gak ada nya mau Terima driver nya,1
"Beberapa bulan terakhir sering sulit sekali mendapat driver. Ini antara drivernya yang ga mau pick up atau ada kesalahan di sistem. Padahal ada banyak driver di sekitar lokasi pick up, waktunya pun bukan rush hour dan juga sedang tidak hujan. Kadang juga dapetnya jauh sekali dari lokasi, jadi harus nunggu lama atau driver minta cancel",1
sangat membantu saya untuk mendapatkan pelayanan transportasi,5
semoga bangrut🤲,1
top lah,5
buruk ga simpel,2
ngelag parahhh,3
Mursinah I ❤️ U,5
"aduhh ini kenapa ya setiap buka aplikasinya selalu delay buat ke fitur²nya, saya pakai aplikasi sebelah aman aja trs knpa ini selalu lama? mau pesan pun jadi nunggu gara² stuck loading",1
baik,5
Gijek sangat membantu banget pekerjaannya.selalu mengejar wkt,5
"Aplikasi paling buruk yg pernah ada, order goride hemat dapat driver sangat jauh dari titik penjemputan..!!! sulit dapat order banyak waktu terbuang",1
harga gojek terjangkau lebih hemat,5
top up gopay sll ribet sering gagal lemott👎,1
mudah digunakan dan sangat membantu,5
"aplikasi nya jelek banget sering banget eror titik antarnya suka berubah sendiri sampe om gojek nya marah ke saya padahal salah apk nya gitu deh. trus jga uang 1jt gw hilang(udh di tf masuk tapi di apknya ga ada bukti uangnya masuk) gak masuk gitu habis di top up. kecewa beratttt, ga ikhlas",1
didak bisa menghapus akun,1
sangat membantu,4
👍👍👍,5
pengalaman buruk,1
kontollllll lama x gak usa di download,1
"Saya mau protes! Saya selalu ketemu dengan driver yang meminta ganti bayaran parkir. Bukannya gimana² ya, walaupun sekitar 2-5rb doang masa harus minta ganti? Tolonglah ini sering banget ketemu pada driver gofood. Dan satu lagi, ada driver gofood marah ke saya karena tidak mengambil pesanan. Hey, saya sedang di belakang dan posisi cuci piring! Karena beberapa menit saja dia marah². Saya harap ada sanksi untuk driver tersebut. Dan iklan anda juga mengganggu di aplikasi lain",1
"tiap kali pesen gofood selalu berpindah sendiri titik lokasinya ga ngerti lagi, bikin driver sering nyasar, padahal tiap awal mesen dah selalu ngecek sesuai apa ngga titik lokasi sayanya, mending kalau deket ini kadang suka harus jalan kaki jauh buat nyamperin driver yg nyasar",1
awesome,5
👍🏻,5
"ada yg lm ada yg cepat tergantung mknn apa yg dipesan , masih abnormal",4
"udah sejam nunggu ternyata ga bisa dikirim karena nggak ada driver, minimal kalo emang ga bisa dikirim jangan suruh nunggu sejam. ubah aturan lu",1
bagus,5
mantap bangat 👍👍👍👍👍👍🙏,5
"aplikasi go pinjam hanya abal2, useless",1
Terbaik dari yang terbaik,5
DZOLIMMMM,1
cara pesan mudah dan di mengerti,5
helpfull transportation!,5
"driver sekarang pada sombong, mau udah di bayar pake gopay pun drivernya ttep gaada yg jelas. besok2 fitur pembatalannya di adain dong. jadi orang yg kaya saya selalu di phpin sama driver bisa batalin! kadang saya nunggu udah 1 atau 2 jam ttep tu driver ga jalan2. capedeh!",1
GOJEK MAHAL,1
"Bertahan dengan logika sehatmu tapi kamu akan kalah sama keadaan dan sistem, atau kamu ikuti sistem tetapi uang yg kamu dapat kurang layak.. demo demo ga ada kesadaran juga wahai manusia kantoran..",2
semoga jaya terus untuk GO-JEK,5
👍,3
buat apa ada fitur hemat kalo driver terdekat gaada yg mau ambil? pdhl banyak yg deket tapi driver gaada yg mau ambil. bahkan pake goride tanpa promo pun driver pada seenaknya gaada yg ambil orderan.,1
"tolong di perbaiki aplikasi nya, pesan 1 dapat nya 2 driver goride, sebagai driver ini cukup disayangkan, sudah 4 kali di saya kejadian",2
terimakasih pihak gojek sudah dikembalikan saldo saya,5
ongkir lebih murah lg. agar konsumen loyal,5
aplikasi yang bermanfaat,5
di one tap sudah menemukan pengemudi dan nunggu lama. trus otomatis ganti pengemudi lgi dan nunggu lama lgi trus ganti lagi dan ganti lagi.. kapok,1
enaklah pokoknya,4
"gosen jemput nya kebangetan u, jauh - jauh banget, ngapain w ambil mending w cancel nyari yg deket, kalau gk gada perubahan w yakin pas mau lebaran paket pada di anggurin itu",1
Mantap,5
"minta pickup barang dari jam 8WIB hari Selasa hingga 23:00 WIB hari Rabu tidak di pickup, padahal pakai instan, hari kamis pesan pickup lagi dari jam 8WIB hingga 18:54WIB tidak di pickup padahal pakai sameday. parah ini sangat2 parah!",1
ok,5
mantab,5
sangat membantu,5
puas,5
baik,5
sangat membantu dlm menerima dan mengirim barang,5
"semua driver yang saya dapet sangat baik dalam membawa customer jadi saya merasa nyaman, tapi tolonglah ubah kebijakan kalian yang mewajibkan driver untuk membayar denda 20k kalian tau kalo kebanyak driver itu orang' yang kurang mampu dan mereka bekerja untuk mencari nafkah untuk makan dan keluarganya kalo semisalnya dendanya sama segitu jadi untuk apa mereka jadi driver. Tolong di baca yaa",5
Cepat sampai tujuan dengan selamat,5
memuaskan,5
nyaman,5
bagus,5
nunggu tdk terlalu lama dan driver ramah,5
good,5
ok,5
sangat jelekkkkk ...tiap mau ajuin hanya PHP setelah lunas,2
menggunakan aplikasi Gojek ini memudahkan untuk transportasi dan aplikasinya mudah dipahami dan para drivwrnya selama jni baik dan sesuai dgn keinginan pengguna,5
good,5
"tolong tertibkan driver"" nakal yang suka pilih"" orderan dan yang suka gantung orderan, sudah nunggu lama di chat ga dibales d telpon ga d angkat.. itu driver atau patung",1
menyenangkan,5
Pengiriamn nya sat set banget dan driver gojek nya ramah-ramah,5
aplikasi ini sangat bermanfaat bagi saya,5
agak mahal sekarang yah,4
"pelayanan cepat harga terjangkau driver ramah,perjalanan nyaman kendaraan bersih. terimakasih Gojek",5
mohon sesuaikan lagi atau perbaharui maps lokasi,5
"sering² promo yaa, i love u gojekkk💗⭐⭐⭐⭐⭐",5
kocak jirr apk nya ngebut data driver sudah dimana gak ke update kasihan tukang antar makanannya nunggu 15m lebih🤣🤣,3
driver ramah pelayanan baik kecepatan 👍👍,5
nyaman ramah driver nya paham arah maps,5
good....semoga tetap bagus,5
sangat puas,5
terus di jaga kenyamanan utk penumpang,5
amanah dan nyaman bikin gak kapok pakai jasa ini,5
cepet kedatangan goride nya,5
aplikasi yang sangat membantu,5
good,5
terima kasih,5
"pacar ngambek , kasih dia makanan kesukaannya lewat gojek",5
aplikasinya bagus,4
ok,5
terlalu banyak notif di layar hp,1
sangat nyaman dan tepat wkt,5
"aneh emang laporan ke cs lambat lelet ,ngga di gojek driver ,ngga di sini sama aja lelett",1
gak bisa baya tujuan dan tunai,3
akun terkena suspend tapi aju banding nggak bisa,1
perbaiki gojeknya 😡😡😡,1
"keinget jaman gojek bakar bakar duit waktu kuliah gratis ongkir dan diskon gila gilaan, ayo gojek banyakin gratis ongkir wkwk",5
Kereennn,5
ok,5
bagus,5
sangat mmbantu,5
"maps nya dibenerin ya, masak titik jmput kita sdh benar tp di driver salah.. harus debat dulu.. maps nya beda universe kah?",1
Aplikasi tidak bagus. membekukan akun tanpa alasan. saya di sini membeli makanan mempermudah dagangan orang. lu seenaknya membekukan akun... 👎👎👎,1
ok mantap,5
cuma kadang susah dapat driver,5
"Pelayanan driver yg memuaskan, sikap dan cara bawa kendaraan yg baik",5
sangat membantu saya,5
tingkatkan lagi promo nya,5
"gojek terlalu mengambil keuntungan untuk aplikasi,ke merchant ada tagihan iklan ke customer harus bayar ongkos lebih karena pesanan ekstra tapi ke driver ongkosnya tidak lebih,semoga bisa ngatafakuran diri tong sarakah teuing",1
pelayanan yang baik,5
Mantappppp bosku..... 👍👍👍👍👍,5
"gojek skrng nyebelin yaa, , ,berkali kali transaksi pulsaa gagal terus stl ditransfer alhasil masuk ke gopay, apq sistemnya gt",4
"sengaja kasih bintang 5 biar di notice, makin ksini makin bagusan apk sblh apalagi pelayanan nnya. walaupun ga semua tapi kebanyakan driver GOJEK pada galak-galak, tp untung masih ada driver baik dan ramah lainnya. mau kasih driver galak bintang 1 pun kasian soalnya mereka juga kerja, cuma tolong klo gabisa ramah ya jangan galak . makasih",5
"gojek tolong lah , pesen goride hemat lama bnget , tolong diperbaiki sistem nya padahal udah bnyak keluhan , tapi masih aja kayak gitu , kalau terus seperti ini lama kelamaan customer bakal pindah aplikasi",1
ongkos terlalu mahal,1
good,5
"saya pengguna gojek sejak pertama muncul, namun sejak hujan mulai sering intens di jabodetabek, pada aplikasi saya sering sulit mendapatkan goride, kl pun dapat pasti yg jauh lokasinya. selain itu maps yg ada pada driver sering kali mengarahkan ke jalan yg lebih jauh padahal banyak jalan yang lbh dekat. mohon dapat di perbaiki sistem nya agar customer yg mengalami seperti saya bs kembali nyaman menggunakan gojek. terimakasih",5
tolong kalau bikin promo jangan driver yang suruh nanggung.....egois namanya... harusnya gojek bikin promo ya gojek yg nanggung,1
"setiap org ada baik dan buruk para dreverny,buat aplikasiny top",5
"sekarang parah, order dapet drivernya jauh-jauh sekali di cancel harga naik. tolong dong perbaiki kayak aplikasi GO-JEK yang lama",1
mamtoppp,5
heran padahal udah pilih metode cepet...tambah dapet gojek yang jauhh...emang gk jelas gojek sekarang,1
sangat baik lancar,5
Tidak sempurna tapi benar-benar membantu,5
"saya sangat senang maupun menyukai adanya transport online.diGojek Trannsportadi... ni jd segala urusan / apapun utk kt kemana - mana gampang dibuatnya, cepat lg?",5
oke,5
taxol keren murmer 🫰,5
"lama dapet nya kalo pagi pagi padahal saya butuh banget tapi driver pagi ga dapet """,1
nice,5
mantap,5
saya suka dengan aplikasi ini,5
oke,5
mengecewakan,1
puas sekaleee,5
oke,5
jelek ini aplikasi. sinyal bagus. mau pilih metode pembayaran aja. loading nya bikin kesel...,1
tepat waktu,5
Parah driver go jekkk sudah nunggu tapi di cancel sama kurir tapi di aplikasi masih ada si kurir awal kalo begini mulu unistall,5
sangat membantu mobilitas saya,5
"aplikasi nya bgs, yg TDK bgs org kantor nya yg zolim sm mitra nya, tarif bwh di utak Atik, bikin program yg menindas mitra nya sendiri, goride hemat kena potongan 2000/trip tarif 10500 dgn jarak 0-4 km,di potong langganan gacor,klu gx ikut langganan gacor di bikin anyeb alias nyender",2
solusi tepat untuk transportasi cepat.,5
"gojek gofood maaf rantingnya rendah,karna biaya penangannya dan pengirimannya sangat sangat mahal sekali,diskon pun sedikit.hampir setiap hari pakai gofood ga ada perubahannn!!!!",1
good,5
estimasi waktu pengiriman gofood melenceng jauh driver g bisa di lacak keberadaannya dari GPS,2
cepet sih. gokill,5
aplikasinya mudah dipakai dan sangat membantu,5
"tolong untuk cs laporan tentang barang tertinggal lebih cepat respon,saya bisa hubungi cs resmi lewat mna?",3
ongkir food semuanya mahal...percuma diskon 50% pun kalau ongkir food harga nya se harga food itu sendiri..,1
makin kesini makin buruk pelayanan nya,1
"Aplikasi yang awalnya Transportasi Online, menjadi Serba Ada Online Semua",5
mantab sukses dan jaya gojek bravo,5
"driver nya kebanyakan tidak jelas, tidak mau jemput tapi tidak balas chat!!",1
Pentingnya dengan makanan,5
ok,5
mantap cepat dan tepat,5
"sistem ga bagus, CS sama sekali tidak membantu",1
great,5
Gokil bgt yang ngide ini aplikasi,5
"mudah sekali memakai aplikasi ini, diskonnya dibanyakin lagi ya , heheerr",5
"pesan makanan hampir 1 jam ga ada yg nyaut driver 1 pun, mau batalin harus nunggu hampir 1 jam dulu, pas mau di batalin dr sistem baru ada driver yg nyaut, org sudah lapar jadi emosi kan, pokoknya payah banget aplikasinya ini sistemnya ga ramah dengan konsumen banget",1
good luck,5
layanan Ok,5
mantap,5
bagus,5
"UNTUK PESEN MAKANAN LAMA JIR,,MASAK HARUS NUNGGU MAKANANNYA SELESAI BARU DICARIIN DRIVER UDAH GITU GK BISA DI BATALIN LAGI PADAHAL BELUM NEMU DRIVER GK KAYA APK SEBELAH",2
lumayan ada tanggungjawabnya dr segi apapun itu bentuknya,5
"tolong dong terutama buat gofood gocar, sama go ride, kalau drivernya ada atau lg nunggu driver ada, tolong aktifkan juga batal pesanan meskipun udh konfirmasi sama klau kasih waktu tunggu ada drivernya jangan lama lama cukup 5-10 menit aja, karena saya nunggu hampir sejam lebih gak dapet2 driver nya, dan krjadian itu udh sering terjadi. klau misal kita mau dibatalin juga gk bisa, mau ditungguin juga gak dapet2 drivernya. klau misal yg nunggu makanan nya tamu kan ya kasihan",3
perbanyak diskon dan fitur,5
LAMA BGT BGT BGT YA ALLAH,1
aku pesen gofood lama pesen gocar lamaaa geselin bye,1
"asliiii,gojek itu ojol paling sombonggggg mau ujan atau ga ujan,kalo udah jalanan macet pasti sllu cansel orderan..",1
👌👌👌,5
Mantap...,4
sekarang driver nya banyak yang gamau ambil penumpang kalo pake promo.. dan misalnya di ambil.. driver lama datang nya.. driver sering minta cancel..,2
mantap,5
kalo Deket mahal,3
makin hari makin susah banget order... percuma juga ada promo tiap pakai promo gag pernah ada yg ambil drivernya.,1
"* MAHALLLL SEMUA * Ongkir GoFood nya sm Gojeg nya jg..🤦‍♂️ mana order GoFood ga bisa di batalin,..pdahal bru 2 detik..🤦‍♂️",1
mantap,5
baik semua,5
mantap,5
mantaf,5
"mantap,ojeknya kek rossi",5
sering di tolak kalo order musim hujan,3
cepat nyaman aku suka,5
"Ga ada yang mau take drivernya ga jelas, padahal cuaca bagus",1
bagus 👍,4
sangat membantu,5
"aplikasi sampah, busuk dan gak berguna. menyusahkan customer,driver dan pemilik usaha",1
selalu banyak promo ok banget,5
tidak disaran menginstal karna tidak jelas,1
mantabbb,5
mantaff,5
"saldo gopay tiba2 di blokir, tidak tau penyebeb nya apa, sudah menghubungi pihak gopaynya di menu bantuan tetep tidak ada respon dan saldo gopay saya masih belum bisa digunakan, tolong segera di perbaiki, karna saldonya mau di pakai. udah hampir 3 bulan saldo gopaynya masih di blokir juga, tanpa memberi alasan kenapa di blokir,",1
"masa gua udh pesen go food,go pulsa dan gojek gak bisa daftar gopay later, pdhl ini akun udh hampu setahun",3
good,5
sempat mati kelaparan nunggu kan driver antar makanan ke tempat lain,1
good job,5
gila.. pake gopaylater lupa bayar sehari aja kena denda 50rb padahal tagihan 150rb.. dendanya 35% asem.. permaenannya,1
good,5
gj baru juga login mlah ga bisa disuruh tunggu 30 jam seburu mati kelaperan nnti,1
"susah bgt nyari drivernya skrg, mana mahal lg hadeh",3
mantap,5
mantap,5
good job and ramah,5
cepat dan tepat,5
bagus,5
good,5
nasib driver cadangan....,5
membantu,5
kalo mls keluar pake iniii,5
mantap,5
ongkir terlalu mahal dan harga makanan nya ikutan mahal,1
sangat bagus,5
ok,5
gmapsnya ngaco,2
bagus banget buat jemput aku,5
banyak driver yg cancel dan minta tambahan harga dr rute aplikasi,5
map lebih tepat,5
"min saya mau tanya, saya setiap mau pesen gofood dmna jarak aslinya hanya 2km tapi pas saya mau order diaitu 10km",3
mantap,5
keren,5
perjalanan jadi lebih menyenangkan dan aman naik gojek🥰,5
Alhamdulillah kmn2 g ribet mksih ya,5
"Sukes terus gojek, ditengah dunia yang sedang gonjang ganjing ini",5
Tolong untuk penjemputan area stasiun kota malang... di berikan area khusus penjemputan agar tidak bayar lagi parkir liar sebesar Rp. 3.000,5
Makasih Go-Jek 🥰,4
"GOJEK ANEH VERIFIKASI MUKA SALAH TERUS, UDAH LAPORAN MALAH TIDAK DI TERIMA KARENA ADA KESALAHAN, PADAHAL SEMUANYA SUDAH BENAR DAN SESUAI",1
apk nya bagus,5
terimakasih pelayanan nya,5
gojek paling mantep,5
ramah,5
"bagus and cepat sampai tujuan yg saya tuju / order 👍👌🙏 terima kasih,matur thank you.",5
mantap lah pokoknya,5
tingkatkan pelayannan nya lagi,5
mantaap...,5
rodo lelet servere,5
bagus,5
top,5
good job,5
mantappp,5
mantab,5
sangat bagus,5
bagus,5
"Lambat, mesan go food nyari driver nya lama banget gk sesuai estimasi. Gw rate bintang 1 soal nya kecewa",1
"huuuuu, pesen gocar di jakarta utara, kaga sampe2 pengemudinya. total sejam buat nunggu doang. mana voucher malah jadi hangus",1
"aman, nyaman",5
banyak hal yang harus dikomunikasikan dengan baik antara gojek dan mitranya. karena kerap kali sistem yang di terapkan gojek berdampak terhadap customer.,4
sangat membantu disaat saat dibutuhkan,5
"aplikasi yang berguna banget buat kebutuhan sehari hari. mulai dari transportasi, makan sampe keuangan",5
apa banget? saya disuruh nunggu 40 menit buat dapat driver doang. mau saya batalin nggak dibolehin. perampok!!!,1
buruk pelayanan nya ga jelas kebanyakan di cancel driver gimana cs mau kasih rate kalo pelayanan gini malu sama integritas,1
ok,5
"gocar nya terlalu pilih""di saat kondisi mendesak gini butuh gocar milih nya harus biaya di atas 30 padahal tempat tujuan nya deket banget cuma gocar ga mau klo dapat nya yang di bawah 30 mana susah banget dapet nya hadehhhh kaget juga sih karna sebelum nya pakek gojek di kota sekarang di kampung jadi rada susah banget dapat nya udah nyoba beberapa kali tetep aja ga dapat""",2
ok,5
"BUAT PARA CUSTUMER KALAU MELIHAT ULASAN SAYA, MENDING JGN PILIH ARGO HEMAT, KASIHAN DRIVERNYA , YG FOOD KALAU PESEN MAYORITAS MINTA PARKIR KARENA KENA ONGKIR MURAH, AKIBAT KEBIJAKAN APLIKASI YG NGASIH KEBIJAKAN SEWENANGNYA, YG GORIDE KALAU PILIH HEMAT SAMA AJA MEMERAS PARA DRIVERNYA MENDING PILIH ARGO YG NORMAL AJA,",2
"aplikasi aneh, harus nunggu sejam lebih buat bisa ngebatalin pesanan. orang lapar kok disuruh nunggu sejam. tolong dong, kalo emang ga nemu driver 20 menit langsung bisa dibatalin. masa nunggu sejam lebih baru bisa, aneh banget",1
"Andalan buat pesan makan, berkendara, dan kirim barang. so far setiap ada kendala solusinya oke. semoga layanan terus ditingkatkan.",5
Makin kesini makin ga jelas driver2 gojek Bad attitude penambahan lagi aja bug di aplikasi gojek ini beberapa history perjalanan hilang dalam waktu yang sama,1
"sistem sampah,menunggu driver sampai 30-40 menit padahal disekitar saya banyak sekali driver nganggur, buang-buang waktu kl tidak berubah siap-siap ditinggal pengguna setia",1
oke,5
"Ada KASUS BESAR DI AREA MAKASSAR yg menggelikan sekaligus MERUGIKAN DRIVER. Tanggal 31 Januari dan 1 Pebruari, ada PROGRAM SPECIAL WEEK END utk Mitra Driver Layanan Jarak Dekat, yaitu insentif Rp 55.000 utk pencapaian 30 order dari jam 4 sore sd 9 malam. Banyak Mitra Driver yg berhasil mencapai target. Tapi apa yg terjadi ??? Hari Selasanya, ada PEMBERITAHUAN DARI KANTOR BAHWA PROGRAM TERSEBUT TIDAK BERLAKU UNTUK MITRA JARAK DEKAT. KESALAHAN FATAL !!! atau KETELEDORAN ???????",1
mantap,5
apa iti GO-RIDE hemat kasiam driver nya,1
the best,5
satu jam saya menunggu supir nya gak ada yang mau jemput,1
Sangat membantu dalam moda transportasi,5
paket shope dr tgl 1 sampe tgl 3 blm dijemput juga . padahal pake instan. kalo dah ga niat pertahankan aplikasi mending di tutup aja PT nya,1
customer service kerja nya lelet.. dibutuhin malah ga balas balas.. sangat tidak berguna mempersulit customer,3
terima kasih. aplikasi ini sangat membantu. harganya juga terjangkau.,5
"APLIKASI PENIPUAN, JANGAN ORDER GOFOOD EXPRESS DISINI. SAYA PUNYA PENGALAMAN ORDER GOFOOD EXPRESS BERKALI² BIAR CEPET. SI GOJEK MISAL UDAH JANJIIN DATENG DI JAM MISAL JAM 9:30. KALAU LEWAT DARI ITU BAKAL DAPET VOUCHER ONGKIR 6RB, TAPI GOJEK BAKAL MUNDURIN DAN MUNDURIN TERUS KALAU MEMANG DRIVERNYA YANG LAMA. BAHKAN DISTOP TIMENYA YANG AWALNYA 10 MENIT, PADAHAL UDAH LEBIH DARI 30 MENIT TAPI TTP DI 10 MENIT TULISANNYA. PAS UDAH DIANTER SAMA DRIVERNYA BARU BERUBAH TAPI TULISANNYA MALAH CEPAT.",1
tepat waktu drivernya ramah,5
buruk,1
mempermudah dalam perjalanan,5
aplikasi nya sangat bagus,5
mantap,5
tolong banget yh untuk yng ngasih promo hemat itu ngga guna banyak driver yh ngga mau ambil sekali nya ambil jarak nya jauh kalau gitu ngga usah ada promo hemat,5
Biarkan Bintang Yang Bicara,5
Oke,5
"estimasi waktu lu tuh benerin, bnyk buktinya kli driver keliatan telat",1
driver yang lagi byk masalah yg masih mabuk/ habis minum jangan narik dulu bahaya buat penumpang,1
lancar dan aman,5
"good driver's, good service, thank you gojek",5
mantap,5
Sangat membantu,1
Mantaap,5
lama lama makin gak berguna. dipake gak ada koneksi internet. lu doang yg gak ada koneksinya,1
sangat membantu disaat orgtua tdk bs antar skolah.. trimakasih ya om gojek nya sangat ramah,5
Tetap Memberikan Pelayanan yang Baik kepada Semua,5
mantap,5
ok,4
pelayanan nyaa lambat bgt plis orang lagi buru buru malah lambat bgt pelayanan nya bikin orng bm aj,1
bagus,5
"aplikasi tidak semakin baik,, bener2 makin buruk sorry saya uninstall",1
"gak beres aplikasi ini jam sibuk sekolah jemputan jauh tolong di perbaiki jgn hanya meraup keuntungan pikirkan nasib driver, di cancel driver gak di kasih orderan pantas aja pada lari ke aplikasi lain",1
Penjemputan tdk lama,5
ok,5
ga guna klo pesen terus mencari driver lama mau dibatali kgk bisa,1
baik,4
semenjak goride hemat jadi 6.000 jadi susah carinya,3
"skg gojek ng kaye dulu kita pesan bisa nunggu sampai 20 menit, 10 menit bekin jadi males untuk pake jadi mau uninstal ja. semoga lebih baik kedepan nya",1
"apk busuk ga adil pembagian orderan semoga bangkrut program langcor merugikan mitra driver, pemerintah nya Buta Tuli",1
good,5
best,5
"bagus, bisa membantu bila kepepet butuh pengantaran",5
mantap gojek slmt hari Imlek tgl 17 Febuari 2026 gojek,5
ok,5
gofood nya yang oke,5
ok,5
oke,5
jos,4
"Tolong ditingkatkan lebih baik lagi untuk pelayanan peta MAP (GPS) tujuan, apalagi kalau musim hujan (cuaca buruk) pasti titik petanya kadang tdk bisa sesuai apa yg cust. inginkan🙏",3
"aplikasi transportasi terefisien yg pernah ditemukan oleh dunia, yg memudahkan pengguna dimana saja",5
nyaman,4
"barusan dapet driver bp2 judes bgt terus marah2 gamau nganterin sesuai titik,beliau berhenti didepan gang jauh dari rumah alias jauh dari titik antar bener2 tu beliau blg saya cape harus balik lg LAHHH YA GIMANA ELO KAN NARIK INI BENER2 YA TOLONG LAH DRIVERNYA 🙏🏻🙏🏻🙏🏻🙏🏻🙏🏻",5
ok mempermudah,5
mengatasi masalah menyangkut keperluan transportasi dadakan.,5
sangat dibutuhkan,5
"mau daftar TPI tidak bisa,,Yau udah w uninstall",1
alah banyak bacot mau masuk aplikasi aja 😫😫🤯,1
bermanfaat,5
APLIKASI JELEK,1
semangat tetap semangat pejuang rupiah,5
sangat membantu,5
"akhir akhir ini pesanan telat di antar, entah kenapa pencarian driver lambat sekali",3
bagus,5
terimakasih,5
apik tenan perlu disebarluaskan,5
driver rapi dan ramah,5
"aneh gopaylater ditawarin baru pake setengah udah lgsg diblokir,, bayar aj gak pernah telat... gak niat nawarin gak usah kasih gopay later.. bangkrut ya..",1
terimakasih gojek sdh mengantar sampai ke rumah dengan selamat,5
bagusss bgtttt,5
mantap,5
adeuh tadi driver ngorder jauh karena saya paket hemat adeuh ...masa marah2gaje kan sesuai aplikasi,3
pake gosend instan sekarang lama bgt masa nyari driver buat pickup lama bgt sampe 3 jam blm di ambil jg,1
good job,5
aku pesen gofood express nunggu 60 menit ujung ujungnya malah batal gara gara gadapet driver. AKU NUNGGUIN 60 CUMA BUAT DAPET HIKMAH DOANG KALO APLIKASI NYA RUSAK,1
baik dan sopan pelayanan nya,5
udh op ni apk,5
kasih promo donk,5
🙏🙏🙏🙏Akun Driver Mitra Juara Di Prioritasin Oderan Goride tiap Hari👍🙏🙏🙏,5
aq suka bgtt sama apk gojek karna enak membantu dan kemana mana jauh lebih mudah,5
ok,5
aplikasi sialan order ga sengaja lagi gua. fiks gua APUS setelah ini. ga akan lagi2 gua download ni aplikasi ga jelas,1
ke sini nya makin mahal ajj,1
"thank gojek,sll anterin aku & barangku",5
"sekarang dpet gojek makin susah, lama, dan setiap dpet kebanyakan di cancel. Bikin telat",1
sangat membantu sekali,5
"untuk aplikasinya ok, sangat membantu tapi drivernya xoxo",5
"tidak hujan, loadingnya lama dpt nya jauh2... apa lagi klo hujan susah..., benerin sistemnya...",1
"SENGAJA DIKASIH B5 BIAR DIBACA! APAAN NUNGGU DRIVER BUAT GOFOOD 1 JAM LEBIH MASIH GA KETEMU JUGA!!! MAU NGEBATALIN DARI AWAL JG GABISA, APK TERKOCAK DAN TERTOLOL.",5
cepat ...tepat waktu...dn bnyk disconya👍👍,5
"secara pelayanan bagus dan gercep,, paling dari segi harga agak di diskon lagi ya buat gojek",5
sgt membantu sekali,5
dari 29 ribu tiba tiba naik harga ke 50 ribu,1
"notifnya ganggu bet, lagi main game multiplayer tiba tiba muncul notif sampe kebuka apknya, progress hampir 2 jam lenyap gitu aja",1
cari driver lama,1
susah dapat driver,1
"Kenapa aplikasi sekarang untuk drivernya dapat yang jauh terus ya? berkali2 dicoba seperti itu terus, jadi kecewa sama aplikasinya",1
lebih praktis dan cepat,5
semakin berkembang gojek dengan promonya,5
"lemot, dapetnya juga yg jaraknya jauh2. padahal jarang cancel kecuali diminta sama drivernya. Bbrp driver perlu diedukasi cara baca peta, posisi sudah sesuai masih ditelpon tanya lewat mana dan menyalahkan penumpang, padahal sudah diberi tau arah jalan dan posisinya.",1
bagus,5
gojeg memang okey...saya nyaman naik gojeg dan go car..tksh gojeg..,5
Bagus,5
"payah, beli pulsa lewat swadaya gojek, TDK masuk2 admin TDK respon",1
"apk g jelas, pesan go shop tb tb suka di cancel2 sndri pesan makan udah tau tunai alasannya ga bawa kembalian, pdhl tau tunai kan nyari driver susah bgt uninstall aja",1
"ini saya beli di go pulsa,tapi pulsa blm ada masuk dan belum ada pengembalian dana",5
makasih,5
cara ngelaporin driver yg mengabaikan pesanan gamana sih..menggangu bget.. nungu jadi smakin lamaaa.. tolong di jelaskan.. biar driver gak seenak nya sndiri,3
kalau bisa promonya lebih banyak lg 😊,5
"susah dapet driver kalau ngirim paket dari tokopedia driver banyak yg cancel huuffttt... ga usah alesan meningkatnya jumlah pesanan atau tidak ada driver di titik penjemputan, 4x di ulang mencari driver di tokopedia itu di cancel padahal pengiriman instant, giliran di alihkan ke grab baru 1x dapet driver langsung di ambil dan di kirim...",1
aku sayang gojek 🤗🤗 trutama aa' gojeknya🤗🤗,5
banyak kecewa dengan pelayanan goride dan gomart.driver goride melakukan penghinaan terhadap fisik customer dan ketidak jujuran dari driver saat gomart.kecewa sekali modus brg tidak dn hingga akhirnya konsumen pesanan barang berkurang dan konsumen di rugikan pdhl sudah memenuhi ongkir gratis sesuai pembelajaan yng ditetap kan gojek,1
"saya mau verifikasi malah gagal terus, sementara saya ada saldo di gopay, mau di pake jadi ga bisa karna slalu gagal di verifikasi muka, tolong dong jangan di bikin sulit",1
"KETAHUILAH PELANGGAN, DI BALIK ONGKOS MURAH KALIAN, APLIKASI GOJEK SANGAT KEJAM KEPADA DRIVERNYA, ORDERAN BIKE HEMAT YG KALIAN PESAN,DRVERLAH YG MENANGGUNG BIAYA PROMONYA, BUKAN GOJEK",1
gopay lebih cepat sangat mudah di gunakan .. makin berkembang terus ya sukses makin terdepan pokonyah,5
puas,5
aplikasi sampah,1
memang bs jadi prioritas dlm pemilihan alat transportasi umum,5
segalanya jadi mudah antar paket,5
sangat baik',5
semakin ke sini kirim brg pakai gojek makin susah. Ngga ada driver yg ambil,4
"bermodal aplikasi, yg di siksa drivernya potonganya gede",2
bagus,5
pelayanan bagus driver sopan tepat waktu,5
"terlalu lambat untuk pencarian driver meskipun jarak driver dekat, apalagi untuk layanan gofood bener² lelet semuanya",1
bagus,5
membantu banget,5
oke banget,5
"minta tolong dong untuk driver gocarnya di seleksi lagi, untuk bisa ramah kepada penumpang, dan tidak kbnyakan mengeluh masalah macet atau jalan sempit memang membosankan tapi setidaknya tidak kbnyakan mengeluh saat membawa penumpang apalagi di saat urgent. kebanyakan driver gocar skrng mengeluh didepan customer nya, membuat customer tidak nyaman mendengar nya.",1
Kenapa sih harus ada biaya pesanan gofood? Buat yg ngekos itu lumayan nambahin beban loh.apa lg biasax pesan makanan bisa 2X sehari. iiishhh...mengecewakan,5
tolong di tinjau kembali,3
ok,5
Mantap,5
memang lebih murah dari ojol sebelah. tapi kalau daerah pinggiran kadang gak dapet ojol,3
sangat membantu,5
sangat membantu kebutuhan sehari-hari ku,5
murah bnyk prom,5
Dari dulu untuk taxi online selalu pakai Gojek,5
bagus..!👍🙏,5
diskon nya endul,5
driver baik dan aman,5
"GPSnya ngaco melulu. Sudah berkali-kali, di komplain tidak digubris. Kasihan penumpang dan driver. Penumpang enggak bisa salahin driver. Driver juga enggak bisa salahin penumpang. Order udah bener, alamat bener berkali-kali cek. Tapi, begitu checkout, pesenan di ambil, tuh GPS semaunya sendiri. kirain pas pertama saya yang salah, penumpang. kagak tahunya, tiga kali order lagi berturut-turut begitu melulu. Parah banget dah, mana lagi kagak bisa jalan. Destinasi bukan yang dituju. Kacau!!!",1
mantul,5
"tiap mau beli kuota di gopulsa sllu error, tlg perbaiki.",1
baik,5
beli paketan uda 4 kali gaada yang masuk2,1
"biaya mahal, promo irit, pengiriman di marketplace paling lama ,kacau memng ini transport",1
mantap,5
ok banget pelayannya,5
nice,5
"sebenernya bagus2 aja ni aplikasi,cuman kadang males banget mau gofood antara kesel,kasian,sama ga tega!!driver pada kaga ada kembalian!!harusnya mungkin ga ada cod kali ya!",5
sangat membantu,5
overall selama beberapa tahun pakai Go-Jek tidak mengecewakan,5
"🔊 Konsep Fitur: Gojek Smart Voice Alert Notification (Super AI) Deskripsi Singkat Fitur notifikasi suara pintar di aplikasi Gojek yang otomatis membacakan status transaksi & detail pesanan dalam suara khas Gojek, lengkap dengan teks notifikasi. ✨ Fungsi Utama • Notifikasi Suara Otomatis Saat transaksi berhasil / diproses / dikirim, sistem akan membacakan: “Pesanan GoFood kamu berhasil. Total Rp58.000. Estimasi tiba 25 menit. Terima kasih telah menggunakan Gojek.” • Teks + Suara Sekaligus • Popu",5
cepat dan tepat,5
mantab pelayanan memuaskan,5
god job,4
mantappp,5
"disalatiga kenapa aneh ya?saya sedang buru"",trs pesen goride.padahal deket rumah saya ada driver yg online,tapi kenapa dapetnya yg jauh ya?dan alhasil saya harus nunggu driver tsb.ini gak efisien banget buat customer.tolong dong diperbaiki sistemnya kayak dulu lagi..yg tiap saya order pasti dapet driver yg dekat dengan saya.terima kasih",3
"sumpah fitur driver kasih rating ke customer itu ga guna banget, ngerugiin customer bgt. Orang2 ga ada yg mau pake lu lagi GOJEK. Hancur aja lu apps jelek. BAGUSAN GRAB DIMANA2, JAUUHHH BGTT BEDANYA, KULITAS DRIVER, APPS SEMUANYAA",1
order hemat dan order reguler sama sama lama dan dapatnya pengemudi jauh,1
BUAT BAYAR PASCA BAYAR XL GAGAL TERUS..,1
murah meriah harganya,5
asik,5
user friendly,5
mantap,5
transportasi untuk kerja,5
aq pelanggan setia goje dri awal dulu..saya note disini biar ada bukti pgi ini tgl 3 ketika ada info tentang gopay pinjam ketika AQ klik bertuliskan MAAF NO ANDA SUDAH DI GUNAKAN OLEH AKUN LAIN KETIKA AMDA SEDANG TIDAK NON AKTIF DAN SUDAH DI UPGRADE KE GOJEK plus..aq GK pernah pake gopay later apa gopinjam..awas ya sampai ada penyalagunan dataaa,1
"saya sudah memakai aplikasi gojek 4 tahun,alhamdulillah layanan the best",5
jarang ada diskon,5
"makin berat aja apk, muter mulu mau beli tiket krl",1
aplikasi terbaik,5
"Di kasih limit di gopay pinjam 200rb,pengajuan pertama sukses setelah lunas di ajukan LG di tolak nunggu 1 BLN,pengajuan ke 3 di tolak lg nunggu 2 BLN utk bisa mengajukan lg.terlalu rumit nih gojek kaya limit 200jt aja.padahal sy menggunakan gojek SDH dari THN 2015.Hilang resfeck deh males.",2
sangat bagus dan berguna untuk memakai perjalanan jarak jauh 👍,5
enjoy Abang nya,5
cepat sekali,5
ok,5
Susah cencel pesenan,3
"gojek yang mendapat orderan adalah pasti gojek yang keadaanya jauh ,dan bisa bikin terlambat selain itu pas sudah ditunggu malah di cancel sama gojeknya sendiri😢",2
bagus sekali,5
"Kenapa tiap order, dapetnya driver yang jauh dari radius titik jemput terus? Gimana sih ini sistemnya, agak lain.",3
"Gojek tolong dobenerin dong ini. Kenapa sekarang dapatnya jauh2, dan giliran sudah dapat drivenya nggak langsung jalan jadi waktu nunggunya malah makin lama",4
mantab,5
"makin lama makin gak jelas,harga tiap menit berubah trus, aplikasi gak jelas",1
"maaf bintang 1 dulu, sekarang cari drivernya lama bgt, driver disekitar padahal banyak tapi slalu dapet yang jauh, terkadang driver tidak langsung berangkat",1
"udah coba mode pencarian cepat malah dapetnya yang paling jauh lagi, coba yang mahal malah makin jauh",2
"harga pemesanan selalu berubah-ubah naik turun, mencari gojek hemat sangat lama.",1
sangat mudah,5
sangat membantu..,5
susah bgt dpt gojek pas hujan,1
memuaskan,5
dikasih driver yang jauh dari penjemputan,1
aplikasi goput ongkir nya kayak baxxi terlalu nyekelk.tolong pihak playstor ini di tertib kan,1
bagus,5
kok ga bisa login? bisa di pake ga ni apk?,1
untuk titik lokasi tolong di benerin kurang pas jadi kadang salah paham sama draver ny thanks,5
susah bnget dapet driver yang mau jmput ketitik,1
", 👍",5
ok,5
happy n feel safety,5
kelamaan,1
mantap,5
apk anak bangsa semoga tetap baik dan berjaya,5
good,5
"saya dulu instal gojek tapi tau2 hilang sendiri, sampai sekarang malah gak bisa login, padahal juga selalu memberi rating bintang 5 mau itu pelayanan kurang memuaskan. hampir 5 tahun ini saya instal ulang tidak bisa, kenapa ya ?",1
sangat memudahkan,5
"gopaylater gak bisa dipake lagii, padahal gak pernah sama sekali telat bayar,,,tahap review trus gak kelar2 udah 5 bulann,, mending pake aplikasi lain ajh yg bisa paylater ,,, bener2 kecewa pokoknyaaaa",2
orderan gofood terlalu lama sejahterakan drivernya,1
"sekarang gofood, tidak kelihatan map driver nya saat penjemputan dan pengantaran... padahal itu penting untuk monitor lokasinya",1
bagus,5
"untuk gofood lebih praktis, lebih cepat dan lebih ekonomis,🙏🏻",5
"sudah 1 jam menunggu lebih driver gofood dan tidak bisa batalkan pesanan, tidak bisa pesan yg lain karena tidak bisa membatalkan pesanan, waktu terbuang sia-sia.",1
"Mahal & go-food tidak menampilkan GPS driver melainkan icon ""makanan sudah di jalan"".",1
pesan makan di sini lelet,1
nggak drivernya nggak aplikasinya ruweettr..,1
mantap,5
sangat baik,5
Woke... Solutif,5
memudahkan urusan diwaktu darurat,4
Gampang le migunaake.. numpak motor lan mobil ora repot. golek maeman ugo gampang,5
satu kata lamaaaaaa. masak estimasi dapat drivernya satu jam an. terlalu lama,1
mw pake go send.. tp lama banget nemuin drivernya.. tapi kalo gocar / goride kok cepet. kan aneh.. coba d benerin lg min 🙏🙏,5
Drivernya sopan²,5
sukses Selalu Gojek,5
Lebih aman&nyaman,5
aplikasi rusak bodoh,1
"saya revisi bintang dri 3 ke 1, hari ini saya pesan goride ditolak 1x, lalu dapet driver baru gak gerak ditelpon sma di chat gak direspon, saya batalkan setelah 15 menit, pas pesan lagi harganya naik dari 42 ke 64rb gila berasa diperes sma goride, total waktu kebuang 35menitan cuma nunggu gak jelas, kalau dapet driver selalu jauh gak pernah deket, padahal ada banyak driver disekitar, dan kejadian ini sudah kesekian kalinya, mending pake aplikasi sebelah, kecewa berat sma goride",1
puas,5
respon keluhannya lama dan sering error.,1
aplikasi nga jelas makanan nga pernah di i anter 2 kali order nga di anter nga niat jadi apk gajelas nga ada pemberitahuan kalo toko tutup dll,1
"di daerah jakarta susah banget nyari driver yang mau ngambil order, tiap order didiemin ordernya, dichatt driver ga jawab, posisi ga gerak berkali. kalikaya gitu, akhornya mulai hari ini saya pindah ke aplimasi sebelah karena drivernya lebih mau kerja",1
oke aja,4
Jemput cepat dan nyampe tujuan tepat,5
"sebenernya kalau order makanan lama banget segitu Ekpres ,beda ama Aplikasi sebelah . mungkin bisa ditingkatkan lagi",5
cepat dan aman,5
"SANGAT MENGECEWAKAN GORIDE HEMAT, KATANYA DRIVER DIPAKSA BAYAR LEBIH BUAT DAPET ORDERAN HEMAT 20RB SEHARI, KASIHAN SEKALI PENGELUARAN DRIVER 30rb bensin+ 20rb Langganan, misal dapet 100rb Driver cuma bawa uang 50rb buat keluarga di rumah, APAKAH CUKUP UNTUK BERTAHAN HIDUP???",1
good,5
Mantap!,5
cucok meong,5
"ini kenapa cari driver susah banget sih? Udah pesan express masih aja telat. udah 2 kali dapat masalah bgini, customer lain sepertinya juga begitu tapi belum ada pembenahan. minimal tambahkan fitur batalkan pembelian kalau terlalu lama nunggu driver. ini sejam nunggu belum ada driver.",1
"sekarang pelayanan gojek bener2 mengecewakan. setiap pagi order gojek motor dan mobil susah dan ahirnya terpaksa berangkat naik kendaraan sendiri. meski sudah di tambah pencarian cepat dan itu menambah biaya juga sama saja tidak dapat driver, sesekali dapat dengan jarak yg cukup jauh, sudah di tunggu malah di batalkan. saya pengguna lama, yg saya lihat semakin hari pelayanan semakin tidak bagus. mungkin akan di pertimbangkan uninstall apk tersebut karna pelayanan nya sudah tidak bagus.",1
good,5
gak pernah dapet voucer gratis ongkir,2
"Hallo Gojek, saya mau buat pengaduan tapi bingung kemana jadi saya kasih bintang 1. Sudah 2 bulan ini entah kenapa sulit sekali cari driver, harga melambung tinggi tetapi driver yang menjemput jauh jauh jaraknya. Bagaimana dengan sistem gojek? semoga pengaduan ini terbaca oleh tim gojek. Sangat disayangkan saya pengguna lama gojek tetapi tidak nyaman dengan keadaan seperti ini Terima Kasih",1
simple,5
aplikasi yang sangat membantu,4
pelayanannya bagus👍👍,5
pada kayak ga niat narik penumpang,1
"semenjak hujan,harga siang sama jam pulang kerja beda lumayan banyak loh..misalkan siang harga 20 rb ini sore nya sampe 32 rb ya? lumayan loh 50%",1
mantep pokoknya,5
banyakin promo nya dong kak 🙏🙏🙏,5
ok,5
baik,5
mantap,5
mantap,4
kenapa duit aku sering berkurang yg di gopay kisaran 5rb ke bawah gak aman kah di sini,1
hampir 1 jam saya menunggu gak ada yang mau mengambil orderan saya padahal banyak mitra anda di sekitar saya tapi gak ada yang mau ambil orderan saya,1
sekarang susah banget dapet driver kalo pake goride hemat. ga ada yg mau ambil. buat apa ada pilihan hemat kalo driver nya ga ada. mending kasih promo yg wajar aja tp driver masih mau ambil penumpang.,1
Terbaik,5
"GO-SEND prioritas ga guna, nunggu 5 jam ga ada driver yg mau ngambil.. apanya yg prioritas!!!!",1
setiap top up selalu kena potongan,1
bagusss tapi diskon lebih lagi ya ehee,5
goodjob,5
Ok. Recommended,5
knpa sih sejak ada gojek hemat drivernya pada ga mau ambil orderannya.. aneh deh ya.. dipelayannanya ada tapi ga ada yg mau ambil orderannya sama juga bohong dong,3
setiap milih goride hemat selalu dapat yg sangat jauh.ayolah kalo dapat itu yg gak jauh jauh amat susah carinya.di cancel Mulu.,1
"knpa skrng jd lebih lama ya anter makanannya, pdhal jaraknya ga terlalu jauh tapi bisa sampe 30 - 50 menit. sedangkan di aplikasi lain bisa lebih cepet. tolong di perbaiki ya, terimakasih.",3
baikkkk,5
ok,5
sangat bermanfaat dan memudahkan perjalanan,5
"Tiap pembayaran selalu yg muncul awal pasti opsi pakai paylater, tiba2 ada denda 50.000 karena telat bayar paylater, padahal bulan lalu merasa nggak pakai, pas di cek bener aja ada transaksi yg nggak sngaja kebayar pake paylater, padahal transaksi 3k doangggg, dendanyaaa 50k edan",1
aplikasi bagus memudahkan pesan makanan transportasi membantu aktifitas sehari hari,5
"sebenarnya ini gojek bagus banget, banyak diskon yang awalnya ayam harga 120 , dapat 5, jadi 70 rban aja, aku suka, yang gaa aku suka rata rata, tokonya, aku pesen express masih aja lambat , duit Lo itu , cuma beda 2ribu aja si, yg biasa 15 , express 17 RB, but it's okey, soalnya kalo lapar tinggal pesen digojek , harga murah, diskon banyakk 😍",5
Oke lah kalo begitu,5
jos,5
"jangan minta di update terus dong,emang kenapa sih?",3
"semarang crito kejadian td pagi. Pas mau nganter sekolah tetangga minta tlng order goride dr daerah Karyadi ke SMP 5 sekitar jam 6.15 pagi. Argo hemat 7000, ride biasa 15.000. Diat bilang hemat aja mas wong selisih jauh, maklum Dimata Cust tetep pesen hemat. Aku Manut tak orderke. Sampe jam 6.40 masih muter2. Akhirnya tak cancel tak ganti order Maxim, ga sampe semenit dapet. Padahal di seputar Karyadi wakeh driver udut. Sebegitu parahnya sistem hemat berbayar, demi Chuan pastinya banyak Cust",1
srng gangguan,1
bolehlah,4
ok,5
lumayan,4
BEST,5
ok,5
"tolong min saldo saya tiba tiba kepotong tanpa ada perizinan saya padahal saldo saya itu buat bayar keperluan malah tiba tiba di potong oleh sistem langganan dan saya juga tidak pernah langganan tetapi ketika ada saldo, saldo saya kepotong otomatis benahi sistem nya setidaknya kalo mau ada potongan atau segala macam harus ada perizinan",1
mantap,5
draiver nya ramah,5
gojek sangat membantu dikala genting...,5
saldo aku ketahan apl ny GK bisa dibuka...aku pake qris usaha...gimana ini,1
ok,5
aktifitas jadi mudah,5
membantu,5
mantap kok,4
selalu bnyk promo dan driver gampang,5
Lumayan memudahkan,1
udh pny akun tp dihp yg lama..pas download lg dihp baru gak bsa masuk gegara gak bsa verifikasi wajah...tahun baru bukan memudahkan malah ribet,4
membantu disaat butuh cepat waktu,5
senang sekali,5
selalu hemat ongkos nya. makasih gojek sukses selalu ya,5
"kesel banget gua ini driver nya oknum doang ni ya, lu pada demen banget apa ya megang megang customer. udah 3 kali loh gua jadi korban pelecehan dari GOJEK ni, dari tangan di pegang pegang, pundak gua di pegang pegang. gatau dah driver yang awal tu kayak gimana sekarang gatau gua semenjak buat laporan, barusan gosend begitu sengaja megang tangan. trauma anjir lah, ngerusak hari bukan nya fokus sama apa yang jadi tujuan kek nyari duit anterin customer sampai selamat ke tempat tujuan.",1
kdang ada driver yg bkin naik darah.,5
mantaplah,5
nyaman lbh praktis👍,5
Kenapa setiap saya pesan go-food Kok nggak bisa kak? Saya tuh sudah klik pesan antar kok tidak bisa apa yang harus diperbaiki? Di samping itu kok go-jek sering ada gangguan. Tolong segera diperbaiki.,5
pasti ada jalan,5
tidak nyaman,1
Jempol..,5
aplikasi transportasi terbaik,5
ok,5
ok,5
"""Maaf gojek lagi rame"" Trus gw makan apa anjg ☺",3
"Pelayanannya cepat, order pun cepat palagi gojek instannya",5
mau kirim pake gosen nunggu sampe 1jam gak dpat driver👍,3
ok,5
gojek update pembayaran via qris dong,3
sangat membantu,5
lemot. uang sisa 50 perak menyusahkan.,1
"gabisa di buka alasan aplikasi sedang rame, gitu aja terus diulang ulang.",1
OK Mantul,5
banyak diskon 😍,5
OK Mantul,5
OK Mantul,5
apk bodoh kadang suka ga jelas lag padahal internet saya lancar,1
"bayar pakai gopay gojeknya ada tapi tidak menghampiri malah lihatin terus sambil balas chat alhasil uang kepotong diantark ketempat tujuan tidak , dan tidak ada pilihan batalkan pesanan",1
gojek sangat membantu buat sehari hari buat anter jemput sekolah anak aku,5
ok baik lah,5
Gara-gara pakai gopay latter sehari telat kena denda 50k... parah memang ni aplikasi gak ada invoice ... pliss jangan mau dibohongi sama aplikasi tolol ini... nggak ngotak banget ..gak ada pemberitahuan apapun tiba2 denda.. gilaa,1
"apa sekarang lebih selektif memilih para Rider, lebih nyaman berkendara, waktu jemput tepat,App go rider pun semakin fleksibel. semoga semakin sukses.",5
login nya jd complicated. sudah otp whatsap. masih ada email. dan nggak tau itu emailnya lupa udh nggak login lg. yaudah.. batal. ununstall. pake grab aja.. langsung masuk..,2
mantap,5
jelek banget. dapat lokasi jauh terus,1
pelayanan nya sangat memuaskan,5
sangat berguna,5
"makin lama makin hancur ini gojek, nyari driver nya kelamaan",1
gak jelas,1
"tolong para driver gojek,kalo tidak mentaati peraturan lalu lintas jangan sok jagoan,mentang"" banyak teman drivernya",2
"ya allah utang aku cuman 7rb , gegara lupa telat bayar jadi 57rb , keterlalluan denda nya gak masuk akal 😭😭😭",1
good service,5
"susah bgt dptny asli, awal' (kurleb setahun) masi gampang dptny tp skrg jd telat mulu klo berangkat sekolah gr' selalu ga dpt. klopun dpt selalu ditolak pdhl udh blg jgn ditolak pdhl klopun jauh masi sabar ditungguin, fyi sy masi pelajar ya tolong pengertiannya",4
"dapet driver jauh mlu, batal booking malah kena peringatan akun mau ke blok klo kebanyakan batal booking",1
nyari driver lama giliran udh dapet seenaknya aja dibatalin sepihak sama driverny,1
"Dear team Support Sistem Gojek, Mohon dimaksimalkan lagi ketika musim hujan agar customer dapat driver yang posisinya tidak sangat jauh dari lokasi penjemputan. ini yang sedang dikeluhkan Customer dan juga Driver, ketika pesan driver posisinya sangat jauh dan lama mendapatkan driver. mohon dimaksimalkan lagi, terimakasih",5
sangat membantu,5
gopaylater dendanya sangat mahal hutang saya 17rb dendanya sampai 50rb Firaun Juga lu!!,1
"gojek skrng jelek bgt, pesen goride dibatalin semua padahal cuaca lagi ga ujan sama sekali",3
lama nya klo lagi musim hujan gini. para drivernya ngg mau pada terima aneh ya. padahal di gajih dari gojek langsung padahal tadi udah dapet driver eh lasung di batalin sama driver nya. kan aneh,5
susah ordernya gak ada yang mau ambil padahal dulu gak kaya gini 😪,2
"Gembell kalo lagi cuaca mendung. driver banyak tapi zonk semua kagak ada yg ngambil. hujan engga, ambil gocar dan GO-RIDE gak ada yg ambil. Parah",1
driver suka cancel gjls,1
setiap ujan gapernah dapet driver. gajelas,1
good job,5
pertama kali pesan sendiri.......ternyata......mudah,5
ok,5
"klo hujan pencarian driver nya bisa mental jauh bgt dari titik jemput,padahal driver terdekat banyak..udah gtu selalu di cancel driver...giliran yg nggak di cancel driver dihubungin malah nggak bisa. ....udah pake yg prioritas pun sama nggak ada beda nya... Akhir nya pindah ke kompetitor langsung dapet tanpa drama apapun..",3
"Jemput dan antar cepat, aman dan nyaman.",5
"kalo hujan pada nolak rejeki, padahal gerimis kecil",1
driver gaada yg mau ngambil,3
memudahkan sekali,5
nice,5
mudah,4
"Gak guna dibuat GOJEK HEMAT kalau Driver nya gak ada yg mau ambil di waktu pagi hari. Padahal disitu banyak² nya penumpang yg butuh driver (goride). Lihat di maps banyak goride nongkrong, tp 1 pun gak ada yg mau ambil kalau pakai GORIDEHEMAT. Tolong dikasih sanksi aja buat driver yg mau ambil orderan pilih² harga. Beda bangett jauhh sama Aplikasi Ojol sebelah !",1
sangat membantu,5
mantap,5
mantap,5
parah gojek. setelah hujan orderan susah udah klik yang Hargo tinggi tetap gak dapat. di map aplikasi gojek driver ada dimana dimana. aplikasi parah. tidak ada perubahan gojek. kecewa.,1
akun bisa diretas,1
driver nya tanggung jawab.,4
udah okee,5
"Aneh sekali, kenapa driver dipilih tidak dari yang terdekat, kita yg sedang buru buru, jadi kelamaan nunggu driver.",1
layanannya makin kesini makin busuk nih. uda pake yg harga paling tinggi tetep aja dapet driver jauh padahal disekitar lokasi penjemputan banyak. ujung ujungnya selalu di cancel. cobalah edukasi drivernya.,1
good,5
kok mesti tambah lama ya cari driver mau sampe 5mnitlebihan jarak ya juga cari ya jauh bgt,3
memudahkan kita order makanan,5
kagak ada yang mau pick up. udah nunggu hampir 30 menitan. trus juga kadang ada yang pura2 isi bensin tapi malah ngejauh. sengaja banget bikin penumpangnya harus batalin. makin gak jelas,2
pengemudi ramah,5
susah bgt dpt driver. mahal buat anak sekolah. driver bisa liat rate penumpang tapi penumpang ga.,1
"kok di kasih yg jauh mulu, sekalinya nyari susah banget lagi yg nyantol sampe setengah jam 😐",1
👍👍👍👍👍,5
"GASUKA BANGETTTTTTT KALO MESEN TUH LAMA BANGETTTTTT, sekalinya dapet jauh",1
lama padahal banyak yang deket,1
cukup bintang saja yang berbicara,5
dapat driver nya lama sekali dapet langsung yang jauh,1
mahall bangettt tidak konsisten,1
OK,5
"Mantap gojek nya gercep ngebut , mantap banget",5
"aplikasinya bagus, lengkap",5
"download recipe susah, gagal terus.",1
Kadang untung kadang buntung.,5
"syuka sama aplikasinya, banyak fitur berguna bgt",5
mantap,5
mntull,5
Mantap,5
"tolong untuk fitur pembatalan di perpanjang waktunya, banyak korban kepencet lalu kebingungan",2
mahsa allah,5
makin mantap aplikasi gojel,5
berguna banget buat kalo lagi laper tengah malem atau buru buru mau pergi,5
mantap,5
"tolong aplikatator hpus sistem langganan gacor krna pjmputan trllu jauh n dpt driver ny jauh2 kshn mrka ongkos g sberapa tp ngmbil jauh2, tolong d ubah sprti dulu, hlngkan lngganan gacor.lama klmaan custemer ny pd pndah k aplikasi laen",1
mantap,5
"waktu tunggu untuk pembatalan pesanan GO-FOOD terlalu lama, terbuang waktu saya 🤦‍♂",1
nuhun om,5
jika boleh memberi saran tolong kasi filter driver perempuan (jadi bisa milih drivernya mau laki laki atau perempuan) kallo untuk go food dan go send good bangettt,5
"tolong jelasin ini kenapa tiap buka app nya ngelag parah bahkan sampe app nya close sendiri, tapi buka app lain lancar² aja cuma app gojek doang yg sering lag",4
"susah dapet driver klo malem, nunggu lama bgt ga dapet""",3
drivernya ga niat cari uang ya saya pulang kerja udh 1 jamm nunggu driver udh 7x di cancel terus sama driverny.,2
"aplikasi jelek, harga berubah-ubah ngak pasti, pencarian driver ngawur, jelas2 di pelabuhan banyak drivernya, malah di kasih yg jauh...",1
sangat me membantu terima kasih gojek,5
mantap,5
Sangat membantu dalam banyak keperluan.mantap,5
"2 kali nih gojek bermasalah,semalem pesan makan tidak dapat driver sampai 2 jam ,sekarang pesan makanan tiba tiba di batalkan ,anehhh",1
Biasa ajalah sedikit kekurangan namun tetap punya keunggulan.,4
selalu gercep banyak discounan pula,5
dapet driver lama,1
jos,5
makin kesini banyak driver yg gk jelas minta cancel tolong pihak gojek di seleksi lg,2
apk pengiriman paket paling mantap,5
kalo pesen makanan gak dapet-dapet driver baru bisa batalin otomatis setelah satu jam nunggu. muak bangettttt,1
mau bayar tagihan ko dipersulit?,1
mantap,5
keren,5
"kesel banget ya enggk bisa batalin pesanan nunggu hampir 1 jam karena driver belum ada, harusnya batas tunggu 15 menit aja kalo memang enggk ada drivernya, hampir 1 jam nungguin driver enggk nemu, alesannya resto udh nyiapin makanan, yang saya pesan itu es krim bayangin aja di siapin tapi hampir 1 jam driver enggk nemu itu eskrim udah meleleh, tolong nih di benahin lagi ya gojek, noh kayak aplikasi shoppe food kalo belum ada driver selama 12 menit bisa di batelin sendiri.",1
sopan drivernya dan safe driving,5
mantapp,5
keren banget,5
kecewa gak ada driver nya,1
apk ra jelas blas gak ada notif tiba² hilang semua,3
ok saja,5
ok....lebih. murah. dr. sebelah,5
"kok saya kagak dapet kode otp Gmail, padahal saya udah ngikutin cara-caranya masih aja kagak bisa, mohon bantuannya 🙏🏻",2
HALO?? BAGAIMANA SALDO SAYA YG TIDAK MASUK MASUK SAMPAI SEKARANG CUMA PROSES PROSES APA YG KALIAN PROSES INI SALDO TIDAK MASUK JUGA SAYA SUDAH MEMOHON BANTUAN BERKALI KALI TELFON CS DAN SEGALANYA TIDAK ADA PENYELESAIAN JUGA TERIMAKASIH KARENA APLIKASI KALIAN SAYA TIDAK BISA MEMBAYAR TEMPAT TINGGAL DAN SUDAH DI USIR SORE INI TERIMAKASIH,1
"mau bayar somay malu2in sinyal malah jadi muter2, orang internet full kuota bny. payah",1
tp sudah lama gak pakai krn gak ada discount nya,5
driver y ramah penjemputan ya cepat....mantap 👍👍👍,5
"Mantap, mmudahkan mobilisasi saya dalam setiap aktivitas...",5
"tolong lah beri driver waktu estimasi kalo food itu jgn terlalu cepet seperti 14 menit, aneh orderan baru masuk estimasi cepat bgtu mana diburu buru customer juga. pakai istilah flash/express lah pengantaran, kalo driver dapat resto terdekat ttp gamungkin estimasi sgtu lah ini udh dpt orderan jarak diatas 1 kilometer belum nunggu antrian masakan dan pengantaran. estimasi km bikin driver diburu buru customer dan customer sering kasih rating buruk kepada driver dengan alasan telat antar makanan..",1
good,5
mantap,5
barang sampai on time,5
"udh 5x pesan makanan di gojek gapernah dapat driver terus, entah kenapa udh nunggu satu jam tapi ga dapet"". mana lagi laper"" nya",1
mantapp,5
Cepat dan nyaman bang ojol nya juga ramah,5
Sahabat Solusi untuk Kebutuhan Anda,5
Customer Service nya kagak jelas,1
"Aplikasinya sudah sangat membantu dan bagus, namun untuk drivernya sekarang susah , banyak yangbl berani mencancel dan pilih pilih orderan serta mengeluhhh terkait ongkos sehingga banyak d cancel oleh driver. Mohon dari pihak aplikator untuk driver nakal ditertibin",5
"ini aplikasi nya ada gocarr nya tidak sii..?? khusus dikota pekalongan..kok sulit banget cari driver..!! duh bener"" tidak bisa membantu.",1
good,5
"mantap, nyaman perjalanannya",5
pelayanannya bagus dan lancar,5
"Pihak Gojek suka membalkan pembelian tanpa konfirmasi Driver/Customer sama sekali tanpa pemberihatuan pula. Apabila saya mencoba menghubungi CS, selalu dialihkan ke AI sehingga saya tidak mendapatkan solusi sama sekali",1
sangat bagus aplikasinya,5
saya udah dapet gojek dan sudah di antara ke tujuan kenapa bisa ada gojek baru lgi yang jemput jadi double orderan setiap hari saya naik gojek selalu begitu,1
kurir pemalas,1
"smakin kesini tarif gojek makin ngga masuk akal mahal trus minim voucher,skalinya ada dikit bgt pdahal udh langganan gojek selama ini",1
sangat membantu aktivitas lebih efisien dan hemat waktu sayangnya kadang-kadang lambat dapat drivernya,4
"Alhamdulillah. Sahabat dikala lapar, saat males jalan keluar.",5
sangat membantu.,5
membuat semua aktivitas jadi gampang,5
"mohon maaf sebelumnya ,sekarang kok gosend nunggu nya lama sekali,padahal mau kirim makan buat anak.. tolong prosedur dan alurnya untuk bisa lebih baik lag..terimkasih",4
good job gojek,5
"saya pengguna lamasudah bnyk trasaksi dan aktif memakai jasa ojol bisa kalian lihat di riwayat sistem kalian. kenapa ga ada pinjaman SMA skli payah saya kecewa ,knp ga takut bayar apa gimna payah asaayyyy kecewa ga ada menu pinjam smga bisa baca ini pihak provider akun yg trkait email tsb mohon pertimbangan gopay pinjam knp TDK ada",4
semua ada disini keren dehh,5
baik,5
"Makin tahun update malah makin kemunduran. udah ga bisa upload, padahal penting buat ngasih tau rumah kita dimana",3
kurang banyak notifikasi marketingmu. saya uninstall tau rasa,1
solusi terbaik yang sangat membantu kita,5
"Beberapa kali ganti driver di cancel terus, parah banget sih driver gojek. Sangat mengecewakan !!!!!",1
"kalau ke cancel terus bayar pakai debit, proses nya rumit banget, uang gak balik-balik",1
sikap yg sopan dalam melayani penumpang,5
Pelayanan Oke👍👍👍👍👍,5
mantab,5
sangat bermanfaat dan mempermudah 🎉🎉💗,5
"Sering Bug, di fitur goride",5
gak worth it harga makanan sama pengiriman lebih mahal ongkir,3
GK tau gmn baru mau nyoba,3
"pengguna setia sejak tahun 2016, semakin kesini semakin kecewa sih dengan pelayanannya. harga yg tiba2 brubah ga masuk akal ketika hujan, bisa jd 2x lipat, driver yg suka membatalkan seenaknya.tolong dong diperbaiki.",2
lama banget masa cari motor mobil 30 menit,1
cepat dan nyaman,5
"Parah banget, mesen gofood alamat salah masih aja gabisa di cancel",2
Top,1
memudahkan untuk apa saja 👍,5
the Best pokoknya mah,5
mudah di operasikan dan banyak promo nya,5
terlalu banyak gambar warna warni muncul smp bingung jadi takut salah mencet mungkin blm terbiasa saya,4
"Apl yg sangat membantu dalam bepergian, terimkasih gojek",5
"kadang dapet driver yg gabisa dihububgi samsek padahal udh nunggu stengah jam gaada balesan, telpon ga diangkat tau tau dibatalin",1
"apk nya udh bagus cm agak kureng, kadang ada driver yg ngambil orderan kita terus di cancel, berkali kali sampe apknya juga error, mana errornya lama ganggu banget disaat butuh. next diperbaiki lagi.",3
mau hapus akun kok gabisa wkwkw,3
sangat puas atas layanannya,5
sangat membantu memudahkan dalam ber transportasi banyak promonya,5
ok,5
Oke,5
"benerin lagi apk nya,malah jdi banyak bug,kebuang waktu saya klo gini terus",3
terbantu sekali klo ada gojek..mau beli makanan gak perlu keluar rumah lagi..,5
membantu,5
keren membantu,5
mengikuti jaman,5
bagus sekali,5
"LAPORKAN BILA MENDAPATI DRIVER MEMAKAI MOTOR LAWAS UNTUK ANGKUT PENUMPANG, KARENA DRIVER TERSEBUT MENYALAHI ATURAN BATAS TAHUN MOTOR DARI GOJEK",1
aplikasi gajelas,1
"Aplikasi Kadang Keluar sendiri, kadang error, kadang ga bisa di buka, nyesel download, buang buang paket data",1
☆☆☆☆☆☆☆★,5
good,5
mantap,5
"butut iyuhhh, apk ribettttt ga kaya grab. banyak gabisanya, bisanya apa",1
"gabisa batalin makanan, gamau rugi, mau menang sendiri, gabisa ngasi solusi",1
Driver nolak orderan!!!!,1
mantap,5
Aplikasi layanan transportasi yang selalu bisa di andalkan...😁😁😁,5
"aplikasi ga berguna, driver mata duitan. Cari gojek mobil berkali-kali gapernah dapet",1
bagus,5
sangat puas,5
"sekarang gak jelas sekali ,map nya alamat nya di mana di kasih titik nya malah kemana mana",2
saya dulu daftar gojek tapi belum sempat di gunakan keburu kerja apa bisa di aktifkan lagi dan harus bawa apa,5
ok,5
Baguss,5
1 hal yang paling gua benci. • ketika pesen makanan dan di satu tempat itu ad 1 pesanan . setelah pesanan selesai tiba² driver diksih double jobdesk pengiriman. alhasil 1 pesanan yang udh selesai harus nunggu pesanan yang kedua gara-gara double job . kdng ad yng 3 job di 1 tempat. nah point masalah ny adalah itu bikin driver dan pemesan itu bingung. kdng yang driver bingung mau nganterin yang mana dlu. dan customer yang pesan dluan tiba-tiba harus nunggu pesanan jobdesk di 1 tempat .,1
Bagus,5
aneh tiba2 gopaylaternya di blokir padahal sy sdh bayar tagihan tapat waktu dan dibukanya lagi 2 bulan kemudian,2
"lama lama ini aplikasi ga jelas, notif ga pernah muncul padahal selalu update, pas pesen gofood dapet driver lama bgt melebihi estimasi jam tp gabisa di batalin, TOLONG DI TINGKATKAN LAGI DEMI KENYAMANAN PELANGGAN",1
mantull,5
". sangat bermanfaat saat keadaan mendesak, pembayaran mudah",5
sangat membantu buat pergi cepat,5
di mAp banyak yang dkat malah yang 3km yang dapet ... niat gak ini aplikasi,1
mantap,5
ok,4
good,5
Bagus dan efisien,5
mantab,4
mantap,5
"Sy cukup sering pakai go car,dan sering driver cancel..di samping itu saat sy pesan go car,saya lihat di aplikasi di sekitar rumah banyak mobil tapi nggak ada satupun driver yg mau jemput sy,lebih sering dapat driver go car yg jaraknya lumayan jauh, o iya rating gojek sy sebagai customer 4.8..dan sy juga setiap pesen go car,go ride,go send,go food selalu sy kasih tip Jumat lalu saya order go car 6 x ga ada yg mau jemput ( alasan driver yg kejauhan,ga di respon driver,minta cancel",1
driver skrg banyak ngeluh pendapatan kurang tapi liat macet kyk di botani HR weekend maen cancel aja ga mau ambil karena macet mau uang tp ga ga mau usaha,1
"Harganya makin mahal ya mau gocar atau goride, padahal keuntungan drivernya juga ga begitu banyak :) kalau mau nyari untung jangan keterlaluan dong, kasian driver driver nya. saya juga berkali-kali dapet gocar yang nggak gerak sama sekali padahal sudah menggunakan yang prioritas. kalau ada bintang 0, mungkin bakalan saya kasih bintang 0.",1
"cepet ,",5
"driver gocar ga jelas,nungguin driver 1 jam setengah kirain macet ternyata drivernya ga jalan jalan sampe telat sampe terminal👎",1
"aga susah cari driver car,kalo kata drivernya sering supen ,aturan jangan Suspen agar driver ready trs ,",4
ramah,5
good,5
sangat membantu,5
baik pelayanan,5
"jelek bangett fitur aplikasi nya, gueh pesen gocar prioritas cancel 3 kali, gara² sopir lamaa banget. di aplikasi tertulis sampai 3 menit lagi, tapi ga sampai² pas udah gua timer 5 menit.",1
bagus,5
lapar tinggal pesan,5
Untuk kurir Food Gofood dari Gojek adalah yang terbaik dari aplikator lainnya Discounts dan voucher nya sangat membantu dan menyenangkan tentunya. Sering-sering kejutan discount dan voucher nya yaa..😁😄👌,5
solusi terbaik bertransportasi jarak dekat/menengah,5
driver nya banyak plin plan,1
berguna,5
👍👍👍👍👍👍👍👍👍👍👍👍👍👍👍👍👍👍👍👍🤣👍🤣🤣👍👍👍👍👍👍🤣🤣👍👍👍🤣🤣👍👍👍,5
"mending adain pay via qris, kadang ada uang tapi di e-wallet lain, terus kalo topup ke gopay kena fee 1k :/",4
"saya beli tiket krl ga dikasih barcode dari gojek dan katanya aplikasi sedang error tp pas saya coba gojek pakai device yang lain bisa dan ngga error padahal saldo gopay saya sudah berkurang tapi mau direfresh ttp gabisa barcodenya, mohon untuk diperbaiki ya gojekk 🙏🏻",1
aplikasi sampah! saldo rekening kepotong tp gopay gak masuk. komplen ke cs disuruh nunggu doang gak ada solusi sama sekali.,1
nyaman,5
APLIKASI GAJELAS CUSTOMER SERVICE SLOW RESPON NUNGGU BER JAM JAM GADA SOLUSI PADA EROR APLIKASINYA.,1
Susah cari driver gosend instant,1
mantap,5
"ayolah, masa duitnya nggk langsung dibalikin, padahal udah batalin booking dari semalam, tapi sampe besok sore duitnya belum balik juga. apa2 an coba, duit gw ituu dikira orang nggk butuh duit malah lama duit pengembaliannya sumpah nih apk gw hapus aja.",1
mantap,5
mantaaap,5
bagus,5
ok,5
aplikasi ga jelas bodoh. masa di kasih driver jaraknya yg jauh. padahal yg dekat pun ada. ga jelas,1
"baru kali ini pakai gojek, nyaman",5
sangat membantu,5
kenapa fitur kirim foto ke driver gaada?,1
top barang aman,5
nice,5
"saya kadang menunggu sangat lama hanya untuk menunggu jemputan driver, dan driver nya pun tidak membalas pesan saya.",1
baik,5
bagus,5
Good,5
sangat membantu perjalanan ku sangat memuaskan dan deriver.nya baik banget,5
parah bgt. beberapa hari pesen udh drivernya jauh. dichat gk bls. lama pula nyarinya. untung masih ada aplikasi ojol lainnya byee gojek. inget bukan cuma gojek aja ojol di Indonesia.. !!,1
oke,5
aman terkendali,5
karna perjalanan titik driver jauh ndak mau antar,1
bagus di rating costumer coba liat rating gojek driver banyak driver yang mengeluh tapi tidak pernah ditanggapi padahal driver yang jadi ujung tombak maju atau tidak nya PT Gojek Indonesia TOLONG DI TANGGAPI SETIAP KELUHAN DRIVER jangan hanya mau untung besar tapi driver yang dilapangan di PERSULIT,1
"jika pembayaran pakai gopay, tolong lakukan VERIFIKASI LAGI pakai pin/identifikasi biometrik (jangan otomatis). karna pengalaman saya hari ini, saya salah tekan dan akhirnya saya tekan alamat yg sama 2x sehingga saya kehilangan uang secara percuma karna tidak bisa di batalkan. mohon secepatnya di perbaiki ya",2
sangat sangat membantu saat bepergian jauh,5
good sangat membantu,5
pinjaman gue gak di setujui padahal bayar lancar,1
mudah digunakan dan sangat membantu 👍🏻👍🏻,5
ok👍,5
sangat membantu untuk darurat dan kebutuhan sehari hari,5
ok,5
good,5
top,5
kalau bisa map di peta tolong di perbarui dan biar lebih akurat kasihan mitranya,5
👍👍👍👍👍,5
"apk paling buruk, ayo semua masyarakat indonesia mending ga usah dengan apk ini pelayanan & approval apk SUPER BURUK.... cuma mau untung ini apk semua pangajuan di tolak walau pun ga perna sekali telat, mending maxim / grab terbaik",1
sopan dan ramah,5
ok semua mudah,5
"udah install ulang udah login, pas masuk gofood selalu force ke homepage, udah 3 bulan lebih ga dibetulin, emang ga ada tools monitoring dan fix ini atau update fitur.. atau..",2
"Alhamdulillah sejauh ini,gojeg sangat membantu saya dlm bepergian,terimakasih🙏",5
sangat mambantu sekali 😊🙏,5
"pemesanan makanan dalam aplikasi ini sangat jelek, sudah menunggu lama, pas dapat driver, malah drivernya yang cancel, sudah begitu harus menunggu lama jika ingin membatalkan pesanan. buruk sekali",1
baik,5
top bgt,5
"bintang 3 dulu yah .. kendalanya pasti ada di pencarian driver . tolong dong kalo misalkan 5 sampai 10 menit belum dapat driver bisa dicancel/ pembatalan otomatis , ini kadang sampai 30 menit belum dapat driver tpi tetep gabisa dibatalin .. kasihan orang sudah lapar malah harus nunggu lagi apalagi kalo posisi mendesak ...",3
"Makin ga jelas aja nih GPSnya. Ga recommended klo buat org yg lagi buru2. Bukan drivernya, tpi aplikasinya yg perlu diperbaiki.",1
sangat bagus,5
CUSTOMER HEMAT DRIVER RUNGKAT ...,1
"saya rela ikhlas kena pinalti untuk mobil 50 ribuan dan motor 25 ribu jika abang mitra driver sudah melangkah jemput lalu saya batalkan apapun alasan karena saya menghargai mitra di lapangan kerja pakai bensin bukan pakai aer dan termasuk kendaraan listrik , intinya saling menghargai 🎉",1
mudah digunakan sangat membantu,5
bagus sekali,5
"tolong buat para driver ,klo emng ga mau ambil orderan, minimal jangan dighosting, langsung cancel, dalam 1 waktu, 5 orderan digantung , syaa mengalami hal ini setiap hari ,",1
mantapp,5
gofoodnya jelek. nunggu lama kalau tidak dapat driver. harus cancel. harusnya nyariin driver dulu. kalau g ketemu bias bisa cancel langsung g perlu menunggu lama.,1
"Alhamdulillah, cukup memuaskan",5
"khusus buat mobil, rutenya dibuat yang tercepat donk jek. jadi berdebat mulu dengan driver masalah rute. kalau kita lakukan edit rute, ada biaya tambahan lagi, diluar penyesuaian dengan rute tercepat (toll).",1
"dear gojek, skrg kalau mau pesan goride knp drivernya selalu dpt yg posisinya terlalu jauh, waktu jadi kebuang dan kasian drivernya juga udh jauh2 murah pula. boleh la diperbaiki sistem kalian. truss untuk pemesanan gofood jarang banget ada promonya, pdhl rutin dan sudah pake gojek plus.",4
"tolong dong dibenerin signal hp bagus,apk udh diperbarui tiap pesen mknanan udh dmn g ad notifikasi nya udh 2x kena marah driver nya bikin kesel ajh!",3
nunggu 1 jam gk dpt driver,1
"ga user friendly, mau paketin barang harus save nomer orang dulu, jadi cuma bisa nambahin kontak aja, nyari alamat juga susah",2
mantapp,5
amanah,5
aplikasi gak jelas gua gak transaksi malah transaksi sendiri gila si bisa bisanya transaksi tanpa kasih sandi,1
"E-KTP saya tidak bisa dirubah, apk scam",2
mantap 👍👍,5
Kalian ini hobi banget ya ngebatalin customer,1
mempermudah untuk pergi pergi,5
makasih ini bagus,5
jossss...,5
ok,5
"lama banget nyari drivernya, sekalinya dapet langsung di cancel. jadi memperlambat perjalanan. udah nunggu2 lama eh malah di cancel aneh banget",1
oke baik,5
bagus,5
tepat waktu makananya enak,5
2 x pesan makanan di batalkan sistem,5
gojek membantu saya untuk lebih cepat,5
sangat bagus memudah kan saya memesan makan tanpa langsung ke toko nya..,5
mantab....,5
kerenn,5
bagus cepat dan amanah,5
jek jek costumer pada pindah k aplikasi sebelah lebih cepet n deket dapat drivernya!!! semua gara gara program langganan gacor drivernya jauh jauh sering di cancel sm drvier,5
emejinggg,5
nice & safety riding. thankyou,5
Sangat memudahkan semoga pendirinya mendapatkan ke adilan,5
great job,5
"Tidak bisa memesan dikarenakan terdeksi pemakaian yang tidak biasa katanya, maksudnya apa coba ! Malah masih ada isinya gopay nya,kalo gada isinya mah mending langsung tak hapus aplikasinya dan ga mau pake gojek lagi dah,,kalo masih gabisa pesan.",5
Plis dong gojek kalau misal susah cari driver pas order gofood kasih tombol cancel dong ke customer biar orang gak nunggu lama buat nunggu kepastian jadinya order di pick up atau gak,1
ok,5
aplikasi yg bagus,5
manatap,5
bagus oke,5
keren. bisa pesan antar pulau,5
hapus program hemat kami customer sangat prihatin terhadap pendapatan driver,1
ok,5
"paket tiktok saya sudah 2 hari tidak di pickup gojek,di batalin jg gk bisa .wahhh kacau gojeg",1
tolong penumpang kasih pilihan rute sebelum pesan soal nya suka banyak pertikaian akibat rute,5
aman,5
"makasi gojek setelah ada ini aku bisa mesen makanan tanpa nungguin motor dan kalau mau berangkat sekolah,eskul maupun ke mall dan jalan jalan ke resto pun gaperlu nunggu motor, makasi banget ya gojek",5
sangat amat terbaik,5
good job,5
"ga recomended buat pake gosend driver susah pickup, ga ada pengaduan konsumen penerima, komplain kemana biar dibantu dicarikan driver yang mau pickup pesanan saya? sangat ga rekomen buat pake gosend apalagi gosend melalui marketplace",1
cepat pelayanannya,5
aplikasi terbaik bagi kami yang membutuh.,5
very helpfull,5
good apps,4
cukup baik,5
suka pakai gojek,5
ngapain kasih promo kalau pakai promo drivernya gak gerak.,2
ok,4
bagus,5
senang sekali,5
pesen goride di tujukan gocarr mulu,1
drever ramah,5
cara hapus riwayat bagaimna y?,4
ok,5
kecewa sekali dengan aplikasi ini kalo boking driver lama banget padahal tarif udah yang premium.,1
mntap,5
"tidak bisa pesan gojek, akun dibekukan smpe 1 jam. dengan alasan membatalkan pesanan berkali2, padahal alasan dibatalkan pesanan krn posisi driver jauh, posisi driver gk bergerak, dan driver sendiri yg minta batalin krn ada beberapa titik jalanan yg banjir.",1
sngt puas,5
"srg menyenangkan dan memudahkan, tp kadang menyebalkan, krn driver me reject seenaknya, pelanggan tdk bs menelpon lgsg ke driver, kl ada yg tertinggal jd ribet.",4
lamaa lama aplikasinya makin ngeselin banget asli,1
"sama spt yg lain. makin kesini makin koplak aplikasinya. cari driver muter2 bs sampe 2 menit, google map dan alamat rmh tdk sesuai letaknya (ini sdh prnh saya protes, balik tepat tp cm 2-3 hr, abis gt sengklek lg). mn dpt driver bbrpa songong. ntar klo di ksh b1 atau b2, ga terima. kok enak gt, pnumpang diksh bintang semaunya sm driver, dan kita ga bs liat, tp driver kok bs liat. penumpang juga ada spare waktu, tp ga bs dong ujug2 uda nungguin dibatalin. gmn klo dibalik. u/ gopay oke lah",1
pak ojek saya di ajak ngobrol .. pokoknya asik,4
Karyawannya pada mau kerja gak sih?,1
"kenapa yh sekarang drivernya pada gamau kerja atau ada kesalahan dari pihak gojek nya? saya telat mulu berangkat kerja grgr driver nya lama ambilnya sampe 30 menit an lebih udh gitu jauh jauh lokasi ambil nya, mau yg hemat ataupun yg biasa aja, ini kenapa yh?coba tolong pihak gojek sama driver nya atur yh kebijakannya biar g ngerugiin pelanggan",1
"Skip lah sekarang nyari driver lama, kadang suka di cuekin gak pernah jalan posisi driver nya",1
senang,5
banyakin orderanya ya,5
good,5
"ga paham lagi kenapa sekarang kalau pesen gojek selalu diarahkan yg jauh2, padahal disekitar tempat pesan banyak titik gojeknya. tolong dong hal ini diperhatikan, bikin telat terus akhirnya ke kantor. sistem begini juga udah dikeluhkan sama drivernya tapi dari gojeknya masih aja buat aturan aneh2. sungguh mengecewakan!",1
praktis. mudah dan murah,5
"tidak recommended menggunakan gopay later. Karena sekarang ada biaya bulanan. syukur"" dapat diskon di tokped pakai gopaylater. eh ternyata biaya bulanan gopaylater jauh lebih mahal. Padahal gk ada!!!!! kecewa",1
tidak ada paylater tuk cicilan belanja barang,1
okey baget.,5
sangat membantu sekali 🥰,5
bagus,5
"puas pake gocar,tepat waktu,mobilnya bersih,driver ramah,ada promo jd murah deh",5
bagus untuk pergi sekolah,5
TOLONG AJARIN DRIVERNYA BACA MAPS!!!,1
kepada pihak gojek kalo bisa cek dan perketat lagi para driver comfort saya kemarin pesan gojek comfort karna kan kalo gojek biasa pasti nggak muat nah pas sampe saya kaget kenapa motor Supra yang Dateng padahal di awal saya pesan goride comfort plissss gue tau mereka mau cepet dapet untung tapi nggak gini juga lah kami bayar lebih buat dapet space tempat duduk yang agak luas yang Dateng malah motor Supra,1
"susah nemu drivernua, lebih dari 1/2 jam belum dpt driver.",1
Sering gangguan di jam sibuk.,1
👍,5
buat apa ada promo kalo driver nya pada ga nerima,3
"Tidak ada notifikasi ketika mau maintenance, go transit hari ini gabisaaa",2
mohon diperbaiki untuk go transit KRL akhir akhir ini sering error',4
"gojek ghoblok gua mau beli tiket kRL malah pemeliharaan,.",1
"ampun dah gojek pemeliharaan tapi di jam krusial gua jadi harus beli kartu krl lagi karna pemeliharaan,pagi pagi pemeliharaan ampun dah payah",1
go car nya kok mahal ya,4
dipertahankan,5
BISA GA SI KALO JAM SIBUK JGN GANGGUAN ANEH BANGET,1
"apk saat dibutuhkan selalu gangguan, di perbaiki lagi tuh gangguan blok",1
"NYUSAHIN!!! kacau,selalu lg penting mau pesen tiket KRL sulit banget... gangguan dan gangguan... duit yg di dapet hasil kemitraan buat benerin jaringan dong.... anehh banget sumpah perusahaan sebesar ini kendalanya ada aja... hadeuhhhh...",1
parah kalo pesen ticket kreta sering gangguan padahal lagi kondisi urgent !!,1
"pagi pagi udha hilang jaringan telat beli tiket kereta,dan telattt semua kampreeeeeettr",1
ok,5
mohon untuk pihak gojek supaya layanan goride di aplikasi draiver nya sebelum tiba dan jemput ketitik jemputan tidak bisa di mulai karena banyak draiver posisi masih jauh tapi di aplikasi udah di mulai pengantaran kalau di tanya katanya takut cenclean konsumen,5
mantap,5
Hebatnya kamu,5
proses pengaduan lambat,2
mantap,5
"saya sebagai mitra gojek driver merasa dipersulit oleeh pihak gopay, sudah beberapa kali terjadi penolakan saat saya ingin mengupgrade gopay saya ke gopay plus, dan saya sudah berusaha lapor kepihak kantor goto terdekat dikota saya, tapi masih saja belum bisa diupgrade gopay saya, apakah seperti ini cara GOTO mempersulit mitranya.",1
mantap,5
lebih mudah dan juga lebih simple,5
bagus,5
"driver berpengalaman,baik,sopan",5
cuma kadang driver gocar kalo penjemputan agak jauh suka di terima tapi gak mau jemput,5
SPYING,1
Mantap Gojek,5
luar biasa mantap,5
gojek oke,5
komplain tntg transaksi tdk dapat diselesaikan malah ditutup.sepihak nilai uang ngak seberapa ???mau hub kmana lg sangat kecewa,1
So far masih bisa jadi pilihan dan diandalkan,5
"drivernya banyak yang gagu dichat ga jawab, di telp ga angkat, ditungguin ga gerak gerak",3
Sistem busuk goride hemat bikin susah customer dan driver,1
pakek gojek memang josss perjalanan lancar👍👍,5
bagus,5
driver gojek jakarta barat pemalas tidak mau ambil orderan gofood,5
"kak ini gimana udah dari tahun lalu saya gak bisa login pakai scan wajah yaa,tolong dibenerin,saldo saya juga kesimpen digojek lagi.",1
"Gojek Tolong dong menu ny jgn susah masa tiba² Pesan sendiri tombol Cancel jg susah di Car, Susah & Rumit tdk sprti Grab & InDriver!!!",5
sangat disiplin,5
Semua mnjadi mudah,5
potongan gede. aplikasi kebanyakan ambil keuntungan. driver kebagian sedikit malah rugi,1
"Untuk produk gosend sangat amat tidak profesional. Orderan diterima tapi driver terus terusan tidak mau ambil paket, padahal paketnya kecil banget",2
mudah,5
baik,5
oke bngt,5
sangat membantu,5
Dapat banyak promo gofood.. sangat bermanfaat,5
mantap gojek semakin terdepan,5
saya pesan tidak ada yg dapat driver nya. padahal di sekitar banyak banget driver lagi parkir nungguin orderan masuk. giliran pakai maxsim disitu gua order langsung dapat driver nya. banyak oknum ojol ini pilih pilih orderan. jadi malas pakai aplikasi ini.,1
baik,5
ok,5
kadang drive nya enak kadang gak....,4
"dari am 11 siang sampe detik ini lu ga kasih gua order gojek, Gilak, makan batu gua",1
apik,5
"kurang ajar! saya dipermainkan driver gocar. saya emnunggu lebih dari 30 menit hanya untuk menunggu driver yang jaraknya 600 meter dan itupun masih belum sampai ke tempat saya. driver terus berkeliling mengantarkan orang lain DARI APLIKASI LAIN !!!. Pelanggaran berat, sudahmah waktu saya hilang, saya gabisa kasih rating 1 karna belum naik, saya juga gabisa lapor ke customer service mengenai masalah ini. KALAU NAIK MOBIL MENDING PAKAI APLIKASI LAIN KALAU GINI TERUSMAH",1
"aplikasi pelit, sama aja dgn apk GO-PAY,,, sm2 pelit nya, biar cuma fitur Pinjam & gopay later aja g bisa di aktif kan,,, 🤦‍♂️ masih untung sy kasih 1 ⭐., ,!!",1
sangat membantu,5
supir e ramah koyo logok,1
gojek skrg susah bgt dapet drivernya,1
senang setiap dapat driver ramah,5
bagus,5
911 bgt si buat gue yg belum bisa bwa motor sndri,5
menyenangkan dan tidak ribet..pokok nya good,5
good,5
cepat,5
okay top deh...,5
"Oknum Driver GO-JEK parah banget , keterangan 2 menit sampai, ditunggu sampai 30 menit cari Driver baru, sama juga begitu.. stresssss bgt pakai aplikasi GO-JEK dapat Driver yang ke tiga baru oke, harus dibenahi",1
bagus buat keseharian yang mager,5
"driverny skrg BNYK YG UGAL² AN, gmw nerima orderan jdny buang² waktu sebel bgt",1
bagus aplikasi ny,5
good,5
mantap driver attitude nya bagus,5
rekomendasi,5
Sangat membantu kebutuhan masyarakat dan banyak promonya,5
terlayani dg cepat,5
Aplikasinya sangat bermanfaat dan sangat membantu...Cuman sayangnya pinjaman sya gk pernah dACC padahal sya pengguna gojek yg setia,5
"kirim paket gagal trus, slalu di cancel, pdhl deket deket pengantaranya, kalau memang gk mau ambil orderan harusnya apk nya di matiin",1
sangat ok,5
mntap,5
"Satu aplikasi yang paling bagus banget saya suka mencari makanan,minuman dan kendaraan motor atau mobil.",5
ini gimana nihh aku mau login gojek pake verifikasi muka tetap aja nggak bisa padahan posisi aku udah pas lohh,1
Aplikasi yg sangat membantu 👍,5
baik,5
ramah dan bersih,5
"nyaman, aman.. bersama gojek",5
satset ..gk perlu repot..matab,5
"tadi nya bintang 5 , dirubah bintang 1, masalah iklan di aplikasi lain KLO iklan gojek merugikan pengguna , di tutup nya susah klik apa aja malah buka aplikasi gojek , harus keluar KLO main game rugi , ulang lagi dari awal",1
"saya sebelumnya pesan gojek,ada nunggu sekitar 20 menit.saya chat sih ojek nya but diread aja berujung saya kesel, lalu sih ojek tadi nya saya cancel.posisinya saya lagi buru buru dan saya pesan gojek baru lagi.ketika ojek baru datang ke titik penjemputan saya,saya naik dan sih ojek lama datang,jelas jelas saya uda cancel lalu memaki saya,saya yang marah jadi dia yang maki saya",1
mantulita,5
membantu,5
bagus,5
kerja cerdas pelanggan puas,5
sangat puas,5
bagus..jaminan kwnyamqnan dan keamanan transaksi,5
terlalu memilih milih customer. order gosend aja gaada yang ngambil. kalah sama ma**im ga pilih pilih walaupun harganya sedikit mahal tapi orderan selalu diambil👎,2
sip banget mantap,5
good,5
cara ganti KTP di akun gopay gimanaa? gabiss hubungi cs gojek. sebel ribet bgt. aku kasih bintang 🌟 dulu sampe ntar dibales,1
baik sekali,5
mantap,5
"bagus, tolong kasih banyaak promo",4
👍,5
"customore nya semua pindah ke grab Sama shope dan Maxim karena nunggu driver nya lama driver nya,,, dari jarak yang sangat jauh semenjak ada layanan hemat dan gacor kata driver nya,, ambil nya jauh"" karena sama gojek di pilih"" driver nya aplikasi yang sangat buruk tidak kyk grab dan shope dan Maxim dapet nya yang terdekat,,argo itu mah nomer terakhir tidak papa selisih 5rb asal cepat dapat driver,,percuma ada banyak pilihan argo tapi lama semua mending argonya sama ratakan saja asal cepat dapet",1
INI GIMANA SI DRIVERNYA TIDAK TANGGUNG JAWAB SUDAH 2X DI CANCEL KALO EMANG GA NIAT KERJA SURUH UNINSTALL AJA APLIKASINYA KAYA GA DI BAYAR AJA APLIKASI GA KE PAKE,1
buat pribadi saya selalu ontime dan ngga lama cari driver nya,5
Tolong untuk MANAJEMEN GOJEK pengemudi goRed dan goCar pengalaman saya pesan aggak membingungkan karena nomor yang tercantum di aplikasi dengan kendaraan nomor polisi yang datang berbeda saya sebagai customer buat menjadi bingung walaupun bisa tlp. Tolong kepada manajemen agar masalah ini tidak terulang kembali kepada saya ataupun orang lain karena akan mempengaruhi nilai sang driver R2 maupun R4. Tks regards,5
"halo gojek mohon diperbaiki para driver nya, saya sudah memesan tetap driver tidak bergerak seperti sengaja membuat saya meng cancel nya, driver juga sering memberikan kami para customernya rating se enaknya sedangkan kami memikirkan kalau driver di beri rating buruk.",2
"gojek binatang, selalunya ordran batal pas sudah dekat dengan resto",1
ApK Mahal orang kerja Pagi manfaatkan kesempatan jika hujan Naik sampai Ratusan ribuk.....,1
perihal mendung abis ujan argo mahal tapi driver gada yg mau ambil padahal jarak deket,3
"sering susah cari driver, pelayanan sangat buruk",1
"driver terdekat banyak tapi gada yg ngambil. sekalinya ada yg ngambil, ga jln jln",1
memudahkan kendala tranportasi,5
mantaV,5
perlu ditingkatkan lagi pelayannya,3
ok,5
membantu mempermudah memperlancar sukses banyakin promo bantu masyarakat kecil terimakasih 🙏🏻,5
tidak ada pilihan login dengan OTP,5
"BURRUUUUUKKKKK APLIKASI TIDAK BERGUNAAA KALO HUJAAAN NIHIL UNTUK SOLUSI PELAYAAANAAAANNN ,,, MAHAAAAALLLLLL YANG TIDAK MASUK AKAAAALLLL",1
"KENAPA sekang abang gojek nya gak bisa hubungi nomor penerima nya, padahal itu kan buat komunikasi abang gojek nya sama penerima, gak kayak dulu, kalau kirim barang jdi ribet, chat nomor ke abang gojek nya juga gak bisa, kan penerima jadi numu Lama, gara""anag gojek nya gak bisa komunikasi sama menerima,(gara""nomor di sembunyikan)...bikin lama Dan ribet, kasian orang nungu Lama, cuma gak bisa komunikasi.......",1
mantap,5
Mantap,5
kalo lg posisi ujan susah bgt dapetnya gak ada yg mau ngambil kenapa pada milih2 bgt si kan padahal sama sama lg nyari rejeki,4
Gojek in the best.,5
Memudahkan kami dalam bertransfortasi.,4
susah bgt dpt drivernya kalo ujan. pada takut banjir.,2
tidak berpihak terhadap mitra nya yg membesarkan dan memberi gaji terhadap karyawanya,1
bagus,5
fungsinya gojek kan memudahkan customer ga kalo cuaca gerimis ngapa gada yang bisa dah GO-RIDE sama gocar dari argo normal sampe argonya naik tinggi tetep gada yang mau pecat pecatin aja mitranya ga guna amat ngapain kerja jadi Mitra kalo etos kerja gada,1
"kenapa kalau habis hujan cari gojek susah minta ampun...tolong di perbaiki lagi systemnya, jngan sampai kalah dengan aplikator lain",3
"paling najis klo musim hujan, udh reda udh pake tambahan biaya msh ae gd yg ngangkut",1
terlalu sombong padahal deket tapi ga ada yg mau terima,1
"kalau sistem kaya gini pelanggan pada pindah ke aplikasi sebelah Biasanya kalau pesan langsung masuk ke drever terdekat, sekarang malah pada jauh jauh alhasil pada di rugikan pelanggan sama drever ,pelanggan nunggu lama Drever harus jemput jauh. apalagi sekarang ada pitur tambahan biaya kalau mau yg dekat,Tapi itu juga gangejamin dapat yg dekat",1
susah kalo lagi ujan gajelas lama banget,1
hapus hemat ga sesuai,1
"ntah kenapa tadi pagi adek saya mesen goride ga ada keterima,skali nya keterima di cirendeu sedangkan adek saya di contong,udh pake hp saya juga ga bisa mungkin karena harganya murah ga mau di terima drivernya ya?",1
gjls lama bener nyari driver nya padhal dikota,1
"dapat driver suka lama, pas udah dapet dapetnya yg jauh, yg dekef malah dibatalkan sama drivernya, kenapa si gojek kaya gini? mending pake yang lain satset, disaat urgent mau berangkat sekolah gabisa di andelin. kecewa parahh",1
cepat dan murah,5
Driver nya pada gak jelas jelas² udh book eh udh dicancel 8 sampai 9 kali yg terparah itu bagi saya kdg jg beberapa yg ketus²,2
lancar,5
"baru kali ini kecewa euy, order d liatin doang tapi ga jalan nunggu ampe sejam.. ga cuma sekali tapi berkali kali. nelpn CS buat batalin habis 8 Rb. driver ga mau cancel tp d liatin doang ampe kita pegel. mana sekarang kita ga bisa liat posisi driver dimana, jalan apa enggaknya",1
Terima kasih,5
good buatan indonesia,5
Keren,5
The time must go on...,5
tolong dong promo buat makanannya agak dibanyakin,4
mantap,5
"TOLONG DI INGATKAN DENGAN TEGAS KARYAWAN OJOL NYA, JANGAN EGOIS DI JALANAN, JANGAN SUKA LAWAN ARAH APAPUN ALASANNYA. JANGAN MEMBUAT NAMA OJOL JADI JELEK CUMAN GARA2 OKNUM OJOL YANG SANGAT EGOIS DI JALANAN!",5
"parah. Drivernya kebanyakan pemalas tapi ratingnya 4,8 sampe 5 bintang. Gak mau ambil orderan, tapi gak mau cancel. Bukan cuma sekali dua kali tiga kali, tapi terlalu sering. sorry to say, mendingan aplikasi sebelah",1
"dulu sat set pesan langsung dapat, sekarang jelek bangeut.. lagi buru"" malah dalam pencarian hampir 20 menit sedang mencari driver. entah karna dpat discount dari grab nya apa emang driver nya kaga mau ambill. mana di cancel kaga bisa.. sampe gw haruss donload apk maxim gw pesan langsung dapat maxim nya. cuma di maxim bayar nya harus cash jadi repot kaga pegang cash... sistem gojek tolong perbaikilah sebelum gw hapuss aplikasi gojek nya ...jangan sampe lama bangeut menunggu",1
mahal nya tarif drivernya gak ada yg ambil banyak gaya doang.,1
next time cariin driver yang terdekat dengan pelanggan yang request walaupun driver gojeknya bermasalah...semoga bisa merubah sikap driver kedepan lebih bik,5
sangat membantu,5
kurirnya kurang ajar.paket yg saya kirim Krn penerima nya tidak ada.tanpa konfirmasi ke saya lalu dia bawa kembali tapi dia melaporkan bahwa paket nya sudah terkirim.saya mengajukan komplain tidak ada tindakan dari pihak gojek.kolom bantuan tidak ada manfaatnya sama sekali,1
Ok,5
"aplikasi lemot banget, kalau pesen driver cepet tapi app nya lemot sistemnya",1
membantu sayasekali 😍,5
pesen gofood gk dpt driver sampai lama tp dibatalin gabisa. bner2 payah apknya. sampai gk mood lagi buat makannya,1
mudah murah aman nyaman,5
"Keren Aplikasinya, sangat membantu",1
"Investigasi buruk, gojek berkata 2 ketikasesuain data padahal sudah ada bukti screenshot transaksi",1
bermanfaat sekali👍👍👍,5
"memudahkan kita dalam berpergian tanpa membawa kendaraan, pokonya tp markotop",5
Alhamdulillah kalo laper jadi ga bingung lagi .....ga harus keluar,5
👍🏻,5
mahal ongkirnya sekrang,1
"GAYA ELIT , EKONOMI SULIT. ORDER PAKE GORIDE HEMAT , PENGEN DI LAYANIN SEPERTI SULTAN . MIKIR 😀😀",1
ok,5
mantab,5
nice,5
sangat membantu bagi kami usaha Restaurant,5
selalu mantabsss,5
kalo dibandingin sama aplikasi sebelah harganya cukup bersaing dan biasanya lbh murah pakai gojek😊,5
ok,5
membantu buat kemana mana,5
mantap,5
Good,5
sangat membantu,5
"Jadi, sempet pesen di salah satu toko, udh masuk jg pesanan itu. Stlh itu HP ku mati karena sisa 1%. Alhasil aku cas dong. Begitu buka aplikasi Gojek, aku lgsg check pesananku ... tapi ngga ada, panik dong, perasaan tadi udah masuk. Aku tunggu sampe 15 menit, refresh berkali² tetap ngga ada transaksi sama sekali. Akhirnya aku pesen lagi, dengan list makanan yang sama persis. Begitu driver ini sudah dibayar, ada chat masuk dari merchant. Ternyata ga sengaja double order, mana ngga bisa dicancel.",4
"diskon jarang skg, sering2lah kasih promo diskon gojek",5
ALL GOOD GO FOOD 👎 TIDAK ADA GRATIS ONGKIR :(,1
mantap,5
teman setia kemana²ada pas d waktu laper dan darurat tq ats pelayanan 😘,5
bagus,4
ok,5
aplikasi nge lag mulu update mulu,1
system apakah ini ? kasihan drivernya hujan hujan ambilnya jauh pas udah Deket restonnya malah di cancel system. sangat kecewa dengan layanan gojek lebih baik pesan lewat grab/Shopi .,1
praktis efisien,5
"heran gua makin kesini makin kacau semua costumer nya, dari titiknya beda alamat engga sesuai di aplikasi",1
nyaman,5
sangat membantu,5
"bagus, gak dpt 1..di cariin lgi",5
"cinta banget sama gojek, tanpa gojek aku gabakal bisa kemana mana 😆😆💖💖",5
good job,4
saran tolong jika sudah dapat driver usahakan jika bukan costumer yg censel kasih peringatan ke driver nya atau gak tolong berikan rating untuk kami costumer memberikan reting pada driver yg censel orderan Dengan seenaknya.serind dapat driver seenaknya censel padahal sudah menunggu pihak gojek tolong di perhatikan lagi driver nya,1
nice aplikasi,5
"sangat terbantu dg adanya layanan gojek , semua gojek di boyolali baik, cepat, ramah ...terimakasih gojek boyolali senantiasa sehat dan berbahagia",5
Pelanggan adalah raja suka CANCEL asal2 akhirnya pengaruh di driver sendiri jadi sapi kerah di buatnya Gojek,1
"simpel,cepet, dan ramah",5
updete nya tolol,1
mantap,5
driver rama,5
oke,5
mantap makasih flash sale nya,5
Aplikasinya Bagus Banget,5
bayar cicilan gak pernah telat tapi malah di review aneh,3
bagus,5
mantap emang gojek,5
samgat di butihkan,4
terima kasih sangat membantu,5
sangat membantu dan mudah order pokoknya pelayanan mantap 👍👍,5
"lebih mempermudah saya mau pergi"" penjemputan nya cepat pas dititik lokasi",5
"goride hemat menyengsarakan driver sekaligus customer, jemput nya jauh2",1
SAYA SI YES...,5
"go food sekarang mah lama nunggunya . kalo order pasti siriver bawa Doble order , padahal kita mesen bukan yg hemat .",1
ribet,1
mantap,5
app jelek,1
bagus dan ramah,4
apk terbaik utk memenuhi kebutuhan aktvitas sehari hari,5
Gw ngasih tip ke driver selalu di potong kurang ajar banget lu ya gojek gojek Miris amat lu,1
mantaap,5
"sengaja bintang 5 biar di baca, khusus area pangkalan bun, harga nya mahal mahal, ongkir 2kali lipat, beda sama kota kota lain setiap barang ada ongkirnya.",5
Ok,5
puas,3
sikap driver nya yang bikin nyaman,5
aplikasi mudah di pahamin,5
rekomendasi,5
top,5
promonya kurang banyak,4
mantap,5
"Minta tolong bangett dong sama pihak gojek buat sediakan di wilayah aku juga, cape bgt kerja merantau, pengen deket rumah tapi terkendala kendaraan karna gaada ojek online disini, butuh apalagi kalo pulang kerja malem, padahal wilayah wisata, bahkan banyak turis #Dieng, Banjarnegara-Wononosbo 🙏🙏🙏",5
bagus,5
Menurut ku oke sih aman aja makasih Gojek,5
hati-hati,5
"mudah,nyaman dan aman",5
senag,5
"Sejauh ini ini yg plg jauh. beda banget sma Gojek yg dulu kecewa banget, skrg tiap pesan gojek pagi gapernah dapet driver. mana pusat bantuan nya sama sekali ga membantu apaan tuh kya gitu ga membantu samasekali.",2
aplikasi busuk jgn di donlod,1
"Tolong diperbaiki, saya sudah 2 minggu ini dapat driver yg selalu jauh jarak nya sama saya, bahkan tdk sebentar untuk dapat driver",3
terbaik,5
solusi bepergian tanpa ribet soal tranportasi,5
susah cari driver mobil kalau hujan kalau motor mungkin masih wajar susah cari driver karena hujan lah ini driver mobil yg dibutuhkan saat hujan malah ga dapat dapat trus tarifnya mahal tapi tetep ga dapat dapat,1
"apaan, nyari driver lama bngt, hujan ga hujan ttp lama nyarinya",2
"banyak driver aplikasi yang masih mengandalkan titik koordinat. padahal titik koordinat cuma refrensi,",1
"susah mendapatkan driver kalo udah subuh"" katanya 24 jam",1
"kenapa pas buka gocat muter"" terus ga bisa masuk, kadang bisa kadang gak maksudnya gimana ini?",2
"( aplikasi mafia ) pesen gofood bayar ongkos sudah mahal, pas tanya driver dapet upah berapa, jawaban driver hanya dapet 5 ribu pantesan banyak driver yg Pilih-pilih upah nya aja bikin batin mereka tersiksa dan tertekan saya merasa dirugikan karena makanan datang lebih dari 1 jam, langsung saya hapus aplikasi mafia ini.",1
excellent,5
"posisinya saya urgent harus berangkat pukul 1.00 dini hari, tapi driver cancel orderan saya dan gada refund",1
soldo gak masuk masuk padahal udh terkirim berhasil,1
malam Kak saya isi saldo 20 ribu malah yangkut ke gopay tolong balikin soalnya saya mau isi kuato,2
"sumpah yah kesel banget, gak tau udh keberapa kali top up gopay tapi gak masuk. mau beli gofood, pas di liat duitnya gak adaaa!! trus duitnya dh kepotong di bca kesel bangetttt!!! dikira nyari duit gampang apaa.. Mana promonya tuh aneh banget tiba² gunta ganti harga sendiri dari A ke B ke C dan gak sesuai. klau emng gak mau ada promo mendingan gak usah..🙂😇 Tolong yah duitnya si balikin Terimakasih, semoga di BACA.",1
"tolong komplain saya ditanggapi dan di proses dengan cepat, masalahnya saya sudah top up senilai 147rb dan masih belum masuk saldo nya. tolong diproses dengan cepat, itu uang untuk saya makan. terimakasih 🙏",1
apk lemot,1
Susah banget cari driver lama banget nanganin kendala cs nya lelet,1
"akhirnya setelah sekian lama bertahan dengan aplikasi ini dengan pelayanannya yg makin buruk, topup saldo tp tdk masuk dan opsi chat admin juga tidak menyelesaikan masalah. waktunya beralih kw aplikasi lainnya dan semoga tidak makin banyak orang yg kehilangan saldo di aplikasi ini",1
"brtahun2 pakai aplikasi ini..tpi kali ini kecewa,,top up saldo brhasil tpi saldo saya tidak brtambah..entah hilang kmna...merasa di rugikan",1
kak izin aplikasi nya sering eror,2
sulit mendapatkan driver sehingga pesanan yang telah saya pesan terlambat ataupun tidak dapat diantarkan,3
serba mahal,1
"Jangan heran kalau order gocar/goride/ dsb, driver nya lama/gak gerak/gak mau jemput, itu order masuk ke driver karena autobid bukan di ambil sendiri sama dia. Jadi mungkin udah gak ada sensasi/gairah untuk menjalankan order bagi driver. Insentif bulanan, mingguan dan harian driver sulit dicapai (gak ngotak). Itu semua karena system yang sudah tidak manusiawi terhadap mitra nya. Titik lokasi , nama dan tempat lokasi banyak yang gak sesuai. Bukan hanya customer yang dirugikan, driver nya pun rugi",1
mikirlah gw laper ga dapet driver,1
"Udah gajelas banget, susah dapat driver, ongkir mahal, pakai express tetap susah dapat gajelas",1
"Duh tolong deh ya, buat iklan tuh jgn suka maksa org buat buka aplikasinya. Bukan apa, pertama ganggu kenyamanan bgt, org lagi asik"" scroll tiba"" ada iklan km, udahan mau dikeluarin susah n ribet banget. Kedua, beresiko buat kepencet"", aku barusan kepencet pesen gofood pdhl posisi lg tidur, untung kebangun, bayangin kalo nggak, kan kasian drivernya. Tolong bgt lah ya pokoknya dibenerin jgn begini lagi, apalagi aku udah install aplikasinya, jd harusnya gaperlu maksa""org buat buka aplikasi km itu",1
ok,5
mantap,4
membantu kemana mana kalo lagi berantem sama cowokuu,5
Tolong ini akun Saya Terblokir Di saat saya lagi genting dan saldo saya pas²an saya mau balik kalo memang akun saya terblokir Tolong balikin saldo saya Uang saya lagi ngepas Admin nya saya chat yang balas malah AI hadeh #GOJEKGAADAJALAN,1
terlalu menyusahkan driver sistem nya ga jelas perusahaan ga jelas,1
sekarang buat dapetin driver nya lamaaaaaaaa sekali,2
sangat membantu,5
"gajelas banget, order go-food tiba tiba dibatalin sepihak ""Ada gangguan di sistem kami"". Tolong dipake nalarnya, udah nunggu belasan menit tiba tiba dibatalin gitu aja.",1
aplikasi yang sangat membantu. mudah untuk digunakan. dengan pilihan harga yang sesuai kebutuhan.. thanks Gojek.,5
terbaik,5
sesuai harapan,5
tolong saat mesen belanja harus ada tombol batal,2
"aplikasi benerin lah jangan kebanyakan bug, kasian driver gojek yg nunggu orderan tiba tiba ada notif membatalkan orderan, nongol aja kaga itu di layar orderan tiba tiba ada notif begitu gajelas amat, jangan cuma costumer doang yg prioritaskan seharusnya anda juga mikir driver gojek juga prioritaskan kasian driver driver sana diluar yg mencari nafkah. TOLONG BENERIN BUG YG ADA ORDERAN MASUK HARUSNYA NONGOL DI LAYAR!!!!",1
tolong to long diperbaiki... buka GPS wa sharelok Malah muncul gojek . jadi harus milih satu Applikasi GPS ato gojek - jadinya ribet,5
👍👍👍,4
"kenapa yah sekarang gojek makin lambat Gojek lg error yah?? saya pesen gofood gak ada estimasi pengemudinya udah sampai mana, malah ganti pengemudi padahal pengemudi yg pertama udah bilang lg otw ke rumah. gimana sih ini gojek, udah kedua kalinya kaya gini 😡😡 (2021)",1
keren maseh,5
drivernya baik dan ramah,5
"membantu disaat kita dalam keadaan darurat dan sangat sibuk,gojek selalu ada buat kami",5
Mantap,5
pelayan sangat bagus,5
detik ini makin buruk order drivernya ga da kabar mau pickuup apa ga sekali dapet jauh banget perjalanan cuma 10 menit waktu tunggu driver juga lebih lama dan titik lokasi driver tiba tiba sering berubah dari hanya 2 menit menjadi 10 menit pas dicek ternyata titik lokasi berubah dari dekat jadi jauh alhasil jadi sering batal sepihak dari customer dan merugikan customer dari waktu juga,1
saya gak bisa hapus akun padahal nomor telepon udah mati dan pin juga lupa tolong diperhatikan,1
hemat praktis dan banyak diskon nya perluas lagi jangkauan pelayanan nya,5
"aplikasinya gak jelas bgt ., cuman telat bayar pinjaman aja langsung ditolak lagi pengajuannya ., padahal cuman telat 2 atau 3 hari aja bayar nya lamgsung gak bisa pakai lagi",1
"knapa sekarang kalau pesen gocar posisi driver selalu dpet yg jauh. Waktu mnunggu bisa 7-13 mnit udh gitu driver kdang gak ada respon. Cek maps posisi driver gak gerak dn tdk ada respon apapun shingga pelanggan yg hrus mengcancel. Udah brapa kali bgini terus,, Mohon dperbaiki",2
bintang 5,5
makin lama makin aneh susah masuk,1
good deh gojek,3
good,5
aplikasi keren banyak promo,5
"Pencarian Driver untuk GO-SEND Lama Banget, akhirnya harus pindah aplikasi. padahal dulu sering pakai untuk kirim bsrang dari toko.",2
ramah tamah,5
"Sistem Ordernya Mantap, sehingga driver cepat sampai di titik penjemputan.",5
"selalu terbantu,,,semoga kedepannya semakin maju ,bisa mensejetrahkan para mitra juga",5
hati2 dgn driver mtr novit asari B 5184 BLV. nagih pembayaran 2x. saat ini dia ad di maxim. jaga2 aj ad di sini jg,4
pelayanan bsik,5
good,5
the Best banget terimakasih,5
oke,5
Keren...,5
mantaap,5
lumayan bagus sih tapi kadang kadang perana eror,4
Aplikasi ini banyak membantu. Sayang program tukar point nya sekarang jadi sangat tidak menarik dibanding dulu. Sia-sia punya point banyak. Bagian ini agak mengecewakan,3
keren,5
mantap,5
"drivernya ga beres semua aneh dah gabisa sabar org uda di bilang tunggu 1-2 menit dulu malah di kata2in tolol tu driver ke gua anehh, tolong deh ya kasi penjelasan ke driver2 nya buat ga gitu lagi ngeselin banget",1
"cepat, dan aman",5
trimakasih gojek,5
tidak bisa transfer ke rekening bank,1
mantapp,5
oke,5
mantap,5
bagus,5
baik,5
"gojek favorit saya sejak dl,gak pernah gagal berikan yg terbaik untuk customer,dari awal gojek the best",5
mending pakai Maxim sekarang dah ga bakalan pakai gojeg lagi,1
bagus,5
👍,5
sukses pak.pertahankan ya keramahannnya,5
👍🫰,5
the best drivernya,5
mantap,5
pelayanan memuaskan,5
aplikasi yang sangat membantu,5
sangat baik,5
mau daftar sebagai cust masa disuruh nunggu 30 jam.. sue lah,1
payah ujug ujug saldo ketarik 34.900..w ga tau itu buat langganan apaan..udh w cari di tokopedia ga ada..di aplikas gojek ga mau masuk akun w..bingung dah..udh 2x beginiiii..bener bener di bikin kecewa..,2
mantapp,5
"jemputan cepat, perjalanan aman nyaman",5
cepat dan berhati hati.... safety,5
"kenapa sih kalo dapet driver pasti drivernya yang jauh, giliran dibatalin harganya malah naek",1
"untuk pemesanan bagus ya gercep , gak harus nunggu lama, tapi tolong untuk semua driver, pastikan ketika bawa penumpang jangan kebut²an , saya udh sering banget dapet driver kebut²an, pentingnya menjaga keselamatan diri , selain buat penumpang buat para driver juga perlu ,kalo udah celaka selain penumpang yg kena, kalian juga para driver ikutan celaka, tolong jangan kebut²an pentingnya menjaga keselamatan !!",4
"tolong sistem gojek diperbaiki, masa dapet driver pada jauh, lama lama customer pindah ke apk sebelah",1
"Daerah cilebut pencarian driver susah sekali dapet jauh , argo cepet naik 1 menit dari 15 ribu ke 20 rb , bikin telat terus",1
banyak driver yg tidak punya sopan santun,1
"aplikasi tolol, dari jam 6 sampai jam 7 gak dapet dapet, mana sekali dapet tarifnya naik jadi 30 ribu, dari 23",1
lebih mudah,5
"tolong dong diperbaiki lagiuntuk fitur pencarian drivernya, udah bayar pake gitu cepat juga tetep dikasih yg jauh. orang pakai ini biar makin mudah ini malah jadi dipersulit, harus sabar nunggu drivernya lahhh",3
Yess....good,3
pelayanan sangat baik,5
tidak worth it susaah dpt driver,1
"kemanapun dan utk apapun, great app",5
Halo admin Gojek tolong perbaiki masalah maps yang titiknya tidak sesuai. Titik pengantaran sering berbeda ratusan meter.,2
"Mau komplain, koinnya makin kesini makin dikit aja sih ngeselin dehh, mana sekarang ada voucher nya lagi kaya Gopay ga full koin lagi, padahal dapet banyak koin ngebantu aku banget loh buat bayar tagihan yang mahal ini , aku jadi punya sedikit saldo buat beli mie instan di online, soalnya aku ga selalu punya uang kalo abis bayar tagihan. Gojekk ngeselin parah ........",1
sangat membantu perjalanan,5
selalu seru dan keren pake gojek sangat amat membantu di saat bepergian,5
driver nya gak ada,4
bagus,5
"kak di daerah saya banyak bgt kulineran tetapi belum ada gofood, saya siap jadi sales gofood untuk mencari resto yg mau bermitra.. gimana ya caranya??",5
mantap,5
nice,5
"customer service kurang membantu pada saat terjadi masalah. masalah dibiarkan menggantung tanpa solusi, padahal problem ada di sistem. kasihan driver dan kostumer dibiarkan begitu saja.",1
dapet driver pesanan saya diterima tapi gak berangkat sampai driver nya diganti otomatis,1
"suka pakai gojek tapi sayangnya kalo pesen gofood ongkirnya mehong, klo gk benar2 punya uang gk berani pesan gofood pakai gojek.",5
Tolong tambahkan pembayaran deng QRIS,3
mantap lah,5
bagus,5
Keberadaan Gojek dpt membantu kebutuhan transportasi masyarakat.,5
memuaskan,5
bagus,5
"ada bug bagian penyiaran pesanan, direfresh msih ga berubah, dan gabisa kembali, harus nutup aplikasinya dulu bru bisa",3
bagus,5
mantef,5
"goblog aplikasinya, saldo sudah di ambil tapi tidak ada tindak lanjut penjemputan nyaa",1
selama aku pake gojek atau pun grab pelayanan nya sangat ramah,5
bad iklan itu aja cukup,1
gojek ku keren..👍,5
sukaa bangetttt aplikasinhaaa!!!!!!! banyak promo sama ah itu lah pokonyaa🌟💓💐🌸,5
"potongannya gila banget hampir 60 persen,,total pembayaran pelanggan 40.000, driver menerima 13.000 mana jemputnya pasti jauh banget ..",1
oke,5
good job,5
"driver sering yg jauh di kasih,",1
driver nya pada sombong angkuh gamau angkut dengan bayaran yang tertera diaplikasi,1
great,5
"untuk gofood jelek bgt, proses pembatalan nya sangat cepat hitungan detik langsung hilang, tidak ada lebih dari 15 detik, sangat tidak profesional",1
transaksi lebih mudah,5
"awal-awal apk ini normal pemakaian tapi tiba2 kok gopay later tidak bisa digunakan dan muncul ""Transaksi Gopay later gagal karena aktivitas tidak wajar"" pembayaran saya lancar dan padahal mau transaksi beli kuota dan belanja ditokped juga top up game.... tolong dong ini penting buat transaksi mau beli ini itu dan belanja jadi tidak bisa.... kenapa begini?",1
baru coba,4
Aplikasi yang sangat membantu kehidupan,5
gk bisa di donwload,5
lengkap layananya,5
Aplikasi lemot susah dapet driver sekarang.. apa sih kerjanya ini,1
Pokoknya mantap 👍👍👍👍👍,5
buagusss pol,5
selalu dalam hospitality bagus,5
baik,5
profesional,5
cepat,5
mantap dan nyaman😊,5
aplikasi yang bagus,5
"Gua pernah diturunin tengah jalan sama driver gocar. Tujuan telukgong ke Sunter Jakarta Utara . orderan terakhir ke tujuan tsb. Driver bangsa chindo. Maksa org harus naik tol. Sepanjang jalan ngomel . Makin kesini aplikasi ini makin gak karuan sumpah. Banyak driver mobil nya songong . Pernah satu kali driver nyetir sambil lihat hp, ini di Palembang . Nyetirnya lamban Krn mencetin hp . udah gitu sekarang makin kesini ngasih driver yg jaraknya jauh . kebanyakan di cansel driver",1
"Tambahin metode pembayaran via QRIS untuk gofood, goride, gocar, dan gomart lah. Udah 2026, metode pembayarannya masih kuno",1
Bagus,5
good,5
driver menyebaLkan.,1
best,5
metode pembayaran di BESARIN! dong biar orang tuh liat dengan jelas jangan di taro bawah pojok gitu.,4
"parah sih gojek udh ga mau ambil orderan ojek,,, pd cancel tiap coba pakai gojek",1
"sy order 2 kali hari ini, dan di tolak sama gojeknya tanpa alesan yang tentu. saya ga pernah komplen ke driver mana pun atau bayar kurang atau hal lainnya, tapi saya di tolak aja sama drivernya kadang malah saya kasih tip berlebih. jujur saya kecewa, dan mereka nolak dengan cara yang sama. pertama nelepon, abis itu nanyain tempatnya dimana, abis saya kasih tau mereka bilang ""oh"" dan di tolak gitu aja.",2
siip,5
oke,5
ok,5
bintang Tujuh,5
mantap,5
Top,5
tolong aplikasi nya di benerin lagi,3
well-done,5
"aplikasi rusak, jelek, sangat buruk, dari csnya juga jelek, semua saran bantuannya ga ada yang membantu, lebih baik tidak usah di gunakan lagi.",1
"Driver pada terlalu pilih pilih, berkali jali order, drivernya ga jelas, ada yang ga respon tp mapsnya berlawanan, ada yg to the point minta di cancle, ga jelas.",1
Sangat di butuh kan dan aplikasi yang mendukung di saat urgent,5
Sangat membantu,5
saya sangat puas pada driver Gojek yang saya naik saat hari Kamis kebetulan menuju tempat tinggal saya harus melalui banjir2 namun Driver itu tetap sabar bertahan macet2 dan mau mutar2 cari ajses yang aman tidak harus nyemplung banjir meski sudah tiga kali putar2 mencoba terus mengantar sampai tujuan walau waktu sangat lama .,5
hm skg voucher gofood dikit bgt polllllll dlu srg gofood skg pindh apk oren yg dmn byk voucher plus potongan ongkir lumayan bahkan jauh bgtt np yaaa kd kecewa kl tiap buka gofood udh trlnjr malas. mksh,3
bagus. pelayanan cepat,5
"aplikasinya yang mantap, bisa kemana mana, dengan ongkos terjangkau",5
okeee,5
"bagus, tp sering eror. mhn ditingkatkan.",5
kecewa ga bisa bayar pake dana... saya kasih b1,1
good job,2
sangat menbantu,5
Drivernya baik dan sopan,5
sangat berguna,5
"ini kenapa hematnya di ilangin yah,mau ngorder yang hemat ga bisa buat ke stasiun,jadi males pake gojek",1
nyaman,5
"akhir2 ini gosend susah cari driver, sekalinya dpt driver di chat ga balas2 ditelp gak diangkat.. payahhh mengecewakan sekarang... jujur lebih suka maxim.. drivernya lebih sungguh2 kerjanya.. tarif lebih murah!!",1
drifernya ramah,5
Menu Gopinjamnya Tidak Jelas,2
ok,5
"kalo ada masalah penipuan jangan lapor cs yg ada tabungan Gopay diblokir terus buat ngebukanya susah banget saya telpon udah lebih dari 5x dan ngabisin uang...harusnya buat bayaran cicilan gk bisa. karena Gopay tabungan dblokir.ua g disitu ,sangat kecewa sekali bukan ya melapor dapet apresiasi malah tabungan diblokir buat bayar jd gk bisa.",1
"Setiap buka gojek.selalu minta update, ngeselin!!!",5
dear customer2 yg terhormat. terima kasih dan mohon maav yg sebesar2nya. berhubung skrng pt gojek indonesia semakin haus akan keuntungan. layanan goride harus berbayar. sedangkan modal 70 persen kami yg tanggung. mohon maav apabila pelayanan yg di berikan agak kurang profesional.,1
ok,5
Semakin lengkap dan akurat,4
mantap,5
Gojek memang oke dan tarifnya murah,5
pelayanan bagus,5
puas,5
top,5
"beberapa kali order gocar lama banget ga dapet2, sekalinya dpt malah jauh, melebihi destinasi tujuan, mending pindah ke spk sebelah, ga ada 1 menit dpt yg lebih dekat.",2
oke,5
kenapa skrg gojek mahal sih nga kaya dlu,3
untuk beberapa kota kecil masih sulit ditemukan drivernya,4
banyak banyakin promo,5
sangat membantu,5
terimakasih,5
ok,5
layanan cepat dan mudah di akses,5
"cepat ,dan membantu saya dalam pulang atau pergi bekerja",5
👌,5
mantapks,5
TITIK JEMPUTAN SLLU NYASAR,5
"bikin promo hemat,nyari drivernya susah",1
pick upnya jauh banget..kasian driver dan penumpang inimah😭😭,3
saldo sering gak tampil,5
Mantab,5
sangat cepat dan responsif.,5
ok,5
recomended,5
"Driver sangat baik, sopan dan tepat waktu.",5
"TOLONGLAH GO-JEK UNTUK DRIVER YG DEKET ITU WAJIB AMBIL ORDERAN, BANYAK YG TELAT KARENA BNYK DRIVER YG JARAKNYA DEKAT DGN CUSTOMER TP TDK MAU AMBIL!!!",3
ok,5
susah banget nyari driver,1
"driver lama, jauh, padahal lagi buru buru. chat selalu error, komunikasi susah.",1
jos,5
kmpang susah nyari driver,1
setiap pagi kalo pesen transportasi ini selalu jauh dan ditolak sm drivernya padahal pake harga yang normal dan bukan yg promo.,1
bagus,5
"ini saya ikut event yang login harian buat dapetin tiket pesta cuan mlbb, saya udah login 6 hari, harusnya sekarang bisa di klaim, tapi di aplikasinya gojek kok gak bisa diklaim ya, tolong gih di perbaiki, event di MLBBnya udah mau selesai ini nanti sore",1
top,5
Ramah sopan,5
"kalau beli makanan jam 2 malam driver pada gak ada, nunggu maka ber jam2 ngebatali harus nunggu estimasi waktu habis, rugi sekali",1
memuaskan,5
"kepada semua, hati2 ya terhadap apk ini. termasuk gopay nya. skrang transfer gopay bisa ke semua nomor dikontak kalian, walaupun si pemilik nomer tidak pernah daftar gopay. dalih nya nomor daur ulang. coba minta bantuan awal2 iya bakal di beri harapan dg pemulihan akun lah dll. tp bakal sama ujung nya duit nya gak bakal balek. pengalaman pribadi transfer ke akun tidak aktiv dan berhasil. proses minta bantuan eeh nomor yg salah transfer sudah tidak terdaftar dan sudah di ganti nomer katanya.",5
good,5
"pdhl rutenya ada yg lbh dkt+biaya ongkosnya jauh lbh murah seharusnya, tp disini mlh rutenya pilih yg jauh jd ongkosnya jd lbh mahal, plis minimal bisa pilih rute jalan yg lbh cepet selain wktunya lbh cepat smpe trs ongkosnya ga trllu jd mahal",3
kenapa saya ingin login harus memasukan otp dari email sedangkan email sudah tidak bisa dibuka mohon bantuannya,1
"kalau gofood mending pakai aplikasi orange deh, disini banyak jebakan harga.",1
perhatikan jg kesejahteraan mitramu biar customer puas dgn pelayanan,1
seneng pake jasa gojeknya tp kesel Paylater nya gak bisa,5
"Saya login nomor lain gak bisa masuk, dicoba beberapa pin masih salah juga, klik lupa pin respon malah bilang pemeliharaan. Semuanya pengguna gojek, kasih bintang satu aja!",1
Aplikasi Kereeennnn..,5
lumayan,3
ok,5
mantap,5
alamat gonta-ganti sendiri gk jelas,1
dapet Driver yang baik dan ramah itu bahagia dan aman.,5
Cepet banget,5
"makin kesini gajelas apk nya,banyak diver yg Deket tapi malah dapet yg jauh,udh gitu driver sering cancel gajelas,mohon untuk pihak apk perbaiki lg sistem nya,dan driver harus nya tidak bisa cancel sepihak.",1
asyik,5
"Saya sangat kecewa dengan aplikasi ini dimana saya pesan le minerale dari gomart tapi driver nya melakukan kekerasan kepada saya, baru kali ini saya mengalami hal begini akhirnya UNINSTALL aja,mending saya pakai aplikasi lain saja",1
penjemputan cepat,5
mengantar orang yang sudah tua sesuai tujuan dengan aman,5
drivernya sangat ramah sekali,5
download nya lama bngt.,1
sangat membantu,5
tiba tiba banyak iklan,3
parah nunggu 1 jam gak datang2!!!,1
makin mudah pake gojek gak pake ribet,5
"gojek sekarang diskonnya kecil bgt ya potongannya..? apalagi goride,goweekend cuma 3.500 ataupun ga ngurang sama skli pdhl dulu potongannya gede' loh.. :( saya anak pelajar sering nabung dari uang gojek sekarang udah gabisa huhu",2
LAYAK DIKASIH BINTANG 5..??? SUDAH LAYAK DAN PANTASKAH NILAI BINTANG 5..???,1
sangat membantu di kala lapar tapi mager,5
"Sangat membantu. kurang nya tidak bisa menyimpan alamat baru, supaya tidak mencari2 alamat yg biasa kita pakai.",4
"pelayanan yang sangat amat kurang ,, mau login aja dibikin ribet .. jawaban selalu gak berguna ,, sudah panjang lebar ngasih penjelasan masih aja dibikin ribet .. pantes dapet bintang 1",1
bagus,5
susah dapat driver,2
sangat membantu untuk pulang pergi,5
Bagus,5
"tolong untuk develepor gojek, untuk orderan hemat / lainya kalau bisa carikan driver yang disekitar kita",1
"aplikasi jelek, muter aja terus, driver kagak dpt2",1
ok,5
tolong mitra gojek ubah harga beli emas menjadi 5 Rp soalnya saya ingin investasi emas di gojek dengan pembelian minim,4
"fiturnya lengkap tapi kek.nya rame bgt, dan spt nya admin belum berfungsi dgn baik. Contoh ada fitur paylater tapi saat di klik, isinya layanan gratis spt goreng,gomart,gocar,go dst. jadi kalo mmg ga ada tersedia, jgn dimasukin dulu dlm fitur. Terus utk gopinjam, itu keterangan bisa sp 12x tapi sudah di blok, hanya utk bisa 2x(2 bulan), sedangkan promosi akhir tahunnya keren. Tenor go pinjam nya di panjangkan donk sesuai promonya !!!",5
"ada drefer yang mungutang ke saya dari lebaran idul Fitri tahun kemarin, sebesar 1.500.000, katanya untuk mendapatkan bonus THR, bilang besok di bayar nyatanya sama sekarang belum di bayar",1
"saya udah nungguin lama buat order gofoodnya, pas orderan dibatalin sama penjualnya, malah gak ada info, gak dikasih tau kalo orderannya dibatalin penjualnya. dari tadi gambarnya stuck di ""makanannya sedang dimasak."" saya tutup aplikasi nya baru dikasih tau. Saya udah nungguin lama loh.",1
bagus,5
mantap,5
Ok bgt,5
ya allah Komisaris,5
"Tolong diperketat seleksi mitra/drivernya, rata-rata pada gabisa baca map,emosian, gamau ke titik jemput dll. banyak alasan",1
bagus,5
driver ny baik2 sopan dan amanah,5
bagus,5
Dari yang awalnya banyak diskon sekarang malah mahal mahal semua. Jarak yang cuman 4km or 5km ongkir nyaa ya Tuhan lebih malah dari harga makanan yang dibeli. Biasanya ongkir nya gak terlalu mahal. Ini sekarang astaga mahal bangettttttttt. Makin kesini makin bad experience aja makek gojek,1
harga mahal ongkir mahal tapi kasih ongkosnya ke drivernya murah cuma 5 ribu licik banget kamu gojek ngambil keuntungan yang besar banget saya kecewa jgn gojek sekarang miris melihat nya,1
sangat membantu,5
its ok,5
nyaman dan menyenangkan,5
mantap,5
sangat berguna untuk semua orang,4
baik ok banggggget,5
"tolong ya ini fitur alamat knp gini ya, kan aku dri rumah ke swiss belhotel tuh lalu aku balik lagi kerumah setelah selesai acara tpi pas aku mesen gofood dan udh dijlan alamatnya malah ke swiss belhotel padahal disana aku g buka gojek sama sekali tpi giliran sampe rumah alamatnya g keganti. tolong ya fitur otomatis alamat jangan kek gini biar kita yg atur alamtnya dimana biar g kek aku udh 2 kli kejadian loh ini.",1
baagus,5
mantaaab,5
"terbaik, mantap",5
selalu ada disaat butuh,5
"Tolong developer ketika ""DRIVER GOFOOD SEDANG MENERIMA DOUBLE ORDER DIKASIH KETERANGAN di APLIKASI KETIKA di PERJALANAN"", jadi pemesan tau pesanan agak lama sampainya, masalahnya waktu estimasi di aplikasi itu tidak sesuai.",3
internet 5g malah gabisa dipakai,1
"mitranya tolong di briefing lagi terkait kenyamanan dan juga keselamatan, pake helm tanpa kaca terutama perjalanan jauh kurang nyaman dan bikin pusing (angin kencang dan banyak debu). terutama goride comfort jangan hanya menekankan motor unit baru, perhatikan juga helm nya layak atau tidak untuk digunakan di jalan raya.",3
"fitur chat dan telpon ke driver payah, sering bikin salah paham antara driver dan penumpang. notifikasi juga ga muncul padahal notifikasi promo ga penting sering muncul. potongan ke driver juga ga ngotak, harga layanan ke customer makin mahal dan gofood juga ada biaya biaya ga jelas",1
"habis diupdate jadi mapnya hilang, menitan di jalannya gak jalan. update: udah normal",5
melawan kesesatan logika. ijazah palsu,5
Pertahankan pelayanannya,5
untuk aplikasi. tolong di bantu koreksi. agar nomor HP yang di cantumin di aplikasi pemesan baik pengirim atau penerima tolong jangan di sematkan di aplikasi driver. karena pemesan aplikasi ada yang bukan sebagai pengirim ataupun penerima. makannya itu di cantumin nomor HP penerima dan pengirim,1
"parah, developer apk nya males, testimoni pelanggan kata² kotor bisa lolos di ulasan. mending hapus aja apk nya. Dev pemalas",1
"Great, membantu usaha saya",5
terbantu,5
top bd,5
cepat dan nyaman,5
lebih hemat dan lebih cepat,5
chat dari driver ga masuk kalo kita ga refresh terus menerus.kasianndriber udah sampe tp chat di saya ga muncul,1
Great Service,5
good luck,5
bagus,5
lebih baik grab dari pada gojek...jauh kemana2 mulai dari segi tarif dll..jauh ..auto delet dah pokok nya ni apk,1
cepat,5
tranfortasi yg membantu sekali untuk UMKM dan semua kalangan mantap pooll,5
"driver pada belagu, apalagi daerah stasiun cikarang, udh ada harga di aplikasi pada minta nambah, udh mah nambah nya ga kira², gojek tolong dong dihimbau lagi driver² yg kek bgitu",3
"kenapa ya sekarang gojek ngebingungin banget cara pake nya, driver nya suka di alihhin ke yang lain, tapi driver yang udah dapet pas pertama pesen malah lagi jalan tapi malah di cari in lagi diver nya . tolong dong ini aplikasi nya jadi ngebingungin pengguna banget harusnya cuma pesen satu malah jadi dua driver",3
baik,5
Recomended,5
"urus noh driver lu yg semena mena, pdhl yg butuh duit sp",1
Aplikasi yg sangat berguna & membantu manusia2 mager seperti saya 😅👍,5
nyaman,5
makasihh,5
merasa terbantu..,5
"nunggu pencarian driver lama sekali, kalau mau cepet harus bayar lagi, giliran pake prioritas dapet driver selalu di tolak akhirnya naik taksi tanpa aplikasi, kecewa banget gojek yang sekarang, terlalu mikirin cuan tanpa prioritas kenyamanan pengguna",1
mantap,5
hemat pilihan cermat,5
tolong lah untuk penguna gojek jangan suka banyak alasan tidak ada kembalian jujur saya tidak merasa nyaman mengunakan jasa gojek karena sering banyak alasan tidak ada uang kembalian setiap kali saya mengunakan jasa gojek selalu tidak ada kembalian,1
cukup untuk membantu,4
nice,5
𝚖𝚎𝚖𝚞𝚍𝚊𝚑𝚔𝚊𝚗 𝚋𝚎𝚛𝚙𝚎𝚛𝚐𝚒𝚊𝚗 𝚋𝚊𝚐𝚒 𝚢𝚐 𝚝𝚍𝚔 𝚖𝚎𝚖𝚙𝚞𝚗𝚢𝚊𝚒 𝚔𝚎𝚗𝚍𝚊𝚛𝚊𝚊𝚗 𝚙𝚛𝚒𝚋𝚊𝚍𝚒.,5
ketransaksi sendiri tanpa pin atau sidik jari sampai sampai duit saya hilang tanpa membayar apapun tetiba udah terbayar sendiri lain kali di benerin fitur kek gitu ngerugiin orang,1
bgud,5
mantap,5
"aplikasi jelek asal bekuin akun orang, mana ada saldo 700 ribu😭😭",1
mantab,5
Sangat Membantu bagi yang Mager..,5
"aman ,terpecaya",5
Mantab,5
"selamat tingal gojek. harus nya ceo nya saya aja. pasti ga bakal sampe di jual ke grab.. gojek skrang udah ga lagi fokus sama manfaatnya. tapi lebih ke untung ruginya. dan bodo amat driver mau suka atau tidak yg penting untung. kirain bisa lebih kuat dari grab ternyata lebih buruk. padhal di kandang sendiri,,",5
nice,5
oke,5
jangan mahal mahal dong tarifnya,4
mantaff,5
driver sering susah dapat saat menggunakan gojek hemat,2
mantap,5
costumer yg terhormat jika suatu hari anda pesan makanan driver nya lama mengantarkan itu bisa jadi karna driver dpt double orderan. sebener nya driver juga gak mau double orderan cuma driver dipaksa untuk ambil orderannya.. klu dicancel performa turun dan juga pasti anyeb. apalagi neng shope itu bisa triple orderan dng argo yg gak gede. gojek dan grab double orderan cuma dibayar 2000 sampe sekian misalkan argo pertama 8800 masuk lagi orderan gabungan dibayar cuma 2000_2500 klu jarak Deket.,1
sangat membantu,4
mantap,5
"kalo bisa free ongkir untuk gofood di hapus,, di jamin tidak akan di ambil oleh driver",5
driver sangat baik dan tepat waktu,5
puass,5
aplikasi yang sangat membantu ketika malas keluar,5
mantap diada Dunya,5
"sebagai orang yang gak suka keluar, sangat membantu pesan makanan dan barang. thanks gojek. semoga makin sukses. driver makin sejahtera.",5
lebih hemat waktu aja sih,5
keren,5
"ngerepotin pas mau pulang dari bandara, masa, disuruh nyari driver dulu.",1
selama ini menggunakan gojek atau gocar semua baik dari segi pelayanan dll,5
halo kenapa saya aktifkan gopay later lewat tokped n gojek kode referral tidak luarsa terusss terus padahal itu kode baru,5
mantap dan bermanfaat,5
tolong lah driver nya di evaluasi masak iya kita resto makan an udah jadi malah di cancel,2
"Bisa gak sih dibuat kayak platform lain? Pas pesen bisa gabungin 2 promo? Aplikasi lu itu termasuk yang paling mahal loh diantara yang lain kalo pesen online food. Gausah kikir napa, sekelas grab yang gak serame lu aja masih lebih dermawan",1
mantab,5
pengalaman saya tidak bisa masuk di akun gojek saya dulu karna nomor yg tidak aktif sudahh hilng da dan saya mau mengakses kembali tapi tidak bisa mohon di balas cepatnya,1
lokasi pengantaran tepat,5
salah satu alternatif transportasi,5
bagus 👍,4
"hampir semua ojolnya kalau minta jemput di mall tarif masuknya minta ke penumpang, kl mau di masukin aja ke pembayaran kan kaget tb tb di mintain padahal uang pas atau gojek kerjasama sm beberapa mall jd kalau penjemputan untuk gojek itu gak ada tarif.",2
toop cerr,5
bagus,5
Trima kasih sangt bantu dan sangt mmbantu,5
dimana anda butuh makanan di situ ada gojek,5
sangat bagus,5
terbaik,5
hapus sistem slot salam dari driver,5
pesan makanan di goofood tapi yg datang tidak sesuai dengan menu komplain k gojek menu sudah sesuai kecewa cs tidak profesional bad service bad attitude no recommend buat pesen gofood lagi,1
okey,5
dapet drivernya jauh terus,1
Drivernya dapat yang jauh,1
oke,5
selalu memuaskan dengan diskon diskonnya,5
baik,5
"deivernya banyak yg ngaret,udh dapet orderan tapi di map stuck gak gerak samsek ampe 10 menitan,ini gak sekali dua kali",1
"go points yg menuju ke voucher saya yg sangat tidak bermanfaat seperti tipu2 ternyata tidak bisa di gunakan go send di batal kan driver tapi tips driver tidak di kembalikan , jadi driver go send banyak menilep uang tip dengan cara membatalkan pick up barang , sangat keterlaluan , dari pihak gojek bagaimana itu merekrut driver go send maling profesi nya",1
Istiqomah terbaik,5
cepat,5
"mudah , cepat, banyak diskon menarik",5
tambah mahal aja skrg ga KY si kuning,1
Gojek oh gojek sampai kapan kamu bisa mensejahterakan para drivermu????,1
Baik,5
penjemputan cepat,5
Dengan gojek dan gocar bisa lebih mudah pergi-pulang jika kendaraan pribadi tidak ada.,5
"setiap pesan gocar pasti bau rokok mobilnya, mana bawa bayi. 🤬",1
bagus,5
"sangat cepat, baik, ramah, mengemudi dengan baik, dan mudah dalam memesan aplikasi ini, aplikasi ini penting bagi saya saat pulang sekolah karena saya tidak di jemput atau saat saya mau berangkat sekolah, jadi saya sedikit bergantung kepada aplikasi gojek ini, terima kasih sudah memudahkan saya saat saya mau pulang ke rumah atau mau berangkat sekolah, dan maaf jika saya membuat kesalahan kepada orang orang yang mengantar saya, sekali lagi saya terima kasih kpd aplikasi ini dan saya minta maaf, .",5
muncul mulu di iklan drama cina nyusahin,1
ok,5
saat lagi hujan susah dapat gojek jadi ny saya kasih bintang 4,4
sekarang sistem hanya mencari keuntungan saja.,1
"driver GOjek bbrp x sy dpt kurang ramah, terkesan galak, ga sabaran, ya gosend terutama, mmg tdk semua, tp ga jarang jg dpt yg model gtu. semoga bisa jd evaluasi ya. kita ga minta di hormati berlebihan kok, kita jg faham driver bkn pembantu kita, yaa sama2 membutuhkan lah, jd saling menghargai aja.",4
sangat membantu sekaliiii,5
busuk ni aplikasi keluar mulu. ga reapon mulu. gtau orang buru² apa ya,1
penolongkuh buat nge send barang💃dan pengantarkuh kemana pun tenkyu,5
para driver asik,5
pelayanan bagus,5
mudah di akses,5
"Gocar mengecewakan, pesan selalu menunggu lama, kalau tidak mau Khan bisa ngechat!, saya chat ga dibales2. memangnya tidak kedetect di sistem kalau sudah d ambil trus ga jalan2!. tolong ditegur driver seperti itu.",1
adalah pokonya,5
harusnya begitu boskuh,5
bisa dipake dan mudah pemakaiannya,5
andalan memang,5
sgt membantu... terima kasih 🙏😊🤝😘,5
sangat membantu,4
terima kasih,5
good,5
mantab,5
bagus,5
Sukaaaa,5
apk bikin muak 🤮,1
suka bgt ma aplikasi nya... kebantu banget sm aplikasi ini drivernya baik2 gak ada yg rewel dan ribet....👍👍 kl ada masalah cs nya juga cepat tanggap👍👍,5
sangat baikk,5
oke,5
bagus,5
mantap bagus,5
Oke mantap,5
sangat membantu di jam jam kritis 👌👌👍,5
susah sekali donwloadnya,5
"makin ksini makin parah,gw ga bisa pesan layanan gocar",1
naik ojek moda transportasi yg adil,5
"udah 2kali terjadi setiap mau pesen gofood selalu tercancel dari aplikasi nya, kesel banget udah mah laper cape ngantuk nunggu lama tiba tiba dibatalkan begitu sajaaa, jadi kapok pesen gofood jadinya, lain kali kalo emang resto tutup gausah dan driver gaada langsung bisa dibatalin dongg biar ga nunggu lama, ini udah nunggu 1jam setengah baru bisa dibatalin kesellllll bangetttt, udah 2kali 2 waktu berbeda terjadi nya, tolong perbaiki lagi sistem nyaaaaaa",1
sangat membantu disaat waktu mepet,5
good app,5
mantap,4
oke deh,5
God job,5
Gojek memang tiada lawan dah yang lainnya maaf saya selalu setia dengan Gojek 🥰,5
eror bangke,1
ok,5
bagus,5
harusnya reting yang di kasih Drive kita bisa liat biar adil driver bisa liat reting kita,2
bagus sih tapi kadang suka pada nolak mungkin karna cuaca lagi kurang baik tapi gpp semoga lebih baik kedpn nya,5
sering bermasalah aplikasinya pake gojek hemat gak dapat driver begitu upgrade ke biasa malah pesanan double. Kasian drivernya kan kalau kayak gitu.,1
"terimakasih apk ini cocok untuk saya, yg mager.",5
"ngga bisa chat resto,jadi ngga tau pesanan dibikin apa ngga,soalnya sering udah nunggu lama lama makanan ngga dikirim.",1
ok,5
Mudah-mudahan semakin baik terus dravir nya sehat selalu mereka dan barokah nya segenap semuanya yang ikut adil dalam aplikasi gojek Aamiin. dan tetap di sangsi jika kalau tentu apabila terjadi kesalahan di pelanggan mereka yang sudah ber etik baik,5
amat sangat bisa di andal kan,5
bagus bermanfaat,5
bagus,5
mudah,4
LAMA NGIRIM BARANG KAGA DAPET² PENGEMUDINYA,1
oke,5
support karya anak bangsa,5
terimakasih sudah sangat membantu kami para perantau yg belum punya kendaraan jadi bisa memakai jasa ini,5
jasa beli makan saat kepepet fan mager,5
sangat puas,5
sangat membantu sekali aplikasi sngat bagus,5
mudah dan murah,5
"saya lunasi gopaypinjam sebelum jatuh tempo bahkan sebelum masuk bulannya sudah saya lunasi supaya bisa pinjam lagi , eh taunya malah pinjaman ditolak ! ANEH !!",1
aplikasi nya bagus banget,5
Respon driver Lama,2
driver manja2 kalau harga promo pada gamau ngambil banyak alesan macet lah ban bocor lah kejauhan lah tolong lain kali gojek diseleksi lagi calon2 drivernya,3
"lemot banget mau pencet nambah pesenan malah ga muncul muncul padahal sinyal bagus hp juga normal ga lemot, berkali kali udah kaya gini kenapa ya",5
"Percuma gak bisa tarik dana sudah berapa kali di tolak pengajuan,alasan data tidak valid Kenapa yang pertama pencairan bisa,setelah di lunasi malah sebelum tempo jadi gak bisa lagi..Herann",1
GOJEK MAKIN JELEK PELAYANANNYA.,1
good job,5
good app,5
kurang puas di pengambilan driver. Padahal di maps banyak driver disekiraran lokasi tapi yg dipilih sama aplikasi yg jaraknya lumayan jauh,4
fitur gojek hemat mending dihapus aja.. pada kaga mau ambil drivernya.. menuh2 menu aja.,1
"kadang jumpa driver baik, kadang menjengkelkan dan menekan penumpang",5
nyari driver aja lama kali,1
"Drivernya ramah""",5
lebih hemat,5
"lemot lelet, lama bgt. mending pake grab",1
Sangat membantu....,5
kok ngga bisa di download apk nya kk,1
pelayanan bagus,5
terimakasih👍,5
sangat membantu sekali terimakasih,5
simpan draft ilang terus jadi harus ulang orderan,2
"Gopay pinjam baru telat sehari udh diteror, dikecam, baik WA dan telfon. Nomor yg menghubunginya juga beda2, pokoknya udah kaya buronan banget rasanya. Bunganya juga tinggi banget nih gopay pinjam. sblm ajukan dipikir2 lagi ya buat para calon peminjam, biar ga alami pengalaman kaya saya.",1
"susah dpet driver nya, huhu harus nunggu lama bgt",2
"ketepatan waktu,cepat,ramah",5
udah nunggu 2 jam malah di cancel asuu,1
pelayan drive mobilnya jelek baru pertama kali digini karena saya minta masuk gang ke arah rumah saya dan juga itu juga jalan nya masih bisa masuk mobil 2 tapi dia ga mau pas saya cancel malah marah ga jelas dan saya kasih aja uang buat di ga bacot nih ya orang nya nama nya ARI PRASETIYO DRIVE YANG SANGAT TIDAK RAMAH tolong dong pihak GO-JEK sortir lagi para drive nya biar ga ada driver yang ga RAMAH SAMA SEKALI,1
memuaskan,5
2026 harus lebih baik ya,4
sagat memantu kala kita. bigung. untuk pergian untung. ada. Aplikasu Gojek,5
"kak tolong balikin klaim koin sebanyak kyk tahun kemarin, tahun kemarin perhari bisa 100-200 trus kalo udh 7 hari kadang dpt antara 1000 atau 1500, tolong balikin seperti itu ya kak lumayan untuk potongan promo, yg ini perhari cuma 50 saja trus kalo udh seminggu dapet 100-150 aja, terimakasih 🙏",5
Mau login Aja tambah ribet mlh gk jelas ni app,1
jarak hanya 5km pakai yang hemat tidak ada yang mau giliran pakai yang normal banyak yang nolak saat hujan juga tidak ada yang mau ngambil sampai harus nunggu 2 jam,1
banyak sekali driver yang menolak.,1
"APLIKASI GAMASUK AKAL MASAK ONGKIR MAHAL KALI PADAHAL ADA PROMO LO MALAH GA BS DIPAKE UDH GT KADANG DRIVER LAMA BGT JEMPUTNYA HAPUS AJA HAPUA, UDH HARGA GA NGOTAK KLO MESEN MAKAN, UEDAN",2
setelah update malah gak bisa masukin alamat tujuan. data-data sebelumnya hilang kemana?!,4
"TOLONG HILANGKAN FITUR DOUBLE ORDER YA, BIKIN RUGI CUSTOMER SAMA BIKIN RUGI DRIVER",5
oke bagus,5
terimakasih telah membuat aplikasi bermanfaat,5
"udah lama ,di cancel terus bikin telat tau gak, kalo gak niat gk usah bikin ni jasa",1
Sangat membantu,5
biasanya ke rumah nenek 44k Skrang koq jadi 60k di aplikasi sebelah aja 45k,1
"Kalo pesen goride atau gofood pasti dapet driver yang paling jauh, padahal yang deket banyak. Tinggal di kotanya tapi susah banget dapet driver waktu go food apalagi kalo lagi gerimis. Kecewa",4
bermanfaatt,5
awalnya nyaman pake aplikasi ini sekarang engga banyak oknum yang minta ongkos lebih,1
oke,5
"kalau ngasih iklan di tempat lain jan kelamaan tolol capek gua liat iklann lu muluu ,mana kelamaan lagii satt",1
"sering dapet driver yang sengaja ngejauh dari titik jemput atau dilama2in padahal lokasinya udah deket. biar apa coba? kalo gamau narik, cancel aja ga usah gitu. buang2 waktu saya.",3
Solusi tepat,5
saya suka sm gojek tp udh keduakali ga bisa order,4
amat sangat membantu best pokonya gojek,5
gojek sangat membantu sekali baik dalam transportasi maupun mengirim barang,5
"sekarang kenapa sering pesan makanan di cancel sepihak yaa, saya udah nunggu 1,5 jam loh. dan ini nggak cuma untuk 1 orang, effort waktu nunggu, terbuang, effort pesen ulang udah lewat jam istirahat",1
"sering susah mendapatkan kurir utk mengirim paket , sering menunggu lama . harap makin d perbaikin",1
"perbaiki sistem alamatnya, setiap pesan gofood selalu telat, driver ntah nyasar kmna mna, padahal alamat ku dah benar, udah menyertakan wilayah, blok dan nomor rumah sekarang ini lagi pesan gofood, alamat udah jelas aku ketik disitu, driver nyasar sampe ke pasar, logika la, driver nelpon malah bilang udh sesuai titik, ntah titik yang mana. perbaiki lagi itu, NYASAR KLEN BUAT ORANG GOFOOD ITU TUHAN, MENYALA LA AKU INI JDI SUMALA",2
ok,5
makin kesini drivernya makin pilih2 songong,1
apk kaga jelas ...,1
mantabb,5
mantep banget,5
selalu setia..dr dulu..biar nomer hp ilang saat ganti LG nomer baru tetep aja di download lg,5
ramaah dan bersih,5
bagus,5
MALES BANGET PESEN GORIDE HEMAT SELALU JAUH TERUS DRIVER NYA,1
"DEV GOJEK PLSSSSS KERJAAAAAAA TIKETNYA UDAH DIBILANG SELESAI PADAHAL DI APLIKASI MASIH GA BISA TRANSAKSI QRIS JADI DEV TUH YANG BENERRRRRRRRRR COBA JELASINNNNNNN AKUN GW MASIH ADA DUITNYA ITUUUU, GW KENA SCAM MASA AKUN SCAMMER ITU MASIH AKTIF SDKAN AKUN GW YANG DIBILANG ADA AKTIVITAS MENCURIGAKAN, GW GA NGAREPIN DUIT GW BALIK TAPI SEENGAKNYA BLOK KEK AKUNNYA BIAR GA ADA YANG KENA TIPU LAGI, GAJELASSSSSSS",2
"betul lagi musim ujan cari driver susah dan jauh, tapi kalo gak ujan tolonglah yang goride hemat jangan dibikin jauh juga.. klo goride hemat yang biasanya nunggu paling lama cm 5 menit sekarang bisa sampe 10 menit, wasting time. kalo memang itu goride hemat tidak menguntungkan perusahaan kenapa diadakan?? udah gitu pas ujan ada pilihan harga yang hemat dan reguler (harga dinaikin 2x lipat) tapi dapet driver ttp jauh & lama. padahal udah lebih dari 5th suka aplikasi ini, tp sekarang mengecewakan.",2
klo driver tlp gak ada tampilannya untuk angkat tlpnnya.. ginama sih..,1
"aman ,nyaman",5
Mudah dan Efisien,5
"banyak vouchernya. josjizz buat gojek, moga makin lebih dan jadi yg terbaik selalu, thankyou👍🏻👋🏻",5
sangat membantu ...,5
orderan cepat dan akurat,5
titik jemput yg berbeda yang kadang buat ribet Krn drivernya jg kesulitan mencari alamat sebenarnya. pelayanan sh okay tp bagi yg gaptek kadang membuat sulit orang lain.,5
dah lama pakai gojeg sampai sekarang blm prnah di kecewain,5
"Kecewa dg sistemnya, sudah top up gopay tp tbtb sering pindah ke tunai. Karena ga pegang cash jd harus top up lagi ke akun pribadi driver. Juga pagi ini nunggu driver hampir 15 menit tdk ada yg mau pick up, terpaksa saya cancel bbrp kali. Lalu tbtb ada driver yg masuk sedangkan saya sudah pesen di aplikasi sebelah, mau tdk mau saya cancel dan driver kesal ke saya. Mohon perbaiki lagi sistemnya!",1
"Aplikasi nyaa udah ok banget, tapi sangat di sayangkan mencari driver nya lamaa dan sangat susah, sejam saya tunggu ga dapet dapet, kalau berangkat kerja ga bisa di andalkan karena sudah pasti terlambat karena menunggu dapet driver lama",3
layanan buruk pencarian gojek yg sangat lama dan gk guna jadi telat pergi kerja tiap pake gojek,1
cukup mempermudah mobilitss,5
"Driver ramahh dan sopan , membantu kebutuhan anak kami dg cepat. recomended driver 👍👍👍",5
pakai gojek hemat emg harganya murah tapi banyak driver yang nolak trus nunggunya lama bgt.,3
mantab...solusi disaat kesulitan,5
tolong dong gojek kalau lagi hujan jangan susah dapet driver kita juga yang kerja butuh mereka butuh uang dari kita kita butuh jasa mereka bukannya pas hujan malah susah udah mana mahal lagi kalau hujan kami siap bayar berapa aja pun tapi drivernya suka batalin,3
buat apa ada gojek hemat kalo ga ada yg mau nyantol,1
kalo matok harga ga ngotak bngt skrng,1
"para driver gojek belagu amat, klo udh malem+hujan, susahnya minta ampun dapet driver terdekat. pdhl titik lokasi mangkal drivel gojekndi dekat tmpt saya banyak. saking susahnya, dapat yg jauh terus, dan alhasil sllu dicancel, langsung HAPUUUSS apk gojeknya, KECEWAAAAA.. !!! mending beralih ke apk ojek online yg lain deh, yg sllu ready walaupun hujan badai mau siang pagi malam. terimakasih",5
"salah satu driver anda mempepet saya,padahal jarak motor kami tidak terlalu berdekatan tapi dia makin kekanan mendekati motor saya,saya Pepet balik depan muka dia,dia ngamuk mukul saya!! apakah begitu driver kalian?salah dia malah saya dipukul dan dicaci",1
goood,5
Kenapa pay leter saya gak bisa aktif,5
membantu saya yang malas,5
"pencarian driver knp jd susah bgt sih kalo lg urgent, pdhl banyak yg dkt sekali dpt jauh bgt!",3
aplikasi aneh pas waktu kerja nyari driver nya lama pas jam 8 pas ketemu lokasi nya jauh banget bisa nyampe 15 menit baru Dateng daripada gini trus mending kagak usah download udh lama gak berguna nyari driver nya jauh pula lokasinya bukan nya di perbaiki malah di perburuk,1
"Harga mahal, dan driver lambat respon, saya udah telat berkali kali gara2 nunggu gojek",1
"saran dari saya kalo tambahin fitur, kalo misal Drive nya gak jalan/lambat/macet lebih dari 10 menit langsung ganti driver soalnya saya kadang Nemu driver malah nahan, kadang pas mau makan, sholat atau semacamnya 🙏🏻",4
tiap pagi susah bgt cri driver biasa nya suka bnyak tp ini ttep gd terus.,3
gak Tran Paran saldo kita selalu gak di munculkan jadi kami tidak tau brapa uang yg ada di aplikasi mohon di tampilkan dong saldo yg ada,2
"aslinya bagus, saya dapet harga ramah kantong pelajar juga. Tapi kenapa sekarang ditahun baru ini nyari driver susah banget, ga kayak dulu yang satset langsung dapet waktu cari driver",3
"pencarian drivernya lama banget, padahal driver-drivernya terlihat di map tapi sepertinya tidak mau menerima order, cuacanya tidak lagi mendung dan kondisi jalan tidak macet, tolong diperhatikan lagi pekerjanya, makasih.",3
meringankan...,5
aman pake gojek pokonya biar bintang yg menilai,5
Alhamdulillah pelayanan sangat baik dan profesional drivernya.,5
sangat memuaskan...👍,5
sangat membantu,5
susah cari nya sekali dapat gak mau nganterin,1
seru tidak ribet langsung satset,5
ngeleg bnr dah,1
bgs SGT membantu,5
Mantap,5
"Setiap jam 6 pagi kalau saya pesan goride kenapa susah dpt driver, kalau dapat pasti jauh dari lokasi saya, minimal 2km dari lokasi. terimakasih",3
"Setiap beli gofood di aplikasi sangat susah cari driver, padahal tempatnya di kota tapi masih susah cari driver. Apalagi sampe coba pake device dan akun yang berbeda tapi sama aja susah cari driver. Beda seperti aplikasi sebelah yang fast dalam mencari driver dan promo-promo nya lebih lengkap daripada gojek yang sedikit promo. Padahal langganan gojek udah lama hadeh.",1
ok,5
ok,5
mntp aplikasi nya,5
nice,5
karna telat 1 hari penagih smpai sumpah² dngn kta² yg ngga pantas .. sngt disygkan ngga bisa menjga pelayanan nya .. klau telat beminggu² boleh smpai ngata²in orng ini 1 hari mmng ngga ada hadat sma skli ...,3
jos jissss,5
suka bgt,5
selalu aman bersama gojek,5
aplikasi sampah dapet drivernya lama monyed,1
bgus,5
terkadang jarang ada promo,5
baguss,5
Payah... cari driver gosend susah 3 jam nunggu masih mencari terus,1
susah unt re registrasi,2
Semua aplikasi TERGANTUNG pada driver nya..ada yg ramah ada juga yg emosian..,5
tolong drivernya dibenahin plissss... banyak banget driver problematik disini.. lama-lama pindah ke sebelah nih...,1
sangat baik,5
cukup bagus banyak membantu,5
"DRIVERNYA BELAGU, UJAN DIKIT GA MAU AMBIL BECEK DIKIT MALES, HARUSNYA KASIH PINALTI KALO NOLAK/CANCLE ORDERAN BIAR KAPOK, MASIH BUTUH DUID AJA BELAGU",1
driver nya banyak yang slowres,3
Makin mudah dan banyak pilihannya,5
udah mah mahal. pesen makanan harus banget 1 jam nunggu driver.! perbaiki deh tolong. jangan bikin customer lama Nunggu driver Nerima pesanan. orang laper Dibikin kesel sama ini aplikasi.!,1
"gojek kalo gabisa atur drivernya mending di hapus aja aplikasinya. percuma buat promo promo kalo drivernya tidak ada yang mau ambil orderan . gunanya promo buat di gunakan percuma perbanyak driver kalo gak guna semua , gamau ambil orderan",1
ongkir ee mahal,3
pencariam driver susah banget udah sejam gada yg ambil orderan ada yg ambil malah di cansel gatau kenapa,1
gofood selalu gesit,5
sangat membantu,5
"mahal banget, promomya dikit banget",1
Saya mau hapus akun aja kalian persulit,1
sk krn gampang penggunaan aplikasi nya,5
mantap,5
b aja sih🙄,1
gimna sih tukang gojek nya mabok,1
oke,5
nadim makarim jos,5
"kecewa mlu, susah banget setiap pesen gojek ataupun gocar klo ga di tolak yaa dibatalin sma drivernya, kacau lah⭐",1
Sangat cocok untuk Bepergian,5
sangat membantu bangen untuk pulang sekolahh,5
aplikasi bobrok,1
lama banget nyari driver.,1
promo kurang banyak untuk gofood makanan cepat saji dgn nominal belanja kecil,3
good jobbb,5
good drive,5
"slalu dapet driver yang gk konsis, ad yg gk jalan², ad yg slow respon ad jg yg gk ngabarin kadang jg ad yg lngsng cancel tampa konfirmasi 🙏",2
memudahkan,5
"Saya tidak suka dengan fitur chat gojek di pelanggan gojek, saya di kirimi pesan oleh orang yang tidak dikenal",1
"banyak promo dan harga yang ramah, untuk cari driver juga mudah",5
anjay,5
mantaaaaapppp,5
jawabannya selalu dusta,1
jelek gak ada diskon gratis ongkir dan potongan makanan,1
"mulai gk jelas apk nya, kadang suka eror pesen gojek udj cencel trus pindah apk sebelah tiba² dpt driver, kadang gk bisa dibuka, aneh lah",2
"jika bisa di update lagi untuk penilaian di apknya, terutama yg gofood untuk rating nya bikin bisa di edit, agar konsumen bisa ganti ulasan yg sebelumnya jelek",5
ok gojek,5
gojek sekarang drivernya pada melarat gara² dora,1
"driver sekarang seenaknya bgt, banyak banget icon driver yang dekat dengan lokasi yang saya pesan tapi sama sekali gada yang ambil pesanan hemat saya, jadi fitur itu gunanya apa ya? tolong di edukasi lagi buat para drivernya deh, ga motor ga mobil sama aja.",1
🔥,5
"Sebetulnya bagus, tapi saya sudah ganti menu pembayaran ke gopay untuk pesen makan. Saat udah tekan pesan diskonnya tidak bisa dipakai dan tetep pakai biaya normal. Jadi saya harus bayar pakai gopay dan tunai😭. Saat mau ajukan cancel juga tidak bisa. Tolong dibenahin lagi dong",2
kalo ujan erormya minta ampun,1
"engga ada salah apa2 admin main suspen aja akunt saya,, gara2 admin kalah debat... lucu admin gojek.",1
sangat bgus,5
good apk,5
"semoga semakin apdute para driver lebih ramah dan lebih sopan santun, dan semisal transaksi cash harus ada kembaliannya disiapkan. pokoknya untuk aplikasinya sangat berguna bagi saya yang tak punya kendaraan dikota.amanah selalu",5
Sering susah cari driver.,1
siip,5
mantap dan gampang dioperasikan,5
Enak,5
ok,5
okeh,5
sudah sangat baik frevernya pun ramah dan disiplin,4
ramah dan sopan,5
pokoknya top,5
good,5
"gerimis dikit aja drivernya mager apalagi ujan gede😡 nungguin lama bgt, pret bnyk yg booking. Blg ae mager suwe",3
bagus,5
Tolong untuk driver yang lemot komunikasi ke customer di disiplinkan.. Banyak driver selalu los koneksi,1
lama dapet driver,2
"bagus,mantap banyakin promo nya",5
"Berkali-kali dapat tapi driver minta cancel, karena katanya aplikasi eror",1
nyaman,5
lebih aman dan nyaman,5
"aplikasi lambat,,,driver sudah sampai tujuan,,,diMap baru separuh jalan",1
kecewa saya ini kok saya mesen gak ada yg mau di terima lewatin aja ya udah saya kecewe bikin sata terlambat untuk dapat urusan penting,1
"emng gojek jadi brmasalah skrg driver nya, gocar nya juga sama😭 aku pernah pesen gocar mau ke rs, pdhl klo driver pasti pinter baca maps nah dia gabisa, sampe marah2 gt dlm mobil, di tambah macet, makin marah² dlm mobil gaenak bngt😭 trs aku kaya di salahin karna ga kasih tau jalan, jelas2 aku aja gatau😭 pas macet aja nyalahin ktny nanti turun di pinggir aja biar ga lama😭😭😭😭",1
mantap,5
apk lag driver pada nolak,1
bagus,5
makin kesini makin sering error,3
aplikasi lemot,1
suka notif internet mati padahal internet saya masih nyala,1
cool,5
sangat puas pelayanan ok dan amanah,5
kok tib atib eror,2
banyak bug,2
"KOMPLAIN PEMBAYARAN BCA VA LEWAT APLIKASI GOPAY GA JELAS, GA BISA CHAT, CUMA ADA PILIH TRANSAKSI, SETELAH DIPILIH GA ADA RESPON. TIBA2 SETIAP 24 JAM STATUS DIANGGAP SELESAI OLEH SISTEM. DUIT 3,7JT HILANG....",1
jaringan bagus tapi sering gabisa ngelag aplikasinya,1
"koneksi bagus tapi di apk gangguan ,gka jelas",1
puas dengan pelayanannya,4
harganya memuaskan...pokk nya gojek mantap,5
ok,5
"kenapa ya sekarang gojek heran banget, diliat di aplikasi banyak gojek yg lebih Deket, tapi aplikasi malah milihin yg jauh, buru buru tapi tidak tau situasi, sekarang juga harganya mahal, mesen makan mahal, mesen ojek juga mahal",1
"biaya aplikas mahal , biaya layanan mahal ...",1
apl gojek Joss . mntp sangat membantu,5
ditunggu versi beta nya gaeeessss 😓,4
pesen gojek bike dapet drivernya jauh² banget bisa 3km jaraknya,3
bagus,5
sangat membantu,5
"Dari dulu masalahnya sama, tiap milih driver yg dipilih yg paling jauh mulu, padahal pas pencarian icon yg deket banyak, abis itu driver nya minta cancel dah karna kejauhan, ngulang gitu terus sampe 8kali, mending jalan pake app lain lebih cepet",1
saya kasih bintang 5 biar di respon tolong itu deivernya di ajarin lagi kalau di chat itu di respon jangan cuman di liat aja ini nggak diliat aja kaya ga niat kerja padahal di bayar uang nya di lebihin tapi orangnya kaya ga niat kerja tolong ya sering banget dapet driver begini lama lama saya malas pake apk ini,5
"Dua kali pesen gojek driver aman-aman ajah masuk sampai halaman rumah dengan titik jemput sesuai aplikasi, eh yang terakhir nggak mau sesuai titik penjemputan dengan alasan terlalu sempit jalannya, malesin banget emang drivernya bikin emosi pagi-pagi, mana yang mo dibawa orang tua stroke, nggak ada manusiawi nya sama sekali",1
gojek aplikasi tepercaya,5
mantap,5
cepat gk lemut,5
"suka sama gojek, cuma disc ongkir buat gomart di aku ga pernah ada wkwkk",5
"MODE HEMAT MERESAHKAN DRIVER . KARNA SETIAP CUSTOMER YANG PAKAI MODE HEMAT , SAMA HALNYA CUSTOMER MEMAKAN PENDAPATAN DRIVER",1
good...👍,5
"ini kapan mode gelapnya rilis perasaan udh dari lama tapi ga rilis rilis, buat low vision kaya aku sangat butuh mode gelap.l",4
tolong dong gojek.. saya lagi ngecek aja ga tau kepencet kayaknya malah pesan goride. mau saya batalkan ga bisa padahal hanya beberapa detik kepencet aja. kasian driver kepotong gopaynya.,4
driver gapernah ada yang mau pick kalo pake yang hemat diperbaiki sistem driver nya biar ga terlalu milih milih ka,1
"aplikasi buruk, mitranya belagu klw hujan gk mw bil pnumpng,",1
good,5
"percuma pake gojek hemat, pas dapet mereka malah menjauh dri kawasan kita. mau naik hemat pdhl mah gpp jauh lama menunggu juga asalkan bisa sampai tujuan karena saya sendiri ingin belajar ilmu dan mengurangi biaya pengeluaran saya agar saya bisa menabung untuk kedepan nya.",1
driver ramah baik sabar,5
"gabisa nolong pas injured time, mendung dikit aja driver langsung pada males²an gamau kerja. dari dulu gaada perubahan.",1
bagusss pokoknya,5
"pelayanan tapi sulit cari driver after hujan.. mohon perbaiki lagi, karena menurut saya"" driver gojek itu banyak bangettt tapi kok sulit cari driver",2
sejauh ini baik aman nyaman. kalo bisa tarif dimurahin ya kalo buat gosend or bawa² barang . makasiih,5
mantap,5
mntap tepat respon,5
"Tetap menjemput walaupun hujan deras, terima kasih gojek",5
oke banget,5
gojek skrg bener2 tiap hujan ga ada yg nyangkut pada ga mau narik gerimis juga susah nya minta ampun udah pada kaya raya ente kita ini saling membutuhkan JD jangan MANJA deh!!,1
"3 tahun pake gojek sekarang kecewa banget padahal saya gojek plus saat pake goride harus nunggu lama sekalinya dapet drivernya kejauhan, drivernya benerin lagi saya beberapa kali dapet driver mau nabrak mobil",1
"Saya sudah lama pake gojek, cuman terkadang menit nya berubah². dari 3 menit menjadi 6 menit, dan posisi driver kadang ga jalan.",3
tolol bet banyak yg buta maps driver nya ataw sengaja batalin order pas Deket Deket,2
"titik ga lengkap, nyari mobil lama",1
"semau nya driver skrng, milih"".. goride hemat samsek gd yg mau ambil biasanya ad, pdhl byk di situ driver, ad ad aj emg. apa cm di daerah pasminy aj yg kyk gini y?",1
Kenapa sih saldo gopaynya ilang2an? masa harus buka tutup app baru muncul! ketauan bagusan shopeepay.,3
WOI GOJEK ITU PENJEMPUTAN PELANGGAN TLONG DI PERBAIK2.JANGAN JAUH JAUH BNER KITA PAKAI MINYAK BUKAN AIR NGOTAK DIKITLH KALIAN. TERIMA KASIH,5
Good aplication,5
"parah saya gosend monitor dengan perlindungan gold sampai ke konsumen pas di coba lcd layar kena ada tompel kayanya ke bentur padahal sudah pake kemasan plastik tebal dan tas, saya complain asuransi karna pakai perlindungan gold jawabannya tidak bisa malah mau memperingatkan driver. akhirnya saya rugi harus ganti monitor komputernya...parah kapok gosend pake gojek biaya perlindungan ngga fungsi",1
"tolong jangan sampe hari ini aku dikecewakan kadang pesen gofood bisa hampir setengah jam padahal sudah pakai ongkir expres,lebih dibagusin lagi 😭",5
gopay pinjam 200 rb doang di tolak trs . aplikasi sgt2 tolol,1
👍,5
semakin kesini semakin dzalim ini aplikasi pendapatan driver di korupsi oleh oknum karyawan gojek yang nakal dia menyalahgunakan jabatannya dan mereka saling menutupi kecurangan rekannya,1
"akun gw masih di blok, csnya gak jelas pertanyaan gw masih belum di jawab dan akun gw masih di blokir",1
"Mantap aplikasinya, efisien dan efektif",5
sikap yang ramah,5
diskon lgi dong kampung,2
layanan gocar malam di pinayungan karawang barat sangat mengecewakan. un install apk,1
Ok baik,5
mantap,5
bagus sangat membantu mudah buat apa aja,5
HIDUP GOCENG 😭,5
iya mantap 👍,5
terimakasih Go-Jek,5
"memudahkan untuk berpergian sih, mulai dari ojol sampe tiket kereta ada semua. banyak promo pulak! 😭",5
cs nya robot,1
"Gacor,drivernya cepet",5
"layanan customer service di apps itu jgn ai, ngerti g sih butuh human touch unt menyelesaikan masalah, dan tolong unt pengiriman sameday minimal masih bisa telpn drivernya selama 3 jam setelah pengantaran, Krn kalau salah dititipkannya repot",2
"aplikasi nyebelin, saya jadinya tiap hari telat terus ke sekolah, masa iya dari jam setengah 6 sampai jam 7 gak ada driver yang mau ambil, giliran dapet malah di cancel sama drivernya, saya jadinya kena poin pelanggaran terus di sekolah gara gara telat terus, sampe dipanggil wali kelas juga, tolonglah jangan kaya gini, saya capek kalo mau berangkat sekolah harus ngadepin drama drama yang kaya gini. soalnya gak masuk akal banget dari setengah 6 sampai jam 7 gak dapet driver.",1
good,5
good,5
"driver tidak jujur dan aplikasi melindunginya, masih bagus jaman pak nadiem sih",1
"Driver suka males² an sampai kadang saya harus datengin langsung driver nya pdhal jarak driver dan saya deket. harga nya juga mahal, suka ga gerak driver nya dari map karena error",1
sangat tertolong dan ada kemudahan sejak ada gojek saya terbantu,5
sangat membantu sekali dalam kegiatan saya,5
baik,4
"tolong buat driver.mobil... ajarin yg ramah min.apalagi bawa anak berkebutuhan khusus,seperti enggan berbicara dgn pelanggan yg membawa anak spesial... apalagi macet ngeluh terus kyk bt... bikin gk nyamann",4
"kerja bagus,cepat dan bertanggung jawab.itu yang saya suka",5
"Kadang malas pakai gojek, mending sebelah. contoh : 1. dapat driver jaraknya jauh2, apalagi kalau hujan 2. pesen makanan lamanya minta ampun, tahu2 malah gagal dpt driver tarip boleh lebih mahal, tpi tolong perbaiki sistemnya, contohin grab dan shopee food",2
setelah diupdate kok ngga ada suara notifnya ya?,4
sangat membantu,5
"pelanggan setia gofood, discountnya mantap,,kl sampai diatas 50% lebih mantap lagi..hehehe",5
makasih driver nya baik sampai tujuan dgn selamat,5
pinpoint lokasi susah,3
ok,5
nyepelein bgt anjir driver nya,1
"saya curhat disini aj deh drpd kasih rating jelek ke driver kasian makanya sy selalu kasih bimtang 5 k driiver. jadi gini akun saya jarang pake gojek dan sekalinya pakai pesannya yg comfort krn klo biasa apagi yg hemat khawatir diluar expektasi. tapi ini udah beberapa kali yg datang motornya ga sesuai ada beat atau vario 155 butut suka mati2 dan itu jg krn ridernya yg badannya gemuk, kirain comfort itu Nmax PCX, Adv dan sejenisnya dan lagi yg datang yg lokasinya jauh dr titik jemput.",1
oke,5
DAERAH LUMAJANH GAK ADA GOJEK,3
"kenapa setiap kali restoran & driver nya jika ada chat, notifnya tidak ada???",1
"sangat membantu dalam setiap perjalanan,,mantap",5
gooood apliaksi ny,5
Susah banget ya buat bergabung di layanan ini,5
bagus,5
sangat memudahkan,5
sangat baik dan ramah,5
APLIKASI TOLOLLL... JELAS JELAS ADA DRIVER YG DEKET MALAH DAPET DRIVER YG POSISI JAUH... IT NYA BEGO. GUA JADI TELAT BERANGKAT KERJA KARNA DAPET DRIVET POSISI NYA PADA JAUH,1
"tolong di bina lagi untuk para drivernya. pernah pesen makanan sampai 1 jam driver ganti ganti . driver di chat apakah ada kendala jawaban driver tidak ada dan sedang menuju resto, tapi 15 menit kemudian driver yang tertera ganti lagi. terpaksa saya cancel sendiri . pernah juga order gocar untuk ke stasiun sampai 30 menit posisi driver tidak bergerak. di telfon di chat tidak respon. akhirnya pesan pakai apl sebelah karena waktu keberangkatan kereta sudah mepet.",3
"gojek kenapa ya kalo pesan gocar tuh lama banget sama jauh juga kalo dapet, jarak driver sama tempat penjemputan jauh kan kita butuh cepat aneh",1
biar bintang yang bicara,1
semoga semua staff gojek mendapatkan adzab dunia dan akhirat karena telah memeras keringat driver dengan . titik penjemputan yang selalu jauh. program program yang tidak menguntungkan mitranya/tidak adil .,1
mau kasi diskon dari harga 14k menjadi 1k selama 5 tahun,5
"gojek ini bagus krna selalu banyak toko yg bisa discount 30-50 % dr harga asli di aplikasi hanya, di 5 x orderan 4 diantaranya sering ngomel karna jalanan nya kerumah yg jelek pdhl sy selalu siapkan tips yg lebih besar dari ongkir itu sndiri tolong lah gojek lebih selektif lagi untuk para driver nya jadi mau order skrng bisa fikir berulang x karna takut mngeluh bahkan ngomel krna jalan jelek",5
"mantap, sangat membantu, murah",5
"cepat, ramah, tanpa basa basi, trima kasih kang bagus",5
sangat membantu,5
"stop iklan gojek di apk manapun, gabisa di skip soalnya",4
"saya langganan gojek sudah 10 tahun, makin kesini bukan malah bagus tapi malah menurun untuk pelayanannya. orderan kecil pada malas ambil,dari cerita beberapa driver saya jadi tahu, mereka driver gak di bayar sesuai, di peras saja tenaganya,peraturan dibuat seenaknya,potongan besar,sedangkan di lapangan kasihan,tidak ada bonus,",3
cepat dan bagus layanannya,5
aplikasi sering keluar2 sendiri lag gak jelas,1
"very helpfull apk. all u need is here,.",5
"pekan ini lagi musim penghujan, pesan gojek ride dari jam 06:30 susah dpt driver, udh dapet terus ditolak sm driver berkali-kali, sekalinya dpt jauh jaraknya. padahal udh aktifin fitur prioritas. mana harganya 2x lebih mahal dr biasanya. akhirnya baru dapat driver jam 08:30, telat..? udah pasti. akhirnya ada orang baik yang kasih solusi untuk pakai aplikasi lain, dan keesokan harinya dgn cuaca hujan coba pesan pakai apk lain, dan taraa lgsg dapet dan cm ½harga dari gojek. bye-bye gojek 😊",1
mantab 👍,5
ok lumayan bagus,5
"keren, tepat waktu, gak nolak walopun jarak deket. menyala we lah..",5
keren,5
mtappp,5
gopay dan gojek is the best,5
sangat amanah dan membantu sekali 🙏,5
puas bgt nd kerreennn,5
mudah dan cepat,5
"tolong drivernya di edukasi lagi , saya pesan goshop sudah dapat driver , saya kirim chat tidak di balas balas , padahal saya mau kasih tahu titik jemput dan produk yg mau di beli soalnya di aplikasi ga bisa pin poin sesuai alamat nya , kecewa",1
mantul suka banyak promo,5
selalu mempermudah urusan mulai dari makan sampai perjalanan,5
sejauh ini masih aman,5
kenapa promo gofood gak ada sekarang? dan gratis ongkir nya udah gk ada ya sekarang hmmm,1
gimana sihh aplikasinya sinyal bagus wifi bagus udah tak restart tak instal ulang tetep gak bisa masuk,1
ok good,5
aplikasi dengan driver yg banyak problematik dan kelakuannya kek sampah. better app lain. thx,1
bagusssd,5
Oke..,5
"Gojek no ribet, memudahkan aktivitas sehari2.",5
ok,5
sangat cocok dan bagus,5
driver sering lama jemput titik gak gerak. aering buang waktu sampai 1 jam nunggu driver dan ujung2nya di cancel,1
"gopaylater, gopaypinjam gak jelas gak prnh byr telat mau ajuin lagi di tolak trus, gak usah dikasih KLO akhirnya di tolak trus mah",1
josjis,5
"Terimakasih gojek, karena banyak membatu kami ( semua pelanggan )",5
untuk sekarang kurang sat set go car nya pake yg prioritas yg notabene datang 6 menit 3 kali nyantol driver gaada yg jalan itu pake yg prioritas apalagi pake yang hemat tidak semua driver tapi kebanyakan yg leha leha untuk kita yang harus tiba tepat waktu dan jarak pengemudi pasti di kisaran 2-3km dari jarak customer lebih di perhatikan lagi pelayanan nya karena kita sama sama saling membutuhkan,1
sebeeel gocar makin mahal apalagi saat hujan pdhal cuma gerimis trus hrga suka berubah tiba tiba. dan nunggu mobilnya lamaaaa bisa 15 mnitan lebih,3
baik,5
"lokasinya di pilihin driver2 yang jauh, buang2 waktuuu, jadi di cancel mulu jadinyaaaaaaa, anehhhh anehh",1
Paling bangke nih aplikasi customer jadi korban terus klo rintik2 dikit aja udah susah dapet ojek.,2
"sistem kalian lagi kenapa sih?dari hari Senin order gojek dapet drivernya jauh2 terus,terlalu mkn waktu,gak efisien,penumpang nunggu terlalu lama,drivernya juga kasian jemputnya jauh,Mending naik grab atau Maxim aja lah manusiawi sedikit",1
"buruk lokasi skarang susah di tentukan,eror Mulu ,konyol",1
lama banget nunggu driver,1
aplikasi ga gelas nunggu lama lama ga ada yg mau ngambil,1
hadeh cmn gerimis susah cari drivernya minta ampun,1
nyari drivernya lama,1
"sekarang gojek lama Nerima orderan nyaa, padahal banyak yng membutuhkan. apalagi pagi susah dapat",1
"Kalau lagi hujan cari drivernya susah, sering lag, maps gapernah pas di titik alamatnya",1
"tarif gocar kalau lagi hujan agak gila y skr, tdk sampai 400 meter tarifnya 65rb.",1
"makin sini makin Gak jelas banget, males banget pake gojek kalau kesiangan kerja kalo pesen gak ada yang nyaut.awal nya bagus udah lama lama jadi gini jelek amat apk gojek udah hapus aja lah",1
"ni saya trip pertama loh ga dapet"" drivernya dari jam 5 sekalinya dapet alasan mulu ga pada mau anter",1
"anak saya pesen gojek dari jam 5:45 sampai skrng GK ada yang mau ambil jelek banget lama"" gojek",1
gojek kalo hujan susah banget,1
sangat bagus,5
gojek sekarang kebanyakan kalau dapat tarif dikit gak di ambil sama drivernya... harap buat aplikasinya agak tegas dikit ya... takut ada yang mau kerja naik gojek juga kasian,2
"driver kalian tuh kalo lagi ujan suka males banget ngepick orderan saya, bikin saya telat masuk kerja tiap hari...",1
APK JELEK KALO HUJAN SUKA GA PADA MAU AMBIL ORDERAN PADAHAL BUTUH MEPET APALAGI BUAT YANG KERJA.,1
KALO UJAN SUSAH BANGET CARI DRIVER KASIAN ANAK SEKOLA BISA TELAT GARA' GAADA YANG MAU AMBIL,1
keren,5
"gilak kali ya, pdhl udh bertahun2 pake gojek, bru kli ini ngerasa kecewa bgt, pdhl g jauh cuma emg harus muter2 cari jlan krn kawasan sni rawan banjir, tp tarif udh sesuai 20 k atas masih aja 1 jam mantengin apk ini",1
kalau dapet driver suka susah,1
"apasih, lama bgt dimuat aplikasinya...",2
sangat membantu dalam beraktifitas,5
very good,5
"Saya ganti jadi bintang 1 karena tidak ada solusi atas protes saya. driver tidak respon apakah bisa jemput atau tidak, penumpang yg hrs cancel. Apa skrg gojek tidak pernah liat alasan pembatalan karena apa? dan anehnya lagi sekarang gojek bs bekukan akun customer yg bbrp kali pembatalan walaupun itu karena kesalahan driver yg tdk respon. customer service pun skrg pakai jawaban komputer bukan petugas. makin sangat mengecewakan. perusahaan jasa tapi bisa membekukan akun customer, Arogan",1
"mantap, aplikasi yg sangat membantu",5
mantap kali sukses terus ya,5
aplikasi yang cukup bagus,5
akun tiba tiba dibekukan gara gara beli diamond games padahal tidak melanggar aturan aneh.,1
"banyak bgt driver yg jutek klo ngomong gbs baik' udh sakit hati bgt make apk gojek, setiap ktmu driver pasti selalu yg judes, ngomong bentak' gue",2
nyaman murah,5
mantap,5
sangat membantu,5
sangat membantu,5
apk mu berat lemot. perbaiki dulu,1
sangat baik,5
"saat membutuhkan barang, go mart membantu sekali, terimakasih gojek, terimakasih driver",5
"Untuk developer please benerin apk nya, ini kok gabisa dipake ya? udah coba di hp lain (sampai 7 hp) tetep aja gabisa, malah suruh nunggu 60menit sedangkan saya harus segera pulang, untungnya ada apk ojol lain. Saya ketergantungan dengan gojek kalau pkl, saya gabisa pkl ini kalo gaada gojek, tolong segera diperbaiki, terimakasih",5
ok,5
sangat membantu,5
Sikap driver sopan dan rapi dan cepat dalam pelayanan,5
bagusss bangett banyak diskon nya,5
mudah diakses,5
semenjak ada layanan prabayar bagi driver di cianjur saya jadi susah pesen goridhemAt ga dapet2 driver mungkin driver merasa rugi jadi ga bayak pake prabayar jadi terbatsi saya ogah pesen gojek klou kaya gini,1
driver gojeknya ramah dan cekatan buat ambil paket gosend,5
good application,5
saya pesan untuk pickup obat d apotek dari 18.42 sampai jam 19.33 belum dapat. niat ga sih kasih layanan. ini obat loh untuk di lakai.,1
keren,5
ok pokoknya aplikasinya,5
bagus,5
bagus,5
perbanyak driver untuk di kabupaten ketapang,5
yang benar aja aku udah Booking prioritas lagi ngak ada driver dari jam 11 siang mau bikin kunci sampai sekarang ngak dapat juga sampai tutup toko nya,2
sangat membantu sekali,5
mantab,5
"ini gimana gojek pesen ojek motor tiap mau berangkat kerja sama pulang kerja dapatnya jauh terus, perasaan banyak yang disekitar kagak dapat yang deket. buang buang waktu orang mau kerja malah jadi ngaret. kaya ginimah uninstal lah pindah ke maxim ajah suka cepat. sontoloyo dah aplikasimu",2
aplikasi nya kok gampang ngelag yaaa,3
Pengemudi tidak mau dan juga lama ketika mendapatkan orderan ketika hujan,1
"udah ganti tahun, perbaiki lah ini aplikasi. saya pesan gocar selalu dapet yang jauh, udah gitu drivernya ga gerak² sama sekali, di chat juga ga bales, terpaksa di batalin dong? pas booking lagi malah harga nya melejit bgt najis, malah kejadian begini sering terjadi, gajelass. kalo di kasih masukan tuh ya di perbaiki kedepannya biar lebih baik, bukan di tanggepin omongan doang tapi gaada aksi nya. lama² hati gue jg yang panas liat ini layanan",1
"Sangat mudah digunakan, pengantaran cepat, drivernya okay, pesanan juga okay. Banyak gratisan, diskon, voucher. 👍🏻",5
BANYAK DRIVER TIDAK JUJUR TIDAK REKOMEND,1
"lagi buru² pesan goride dapat driver selalu jauh padahal depan saya banyak driver... lalu saya coba aplikasi sebelah cepat dapat driver dan dekat pula.. untuk sementara saya pakai aplikasi sebelah dulu karena lebih mudah, cepat dan nyaman..",1
transportasi online good,5
"4x pesan gocar trus cancel, 2x pesan goride trus cancel, ga ada yg respon, smpe 1 jam setengah, trus ada notip terlalu banyk pembatalan akun akan di ban permanen, yg d pesan ga ada yg dateng, d chat ga respon, terus nunggu gtu !, msh bnyk ojek online, silahkan aja ban permanen, ini aja mau d uninstal, driver nya udh pd bnyk duit kali.",5
"algoritmanya perlu diperbaiki. pernah agak keburu2, cancel gocar karena terlalu jauh, cari lagi, eh malah dikasih yg lebih jauh. gitu terus berkali2. beberapa kali ketemu driver yg tidak ramah dan kalau chat aneh, misal kok tidak ada kabar, makanannya diambil nggak, padahal baru juga selisih 2 menit, internet kebetulan lemot. apakah tidak bisa chat dengan bahasa yg lebih baik?",2
sangat memuaskan,5
sangat bermanfaat,5
gercep,5
datang tidak lama setelah dipesen... Tp yg pertama gojeknya membatalkan 🤭🤭 pengemudi rapi motor standar cukup nyaman,5
"mending naek grab deh,dpt driver nya dket2..skrg2 klo mesen gojek driver nya pada jauh2 dptnya contoh kya d suatu mall d jakarta saya pesen gojek saya liat di depan mall bnyak driver tpi dpt nya jauh bgt skitar hampir 2km..itu ga saya aja yg mrasa,tpi tmn2 saya yg jg sering pake gojek ngeluh dpt driver nya jauh2..tolong benahi lagi sistem nya jgn sampe cs pada lari ke grab dan maxim..",1
biar bntang yg berbicara,5
minta santan tp gak dikasih,5
knp di aplikasi ada yg pesan chat sy data sy knp bisa bocor ke orang lain ini gimana pihak gojek parah kli kalian data sy bisa bocor ke orang,1
i love youu,4
ok ...,5
aplikasi yang sangat membantu,5
Mohon jumlah mitra driver di Kota Tanjung Selor dibanyakin lagi ya Min. Terima kasih.,5
top,5
terbaik,5
Tepat waktu dan sangat membatu,5
Cepat,5
makin parah nih aplikasi masa udh pesen gocar 1 udh nympek tujuan malah pesen gocar lagi tiba-tiba udah 2 kali kayak gini nih aplikasi kasian orang yg gak jadi dpet penumpang apa lagi dri jauh tu driver parah²,1
sekarang klau order hemat dapat drivernya susah.. bnyk d cancel jd lama .,1
kita bayar mahal dpt kedrivernya hampir separo ongkosnya....tiiiiiiilllllllll,1
sangat membantu dlm kondisi tertentu. sehingga mampu untuk efisiensi waktu dan tenaga.,5
ngak bisa masuk,1
mantabb,5
praktis,5
"aku pesan pake goride hemat, eh sekali dapet yang posisi drivernya jauh jauh banget beberapa kali coba tetap dapet yang jauh, bikin males ah, mending uninstall aja jadinya.",5
"Jemputnya jauh gegara paket Hemat, Hilangin Paket Hemat mending dulu sistem voucher saja",1
"Ok , tetap aman dan nyaman",5
👍,5
"denga tarif terjangkau dan banyak promo, aktifitas jd lebih mudah ... terutama buat pelajar ya..👍 semoga jaringan selalu baik tanpa ada kendala",5
gak bisa lupa sandi padahal nomer aktif,5
cepat aman...driver sopan,5
banyak promo dan sangat membantu dalam aktivitas sehari hari,5
aplikasi yang sangat membantu,5
praktis,5
akurat dan aman,5
ok bagus,5
"kalau ga niat gojek ga ush Ambil ,Driver lagi makan tapi Masa Di ambil pesanan Padahal Saya sudah pakai GOCAR PALING MAHAL DN PRIORITAS masih Tetap pada nge tem Padahal Cuman 10 menit ke lokasi Saya Sudah gitu Ga ada Info lagi gojek skrg seperti ""MAAF BU SEDANG MACET ""SUDAH SE JAM saya tunggu Gila emg Gojek kayaknya perlu displin pernah waktu itu Saya sampe dikata2 in eh dia malah ancam Saya Padahal Driver yang salah Tapi sudah berlalu lah ini makin kesini makin susah banget buat cari Driver.",1
bagus,5
okeee,5
ok,5
sangat bagus,5
sando gopay saya tidak muncul,3
driver sekarang sombong2 mesen udh setengah jam nge tem kerjaan nya klau ga niat ga ush gojek makin ga displin skrg udh minta prioritas ttp ajaa lama Ternyata nge tem di Warung makan gojek udh ga kek dlu driver sombong dn pda lama posisi nya,1
"Customer susah dapat driver, berapapun nomimal nya. Padahal akun customer saya normal sudah banyak perjalanan. Tolong tingkatkan lagi kinerja driver nya ya.",1
"IT kebanyakan nyimeng, on berjam2 ya gadapet2 zonk. aneh. jemput jauh nganter deket. kebanyakan makan kecubung IT nya",1
sangat membantu kebutuhan transportasi,5
"pembayaran gojek wajib 100% pakai gopay donk , jgn pake cash, sudah 2026 btw pernah makanan yg dibawa lari driver bisa langsung refund 100% , ga ada semenit, terimakasih",5
"tampilin bintang user sama ojek yang ngasih rating. driver lu banyak ngelunjak sekarang. resto engga ada parkir pakai segala chat ""maaf resto ada parkirnya"". bukan masalah parkir cuma 2rb nya tapi mau kasih bintang jelek karena ga jujur ntar konsumen kasih ☆3 driver kasih nya cuma ☆1. driver najis sampahh",3
bgus,5
mantap pokok nya,5
entah kenapa selalu di cancle saat sudah dkt,4
ok,5
iklan,5
apk dongo orang nya pada kaga mau rezeki kali,1
"pakai hemat masa gue harus nunggu 20 menit,lokasi driver pada jauh2. aplikasi bukannya memudahkan malah menyusahkan.",1
"Kelamaan saya lihat ini aplikasi makin aneh, saya kasih rating 1, bukan karna apa. Ketika lagi terburu-buru malah dapat driver yang jauh. Udh gitu kalau pesanan sedang ramai, fitur chatting dan telepon di applikasi sering error tidak bisa digunakan efeknya driver sama pengguna jasa saling cari mencari. Tolong lah perbaiki systemnya pilihkan driver jangan jauh2. kasihan driver dengan tarif yg tidak seberapa harus menjemput 9 - 15 menit. Padahal banyak driver yg deket2 <200m pada nganggur.",1
sllu puas dgn kurir2x yg ramah,5
"jangan nyiptain hemat klu banyak driver yang gamau ngambil orderannya , berkali2 ditolak",1
Di daerah saya klo mlm ga ada yng ngalong susah bgt jadi saya beralih ke aplikasi lain. dan kenapa klo order saya selalu dapet driver yg jauh padahal yg deket byk jadi sering terlambat,1
"aplikasi yg sangat buruk, tiba tiba perpanjang otomatis langganan gojek plus padahal saya tidak ada aktifkan fitur perpanjang otomatis. tidak ada pengembalian dana. kecewa dengan jebakan yg dibuat, padahal kmrin langganan hanya 1x saja. tidak akan pakai gojek lagi. sangat mengecewakan",1
sangat baik,5
is the best gojek,5
"pakai Gojek cepet driver nya sampai, cek lokasi driver juga jelas apa lagi kalau banyak promo",5
Tolong dong kalau pesan gojek atau gocar dapet yang deket-deket saja jangan yang terlalu jauh,3
promonya gope doang apa rasa anjir,2
kenapa saya ketika mau login tidak bisa alasannya saya downloadnya tidak di playstore original padahal saya downloadnya bener bener dri playstore asli bukan yg palsu tetapi msh ttp gak bisa login ke aplikasi gojek what happen?...,1
well,5
mantap,5
"dilepas aja seperti biasa, gausah ada gacor berlangganan atau apalah itu, customer terbengkalai terus kalo jadetabek ngadain begini, banjir cancelan, malah kapok kalo begini mulu",1
Sangat membantu,5
mantap luar biasa,5
Aplikasinya bagus.,5
"sejauh ini selama pakai gojek, masih sesuai dengan SOP, semoga semakin baik lagi yaa gojek, terimakasih untuk promo promonyaa",5
ok,5
Aplikasi gojek sangat membantu saya untuk memesan makanan apabila saya lelah dari bekerja,5
dapat pengemudi ramah,5
sangat membantu disaat mager.,5
gojek mantap apk terpercaya,5
sangat membantu,5
sangat memuaskan,5
gampang,5
puas,5
aplikasinya mantap dan gak bikin bingung ekwkwk,5
sangat bermanfaat 🔥😎👍,5
mantappp,5
apakah bisa aktifin gopay later akun baru?,5
mantap gak ribet,5
ok,5
"Oke banget, membantu perjalananku.",5
mantap dan bermanfaat... cuma lumayan mahal,5
"mohon diperbaiki, agar lebih akses dengan disabilitas, khususnya tunanetra, agar mudah diakses oleh pembaca layar..",5
diversifikasi terbaik,5
supir driver tidak bergerak,1
Sudah cukup baik,5
memudahkan dalam segala hal,5
sebelum 19 Januari pernah lemot software mungkin besok jam 8.26 tidak boleh terjadi lagi. terima kasih.,4
pelayanan sudah optimal. jarang diskon atau ada hadiah poin reward untuk customer setia.,5
banyak voucer nya drivernya kelihatan dibina dan sopan🙂,5
sangat bagus,5
"tolong evaluasi lg driver nya, kondisi darurat saya mau priksain kucing saya yg udh sakit & lemes tpi slalu ditolak, pdhal pada chat sudah saya beri tahu kondisinya klo kucingnya lemes jdi ga mungkin loncat"" dlm mobil, kucingnya jg udh di masukin ke cargo pet biar ga nyentuh kursi penumpang karna takutnya ninggalin bau kucing atau ngotorin.",1
pokoke joss,5
aplikasi mudah di gunakan dan banyak piturnya,5
"mantap aplikasinya, emitennya cuman gak mantap...",5
"Mudah, dan syimple",5
mantap i love gojek so much,5
sangat membantu... di saat magerrr,5
Gak konsisten ah ini aplikasinya kadang bisa ambil foto dari galeri kadang ilang. menyebalkan,2
aplikasi ga jelas,1
mantap,5
bagus,5
nyaman,5
siipp penjemputan 🚀🚀cepat,5
ok,5
"Kecewa, performancenya masih kurang. Kadang tombol UI hilang, buffering lama, aplikasi ga mau load, padahal internet lancar waktu make aplikasi lain. Saya mau mesen gojek nunggu 15 menit baru loading",1
Mantaap !,5
selalu aman dan nyaman,5
"saat order gojek, driver nya g ada yg mau ambil, ada yg ga gerak², ada yg geraknya menjauh, alasan kejauhan, mau arah balik pulanglah. kenapa malah yg order dikasi notif peringatan mau di nonaktifkan akun nya???",1
"cepat, bersih, driver enak ngobrolnya tahu2 sdh sampai rumah...👍🤩",5
"pinjaman oke banget prosesnya cepat, top pokok nya",5
kenapa di akunku ga ada fitur nambahin promo buat go food ya?,4
easy to use,5
sangat membntu,5
gojek betul betul betul mantap 👍👍,5
"tambah lama tambah susah dapet driver, mana driver songong semua... jual mahal semua",1
"Aplikasi bagus, dan lengkap",5
bagus dan sangat membantu tapi jarang ada diskonnya.,5
"saya lunasi tagihan bulan ini kok limit yang nanti saya dapat cuma 1jt.. padahal saya dapat limit 7jt dan ga pernah telat bayar.. kenapa kalian buat saya seprti ini??? ada masalah apa dengan saya??? limit yg tersedia tidak muncul bahkan saya hanya dapat kata csnya nanti hanya 1,2jt apalah GOPINJAM INI",4
nice,5
"ridingnya nyaman, drivernya sopan",5
Bagus banget memudahkan kita di saat bepergian.,5
"bagus, cuman kadang kalo telfon krg lancar",4
sesuai semuanya bagus,5
"lumayan memuaskan cuma kadang alamat yg tersedia utk dituju kurang akurat / kurang pas, shg driver dgn penumpang sering terjadi miskomunikasi",4
"tolong sistem verifikasi wajah diperbaiki, saya terus gagal verifikasi wajah, padahal saya sudah mengikuti kriterianya",1
niceee,5
"kadang nunggu dapat driver lama,padahal banyak driver yg nunggu order mungkin ini sistemnya perlu diperbaiki,",2
"cepat dpt nya driver nya jg ramah""",5
gara gara orderan hemat jadi susah dapat driver,1
mantap,5
sejauh ini pelayanan sangat baik,5
"Sedikit masukan Dari saya mengenai laporan email harus di perbaiki lagi ,jam 1 siang email belum di kirim thanks",1
"maaf ya gojek ,sedikit cerita kan maunya driver dikasi bintang 5 terus nih, giliran ke customer malah driver seenaknya ngasih bintang 1 ,lah konsep nya bagaimana ? harusnya driver yang suka ngasih bintang jelek tuh ditelusuri juga dong,jangan customer terus yang harus mengerti driver",4
baik,5
Good job,5
attitude penting ( ramah sbar dan sopan) kunci nya ...dlm antar jemput konsumen terutama untuk konsumem yg sudah sepuh mah .,5
bagus,5
trims gojek,5
bagus,5
mempermudah perjalanan saya,5
lumayan,4
bagus,5
mantap,5
sangat membantu.,5
nice,5
good,5
pengalaman bermotor yang aman dan meyakinkan ... Bisa lebih improv3 di service to driver ... solidaritas,4
asik2 aja siihh...yg ga asik kalo order pas hujan...gada yg mau klik,5
semoga semakin sukses,5
sejauh ini aman sih gojek,5
keren gercep,5
tarifnya makin mahal ngasal gak ngotak. stasiun angke emporium masa 24k nunggu 5 menit biasanya di bawah 12 sampai 15k. sedangkan opang angke aja cuma 20k gak pake nunggu. ini udah 3x kejadian makin gak jelas bikin kapok,1
bagus,5
guud,5
nyaman banget pake gojek☺️,5
FITUR PENCARIAN RESTO TERDEKAT JELEK BANGET. BUKAN YANG DEKET YG MUNCUL TAPI MALAH RESTO GEDE YG GOFOOD REFERENSIIN. BIKIN NAPA SENYAMAN GRABFOOD!!!,1
bagusss,5
bagus,5
buat bayar pdam kok gagal mulu,3
aplikasinya keren bnyak promonya,5
driver selalu dapat jauh meski dah pake gojek plus,3
aman,5
"Makin payah ini APK, mau buru-buru berangkat sekolah malah dapet driver sangat jauh sekali dari alamat rumah. padahal tertera di Apk sekitar rumah banyak driver. Mending kembali berlangganan ke Ojek jaman dulu dh ke pangkalan depan rumah langsung naik ojek. ini nunggu lama dn cancel pun banyak di karenakan driver jauh² sangat. makin ga jelas ini APK. hari sekolah pertama GEGARA Go-Jek jadi terlambat.",1
kenapa saya selalu gagal saat servikasi wajah,5
Gojek merger dengan grab danantara ikut andil..,5
terbaik,5
"aplikasi cupu, scann QR nya sering error. Paylater nya cuman iming2, tdk jelas...",1
APLIKASI SANGAT TIDAK MEMBANTU. 15 MENIT MASIH MENCARI DRIVER PADAHAL BUKAN PAKAI HEMAT. EMANG GAK GUNA APLIKASINYA. DRIVER PUN LAMA 🫵🏻👎🏻👎🏻👎🏻👎🏻👎🏻👎🏻👎🏻👎🏻👎🏻,1
kenapa tiap pesen goride dapet drivernya yang jauh jauh malah yang deket deket gamau ambil,1
baguss dan ramah,5
lama banget dapet drivernya Mentang mentang hemat 7 ribu,1
saya suka terlambat karna susah dapet drefer,1
"ketika saya lagi buru2, susah sekali dapat driver.",3
"nyari driver susah, gara gara gojek sy telat",1
lama dapat drivernya,1
mantabs,5
tetap jadi yang terbaik,5
mantapp,5
mntap,5
tolong tambahkan metode pembayaran qris,4
Mantap,5
👍👍👍👍,5
good,5
buat apa ada fitur chat resto kita sebagai konsumen ga bisa chat.. di ilangin ajah...,2
update mulu,4
sangat terbantu untuk transportasi darat,5
"PENGALAMAN PAKAI DOMPET DIGITAL PALING AMAT SANGAT BURUK SEKALI. PANDUAN UPGRADE PAKAI FOTO KTP ELEKTRONIK, DAFTAR PAKAI FOTO KTP ELEKTRONIK DI TOLAK TERUS. MANA UANG NYANGKUT LAGI, GAK BISA DI TF . AMAT SANGAT MENGECEWAKAN!!!PELAYANAN CS JUGA SANGAT AMAT BURUK, BELUM SELESAI MEMBANTU MALAH MAIN MATIIN AJA KOLOM NYA TANPA MENUNGGU PERSETUJUAN CUSTOMER . PAKAI GOPAY DI ARAHIN DONLOD GOJEK, SAMA AJA GAK BISA MEMBANTU MENYELESAIKAN MASALAH👎👎👎👎👎👎👎👎👎👎 CHAT DI X GAK DI BALES, DI IG ROBOT",1
"mau pesen driver goride mau hemat ataupun gak hemat selalu dapet driver yang jauh padahal banyak driver yang terdekat ,saran untuk kedepannya gojek bisa memprioritaskan dapet driver terdekat ,apalagi kalau buru2 lebih baik pesen aplikasi lain .",1
"kecewa sama gojek, gocar, saya pesan dimana, lokasi driverny dimana, aplikasinya mencari driver kejauhan, terus mana drivernya suruh saya nyebrang lagi, kan harusnya di mutar balik ini gak, mana saya bawa barang banyak, terus drivernya pada milih2 konsumen suka ngebatalin",1
jadi serba mudah,5
oke,5
cepat murah,5
pemakaian aplikasinya mudah. sangat membantu,5
aplikasi yg sangat membantu,5
"sangat membantu,bagi orang yang males cape bawa kendaraan,😃",5
"1. sebagai pengemudi: lumayan terbantu menghasilkan cuan, cuman kalo buka bantuan goggle map seringnya lebih jauh. kadang salah titik 2. ada beberapa penumpang salah lokasi tujuan. diturunkan lokasi asli, supir kena denda. di turunkan sesuai titik supir kena bintang 1. 3. kalo supir jalan2 keluar kota, tiba2 ingin narik, bisa dapat surat peringatan. apakah mau pindah lokasi kerja(kayak domisili)",3
sangat membantu kebutuhan transpotasi,5
untuk pemesanan gosend apakah info tujuannya tidak bisa diakses oleh driver? pesanan saya terhambat karena tidak ada kontak tujuan utk mengkonfirmasi lokasinya. tolong diperbaiki,3
bagus,5
lama misl pesan makanan 1 JM lebih baru sampai,1
👍👍,5
ramah bnget enak,5
oke,5
Sangat membantu sekali aplikasi Gojek ini. terus dipertahankan dan di tingkatkan. 👍,5
"miris liat ongkosndriver nya, saya bayar 15000 driver keterima 6000 tega banget nih gojek",1
masih ok,5
Driver yang ramah,5
makasih banyak ya sangat cocok bagi yg membutuhkan,5
aplikasi terlalu berat,1
aman,5
sangat bermanfaat bagi yang males keluar,5
tolong pnya driver tuh di didik etitutd nya gk ad yg bner,1
"mahalny g ngotak disini belum lg drivernya kaga jelas, diskon jg jrng",1
Respon cs lelet,1
aplikasi lo rusak gua nggak pingin pesen tiba tiba ke pesen gua mau batalin tiba tiba keluar aplikasi,1
sering pesan,5
sangat membantu sekali,5
"gimana sih pesen gocar? udh dipencet icon gocar yg kepesen motor Mulu, pas di cancel gk ada pilihan alasannya. aneh",2
sangat membantu,5
mantep,5
best aplikasi,5
gajelas ! 😡,1
oke mantap,5
"CS CUMA NAMBAH MASALAH AJA, GA KELARIN APA APA.",1
"sangat membantu, swmoga semakin maju",5
sangat bagus menyediakan ojek secara online bisa itu ntah mobil atau motor dan antar barang atau bisa memesan makanan secara online,5
Supir nya ok memuaskan..,5
baik,5
selalu bs diandalkan,5
sangat membantu & memudahkan keperluan kita,5
mantaap aplikasi ini sangat banyak membatu dan puas hasil nya..trimakasih,5
"saran aja kalo untuk fitur go food adain fitur chat ke restoran. pesanan saya yg dateng kurang 2 box. sekaranh bingung mau chat kemana. ke resto nya ga bisa, ke driver ga dibalas. ngechat cs ga langsung ditanganin suruh nunggu. rugi dong saya?",3
pokonya top buat gojek,5
jozzzz,5
the best lah poko nya,5
untuk perjalanan darurat sangat tidak rekomen. nunggu driver lama bahkan ga ada sehingga ngejar kereta jadi telat. pada males drivernya. payah,1
mantaf,5
sangat ngebantu rahma juga,5
Alhamdulillah semua drivernya baik. Terimakasih,5
mantapp,5
mantap,5
kenapa login gojek lelet tolol bego,1
"aplikasi aneh, suka nyasarin driver nya ke tempat yg lebih jauh, padahal rute nya deket, tp di lewatin yg jauh dan muter muter, aneh",2
top pelayanannya,5
Mantap,5
cepat,5
"sangat membantu sekali,perjalanan lebih nyaman dan biaya lebih ekonomis",5
gercep,5
bolot terus,1
"terlalu rakus sehingga membuat para mitra nya sengsara, jng seperti Firaun yg binasa di dasar laut,ini dunia tidak kekal, contoh Firaun terlalu sombong akhir nya hancur jg....jek minta duit goceng biar hidup ini lebih bermakna seperti ACENG",1
👍👍👍👍,5
mantap..... 👍🏻👍🏻👍🏻👍🏻👍🏻👍🏻,5
mantap,5
keren,5
Siip..jempol buat gojek...sangat membantu aktivitas saya,5
sangat mmbntu KLO LG mager,5
pesan gokar maupun go ride kyk pesan hantu.. tidak gerak ga respon,1
"Gak bisa batalin pesanan, tetap aja gak bisa gak ada ngasih solusi.",1
menit tidak sesuai di aplikasi dengan kenyataan...,1
kasi liat dong rate pelanggan!,1
Alhamdulillah dgn adanya apk Gojek nich sgt membantu transmorasi dlm setiap wktu,5
Mantul,5
bagus,4
LAMA JELEK',1
mau login tapi gabisa',1
mudahkan lah kami customer untuk memberi bintang ataupun ulasan kepada driver karna ini fitur ngasih bintang ke driver msak hrus ngetip dlu bru bisa fitur ngasih bintang nya ad,5
"aplikasi goblog , saat telpon malah ga bisa di matiin dan denger suara obrolan driver sepanjang jalan",1
puas banget pakai aplikasi ini,5
sangat bagus,5
"gara2 gopay pinjam saya jd terlilit utang pinjol, gopay pinjam tdk flexible, semua hrs di lunasi dl baru bs pinjam lg, gk worth it",3
"ga ada cs manusia kaya di aplikasi Laen,pemulihan akun ribet",1
"Banyak membantu sy sampe skrng... cmn bingung fitur ongkir express (harga lebih) di gofood buat apa, klo endingnya juga pengiriman telat sampe 30 menit... ngga dapet kompensasi klo udah status ""Telat""?",4
"pesen gojek pada saat hujan lama banget,sekalinya dapet lokasinya jauh banget",2
baik ramah draivernya,5
"Diskonnya semakin lama semakin mahal. Dulu langgannan goplus buat go fo food diskon ongkir 12.000 terus jadi 10.000. Nah sekarang minimal pembelian harus 40.000, dulunya 30.000. Selain itu app gojek nih memaksa download gopay, karena di fiturnya ada tp harus download gopay, hilangin ajalah jadi kayak iklan... emang iklan sih iklan gopay 😭",1
tepat waktu,5
sungguh sistem nggak manusiawi..,1
sangat baik,5
suka transeport murah cepat terpercaya.,3
"Halo saya pengguna setia GoFood, saya ingin memberi saran untuk menambahkan Fitur pembayaran melalui Qris, senang bila saran kami didengar. terima kasih",5
OK,4
sangat bagus,5
"ini kenapa sih, saya sama sekali engga langganan dan ga pernah beli, tapi kenapa akun saya tiba² kebeli gojek plus sendiri? saldo ku jadi ngurang🤬🤬🤬",1
mantul,5
"driver go car kebanyakan tidak ada sopan santun, mudah marah, pelecehan verbal",1
makin menjadi nih gojek dan drivernya makanan udah di bayar gopay di catatan di kasih nomer WA memudahkan jika pengantaran cuma karena saya gak respon kenapa si driver ngmg makanan saya kasih ke panti asuhannn heyyyyyy lu rugi apa itu udah aku bayar tinggal taruh foto d WA selesai lo yg ribet,1
kenpa setiap mau membeli gofood sudah lama menunggu sampe Berjam jam tidak ada pemberitahuan mau di batalkan tidak bisa mau pesen lagi takut datang jdi bingung sebagai konsumen ???tolong di perbaiki lagi gofood nya,3
jangan ragu kalo makannya dijamin enak dan pak drivernya ramah 👍,5
lemot banget .. 😭😭,3
"apk tololll.,., driver males semuaaa",1
Dapat Driver susah jika Kondisi Hujan.,1
okay sih,5
pokoknya keren,5
driver suka ngestuck ga jalan jalan,1
Okelahh...,5
okk,4
kk gojeknya walaupum hujan tetep semangat antar orderanya.. terima kasih sehat selalu,5
"Tolong diperbaiki untuk sistem notifnya. Saya selalu update gojek ke versi terbaru, tapi pesan dari driver maupun resto (untuk layanan gofood) sering tidak tampil di bilah notifikasi, sedangkan untuk notifikasi promo kalian bisa bikin rame banget.",2
"gw nyari 1jam lebih ga dpet² anjirr, hangus tiket krta gw",1
"kenapa mengambil uangku, di top up. ayo bicara di email. saya kasih liat bukti",4
menunggu dapat driver terlalu lama,1
"Tolong sistemnya dibenahi. Percuma bisa pesan kalau ujung-ujungnya tidak ada driver. Nunggu lama sekali, estimasi waktu tidak jalan stuck di menit 14-24 menut dan tidak ada kepastian.. sangat mengecewakannn",1
oke,5
ya biasa aja sewajarnya apps aja lahh,3
sangat membantu bgt buat saya yg suka pergi dadakan,5
baik,5
sangat membantu,5
aplikasi bapuk... ujan dikit aja gak bisa di pake. orang mau naek kereta gak bisa keluar stasiun...,1
cepat dalam penjemputan,5
mantap...perjalanan lebih mudah dan murah,4
lelet..,4
Drivernya kadang nemu yang gak baik juga ada,5
baik,4
"ini kemarin saya salah topup ke nomor lama yg udah ga aktif dan gapernah pake aplikasinya, giliran nomornya udah saya urus gabisa login. sampe saya kekantor gojek pun ga ada solusi, nelfon cs ga ada solusi, gimana ini kejelasannya woi aplikasi kapitalis? jangan gajelas gini lah, itu saldo ketahan ga sedikit di aplikasi. tinggal login dapet notif suruh install ulang mulu, gimana kejelasannya dah? cuma disuruh ke bantuan2 mulu cs offline ga ada diarahin ke online mulu, pulsa juga beli make duit!!",1
dapat driver lama,1
taikk lama,1
aman di perjalanan,3
aplikasi lambat sering error,1
oke,5
"kenapa sih pembayaran nya harus pakai gopay, aturan untuk pembayaran nya di permudah ga usah harus pakai gopay kan ga semua orang punya gopay masa harus install aplikasi lagi ribet banget kebanyakan aplikasi",1
"sedih, kalo lagi di kampus, penjemputan di tolak terus, mau gojek atau gocar, cara nolaknya halus banget, mereka para driver ga gerak. jadi saya kasih bintang 1 dulu yaaa, klo nanti sudah ada perbaikan saya kasih bintang 5, terimakasih sebelumnya",1
excited,5
"aplikasinya sangat membantu,tapi sayang sekali setiap saya pesan yang mobil dervernya selalu cancel dengan alasan kejauhan katanya padahal saya sudah bilang nunggu aja enggapapa jdi sedikit kesel🥲",3
"udah berapa kali install lalu uninstall, lama gak install makin kesini makin banyak fitur dan promo , tampilan lebih mudah di mengerti , performa makin cakep",5
gojek gila kali ya udah prabayar yata ya tetep anyeb bukan ya gacor udah pake prabayar sama aja,1
sangat membantu sekali,5
awal tahun aplikasi di hp sy sdh tdk ada promo discount dgn pembayaran go pay. pada hal di hp suami ada. KECEWA SANGAT,1
"pesan transportasi saja sangat lama di musim hujan, apalagi soal gocar prioritas. sudah bayar mahal-mahal cari driver saja sangat susahnya minta ampun. soal pesan makanan juga sama",1
"bagus, ramah",5
Bagus,4
Baik,5
"Gw beli kuota di GoPulsa 5gb 2 hari, dan yang gw terima itu 819mb, kacau sih ini.. jangan mending di Dana atau Shopee🔥",1
drivernya sangat memuaskan pelayanannya. mantap gojek,5
mantap aja,5
terbaik byk promonya,5
semoga bermanfaat🙏,5
sangat membantu,5
"Sangat dibutuhkan, Semoga amanah",5
"PASTI MASIH KURANG KEUNTUNGAN KALIAN DAPAT DAPAT DARI RESTO 35%-45% DARI HARGA SEBENARNYA KLO DI BELI OFFLINE. SKG KALIAN BUAT PROGRAM GACOR LANGGANAN BERBAYAR YG DI POTONG SALDO MITRA DRIVER YG BERLANGGANAN BEGITU JG PROGRAM GACOR LANGGANAN GORIDE,KALIAN POTONG SALDO MITRA KASIHAN YG TIDAK BERLANGGANAN SUDAH PASTI ANYEP/SEPI ORDERAN,KAN TIDAK BERLANGGANAN BERBAYAR. HATI2 BUAT PROGAM JEK,MUDAH2AN NI PROGAM TIDAK DIBILANG PROGRAM ""PUNGLI"",AWAS KECIDUK KPK GAN. ""SALAM BUKAN KARYA ANAK BANGSA""",1
pelayanan yg sangat bagus,5
👍🏻,5
Sejauh ini ok,5
"udh berapa kali yah dari awal tahun ini dibuat kecewa sama driver² gojek, tolong lah profesionalnya. kalo udah ga niat atau merasa kurang untuk di gojek, kalian bisa pindah ke platform lain, jangan malah nambah² ulasan buruk buat d platform ini.",2
"terkadang gocar yang jarak dekat tidak diambil tp driver tidak mau cancel padahal jarak dekat itu utk pulang pergi berobat ke rs orang tua ,,,",3
bisa Ndak sii ongkir nya Gofood itu di kurangin biayanya...masak ongkir sm beli nya mahal ongkir nya..makin parah aja nii gojek pantes aja banyak yg kasih bintang 1 sekarang Management nya Ndak bagus ..mending aplikasi sebelah ..,1
"aplikasi ini agak sedikit membingungkan, kadang susah kadang gampang dapat driver, itu sih minusnya kalau lagi berada di pinggiran kota, susah banget dapat driver,,, ini bisa jadi gara gara program langganan gacor sudah aktif di area saya, sangat merugikan driver dan customer sih, kalau bisa di hilangkan program tolol kayak itu, makin lama makin kelihatan bodoh gojek ini saya lihat... itu aja sih masukan dari saya,,,",1
sangat membantu,5
"kalau pesen makanan, terus gak sengaja salah alamat gak bisa di batalin 😭, tapi selebihnya bagus kok😁",4
terbaik!,5
Tjiamiek,5
sangat membantu dan memuaskan,5
bagus,5
transportasi yg baik,5
oke,5
"mantap banyak promo kedepannya semoga promo diperbanyak dan dipertahankan tentunya, berguna sekali bagi kita yang mau order GoFood",5
woy tolong lah gojek nyari driver pada jauh jauh dapetnya,1
sangat sangat membantu bnget,5
"sangat mudah dan sangat praktis, sangat membantu",5
pakè Gojek Gocar lebih praktis. Aplikasinya juga nggak ribet.,5
alhamdulillah,5
nyaman,5
mantap,5
aplikasi ini sangat membantu antar sesama manusia di kehidupan sehari-hari,5
top,5
bagus ..pelayanan cepat driver ada dimana mana sangat membantu perjalanan saya,5
sangat oke,5
mengantarkan saya kemana mana terimakasih,5
"sangat kecewa dgn aplikasi gojek paylater tudak bs di gunakan,mending hapus aplikasi gunakan aplikasi ojol lain buruk gojek!!",1
ok,5
"Para castamer yang terhormat stop pake goride hemat, program yang bikin driver blangsak",1
membantu bnget sih ke aku,5
knp saat ada turun hujan tarif ny naik,5
sangat cepat,5
paling bisa diandelin pas lagi buru2👍,5
oke bgt,5
mudah digunakan,5
ok,5
keren,5
👍👍👍,5
gua pesen makanan dan udah gua bayar gak tau nya salah alamat padahal saya gak pernah tuh ganti ganti alamat yaudah milik ojol nya,1
alhamdulillah Terima kasih banyak gojek lantaran aplikasi GO-JEK sy cari rezeqi,5
sangat kecewa kepada pihak gopay akun gopay saya tiba tiba keblokir udh hampir 8 bulan blm ke buka buka pdhl ada saldonya klo ga ada saldonya mh bodo amat mao di blokir mh mohon dong kerja smanya buka blokiran akun gopay saya,1
mantap,5
"pembatalan sepihak, driver anj",1
"Makin lambat dapat driver, jadi lama deh nungguinnya, sampai berkali kali ganti drivernya. Memutuskan untuk tidak pakai gocar lagi",1
"sangat kecewa karna saya harus menunggu lama untuk layanan gomart sudah setengah jam saya menunggu pesanan makanan kucing saya , di apk tertulis estimasi 17 menit tapi menit demi menit saya cek masih sama 17 menit tidak ada perubahan, bagaimana saya bisa mempercayai layanan aplikasi ini lagi???",1
"tidak ada driver tapi pengiriman express, sama aja datangnya lama harusnya aplikasi lebih tau ada berapa jumlah driver di sekitar area, maka opsi express dimatikan",2
"pengalaman pahit saya di gojek pada hari ini saya pesen Gocar 4 orang kita pada bawa anak dari usia 4 bulan sampe 3 Thn anak nya, pas nyampe driver nya nanya berapa orang saya bilang 4 anak anak kan kita gendong gak duduk di kursi gak makan kursi, itu dengan nada sewot mana hp nya langsung di minta hp saya langsung dia kensel langsung cabut, ya Allah padahal dulu gojek nih membantu banget driver nya pun ramah ramah kalo kita bawa orang lebih tinggal dari 4 tinggal nambahin ongkos doang ribet amt",1
perbaikin masalah pas pesan gojek sering error,5
"permasalahan dari tahun kemaren belum juga di perbaiki, perbaiki dulu jaringan nya, ini jaringan aman loh buat buka semua aplikasi, pas buka gojek ini behhh lelet kali, pas udah lancar malah menu voucher diskon hilang, harus reload aplikasi baru bisa muncul, plis lah orang lagi lapet jangan dibuat emosi",1
mantaf,5
Bagus banget,5
cari driver nya lama bgt sampe hampir 30 menitan,1
"tolong buat driver gojek kalau udah terima orderan customer jangan seenaknya cancel orderannya, gak mikirin customer nya apa kalau lagi keburu buru atau lg ada urusan mendesak. tolong bgt ini buat gojek dan driver gojeknya",1
ok la,5
"gojek saya selalu seperti tidak ada signal. sudah di coba berbagai cara ttp aja. buka aplikasi yg lain lancar, buka gofood SELALU LOADING LAMA BANGET.",1
👍,5
aplikasi aneh padahal saya ga pernah fiktif atau apa tapi tiap mau login gagal terus di buat ribet sama verifikasi wajah.. helow saya masih mampu x n tiap order slalu non tunai.. ga rugi di blaklist gojek bisa beralih yg lebih murah kayak sope n grab,1
kok gak bisa di instal ya,4
oke mantap,5
Ini kenapa dah tolong gojek yg bener gw dah pesen makanan di dua resto berbeda selalu dibatalkan tiba tiba parah bgt sampe sekarang orderan gw d batalin sepihak terus,1
enak banget pake apk ini,5
keren,5
gojek aman dan terpercaya,5
"semenjakk adanya fitur langganan gacor driver pada di anyepin emng bener"" maksa driver",1
buruk,1
sukses selalu,5
kadang suka aneh kadang tidak bisa pantau jadi kita tidak tau apakah gojek nya sudah sampai atau belum dan juga kadang waktunya eror dari tadi gak berkurang masih 7 menit aja jadi kita tidak tau keberadaan gojeknya sudah dekat apa tidak,1
"apasih gajelas pake ongkos ongkos, makin mahal, bukan mkin hemat nama nya",1
aplikasi transportasi terbaik dengan kemudahan transaksi pmbayaran.,5
bagus tepat wqktu,5
"buat kalo pesen makanan pake sandi lagi, gua udah 3 kali kepencet mulu langsung order kaga jelas vocer gak ke pake coba pesen nya kepecet 2 lagi",1
aplikasi bikin emosi,1
ngelag apk nya,1
Tidak bisa menghapus akun saya sendiri,1
"jum,16 jan26,,, beli mie gacoan dpet disc onkir 30rb an mayan😎,,,,smg bs dpet disc lagi😅",5
pelayanan nya hampir belum pernah mengecewakan...,5
sangat membantu,5
"ini kalo di gojek notip nya suka telat, tolong di perbaiki , pdahal stay di apk saat beli go food tpi notip ga muncul, akhirnya pesanan tidak sesuai",3
"pesan gofood, bahan baku resto ga ada. resto dan pembeli setuju dibatalkan saja. pusat bantuan ternyata AI, tidak fleksibel sama sekali. Mitra driver pun sudah di lokasi jadi luntang lantung ga jelas. Aduan konsumen seharusnya tidak boleh full AI seperti ini.",1
saat ini saya mendapatkan pelayanan yang sangat BURUK dari tim gojek dan MENYUSAHKAN pengguna dalam penyampaian keluhan !!!,1
aplikasi ini sangat berguna,5
"agak sedeng app gojek. gw pk app ni dah dr lamaaaaa bgt sblm 2021 malah. tp klr sendiri. mau masuk berxx coba bahkan gw tgu smp ganti taon ttp ga bs2 alasan cek internet cek koneksi. hey, gw ini buka smw app bisa cm app u doang yg gbs. kocak bgt. kuota baru isi msh brp puluh gb ada ga bs konek2. dah lah males bgt sumpah. si grab aja ga pernah aneh2 kek gini. dr dl kasusnya selalu sama mslh koneksi gda lain!!!! 👎🏻👎🏻👎🏻👎🏻👎🏻👎🏻👎🏻👎🏻",1
keren,5
lg gabisa di pake,1
"masih bagus, tapi untuk gopay pinjamnya di-update dong kak biar bisa lunasin salah satu cicilannya dari cicilan yang lain",4
mudah dan cepat,5
mau pesan makan uang nya kurang di online..jdi niatnya mau ngisi dlu ...tau2 nya gada 1 mnit an malah ada denda kekurangan dana..duit2 sendiri seenaknya main potong.. langsung hapus aplikasi nya....mls .,1
g benerin bug Cok,1
mantap,5
sangat membantu,5
mudah dan bermanfaat 🙏,5
yey,5
good,5
"bagus banyak promo,hanya saja aplikasinya cukup berat untuk spesifikasi hp normal android 6.0 Vivo V5",3
Gojek maju teruusss 👍👍,5
pelayanan pengemudi prima,5
MAKIN STRESS NIH APK DARI PAGI BARU 1 SAMPE SEKARANG GILLA MAU MAKAN APA ANAK BINI DI TAMBAH ADA LAYANAN GACOR MAKIN ANCUR AJH ORDERAN,1
mantap sekali,5
bagus,5
bagus,5
"driver nya ga sopan, pada marah"" semua.. pada ga sopan sama penumpang nya.",1
maaantab,5
Pendapatan 442rb masa pemotongan 378rb itu ini gimana ceritanya. mau jualan bukannya untung malah rugi ini sih bukan rugi lagi tapi nombok,1
ok,5
SENANGNYAHHHH,5
ga dapat pqylater audah trx 20jt,1
sangat membantu perjalanan,5
mantap,5
mantul kayak,5
bagus,5
"gojek tolol,apk buang2 waktu",1
sulit cari driver saat gofood tunggu 1 jam baru sampai. gojek kab. Ketapang lalbar,3
buat gojek adanya program goride hemat menyengsarakan penumpang..gak usah ada program goride hemat..waktu terbuang percuma nunggu driver penjemputan terlalu jauh atau dibatalkan driver...kami kan bayar bukan gratis,1
"call center nya gak gercep, sibuk mulu, pelayanan nya kurang memuaskan, padahal aplikasi saya eror dan buat transaksi otomatis yang gak bisa di batalkan, butuh penanganan cepat supaya driver gak salah kena pesan.",1
knp saya salah pencet . tiba2 langsung order driver dan gak bisa d batalin.,2
"hey gojek, jangan kau tambahkan animasi orang lg naik motor lah, gw jd g bisa liat maps dan posisi abang go jeknya yg udh sampe mna",2
Alamat pavorits tidak bisa dipakai saat gosend. harus pilih peta lagi,2
ubah nilai karena pelayanan oke,5
sangat membantu kehidupan,5
mantap,5
👍👍👍👍,5
Aplikasi udah bagus tapi sayang gabisa ajuin gopaylater.,5
semua oke,5
Bismillah,5
mantapp,5
good,5
lainnya bgs hya kadang driver menolak orderan tanpa pemberitahuan tdk di jwb sdh mnunggu lma ditlp ga jwb,5
sangat membantu tapi sering sering kasih diskon ya pak hehe,5
"mending pesan Apk lain, pesan di gojek dapat drivernya jauh mulu heran",1
sopan,5
sangat mmbntu,5
sangat puas,5
"aplikasi go pay pinjam busuk,dikasih limit dan dilunasin sekaligus sblm jth tempo,eh ketika mau pengajuan lg malah ditolak...kan tolol,tau gitu dari awal ga usah aja dikasih sekalian,percuma ada limit tpi ga bisa ditarik..bnr2 bodoh ini aplikasi",1
cepat aman sangat membantu,5
good,5
"mengecewakan, sebelum menambahkan metode pembayaran BSI debit card ada promo, giliran ditambahkan promonya ilang. KECEWA",1
mantulll,5
kereeeen,5
selalu membuat saya tenang dan nyaman walaupun terkadang sopirnya tidak tampak ramah dari wajahnyaa ternyata sangat baik tetapi kadang saya pernah mendapatkan sopir yg tidak menyapa bahkan tidak mau turun membantu saat saya manikkan dan menurunkan barang mudah mudahan gojek dan gocar semakin baik jadi kita nyaman untuk memggunakannya,5
Enak pake gojek ga pake lama,5
"aplikasi gojek itu sebenernya bagus tapi kenapa gopay pinjam di acc, payletter nya malah gak muncul muncul padahal berguna banget kalau lagi gak punya uang pakai payletter pesen makanan🥹🙏",5
ok,4
bagus,5
"Driver nya suka gk bisa dihubungi, ogah-ogahan.",1
ok,5
"minim dipertahankan, maksimal ditingkatkan",5
"ini sudah setengah jam cari driver tidak dapat, kenapa tidak bisa di cancle",1
sangat memuaskan 🙏🙏,5
top up dipermudah kayak pakai Aris atau salin nomor profil,1
👍👍👍👍👍👍👍👍👍,5
"semakin sering dipake, semakin banyak potongan harga, plus dikasih driver yang ratingnya bagus jugaa",5
"Semakin hari kinerja semakin menurun, pesen makan dari jam 21.30 jam 22.30 dibatalkan sepihak tanpa ada pemberitahuan. kita jadinya kelaparan, percuma promo kasih diskon gede tapi pelayanan nol, itu berlaku juga untuk ojek motor maupun mobil. mengecewakan",1
mantuuulllll,5
kenapa sekarang mahal ya... dan suka dapet driver jauh dan kalau ujan susah sekali dapet drivernya.,1
"nyari driver sampe 30 mnit g dpet""daerah Brebes mlesin",1
"GOFOOD EXPRESS TETEP LELET GAK ADA EXPRESS-EXPRESSNYA (BUKAN NYALAHIN DRIVERNYA, TAPI SISTEMNYA TERLALU SCAM BUAT CUSTOMER). DAN TURUNKAN POTONGAN FEE MITRA DRIVER/MERCHANT, JANGAN KIKIR SEKIAN",1
yes oke bgt,5
pesen barang pake instan sampe 2 hari di tolak terus sama drivernya kalo banjir sih di maklumin.,1
top,5
"harga makanan jadi 2 x lipat di banding harga di warung,pdhal ongkos nya cuma 2000",1
sangat membantu sekali,5
suka bgt,5
kadang cepat kadang lambat tergantung drivernya semoga lebih banyak promo yaaa..,5
udah 1 jam ga dapat driver lokasi di badung bali gojek sangat sangat mengecewakan,1
buruk sekali layanan gofood anda. saya order mkan karena sakit dan mau minum obat sampe harus menunggu sangat lama dan ujung2nya anda sarankan batalkan pesanan saya.,1
"SANGAT BURUK.. KATANYA ADA CHAT BANTUAN, TPI SAMA SEKALI TIDAK TERBANTU!",1
Biaya penanganan lebih mahal dari makanan tolong di koreksi kembali dan turunin biaya nya,2
"sangat mengecewakan, apk eror, saya ngikutin alamat ke mana di map nya malah kemana jadi berbeda bayaran nya",1
"sudah dua kali pesan gofood dan menunggu lamaa, namun tiba tiba dibatalkan...tau gitu kalian seharusnya membuat rentang waktu maksimal 30 menit untuk mencari driver!! setidaknya saya tidak harus menunggu 2 jam untuk makanan yang tidak pasti!!",1
ah mantap,5
okkk,5
sanggar bagus,5
nice,5
rispon nya cpt pk ojk nya ramah baik,5
better than g**b,5
Mantap top jos,5
selalu lama dapet driver,1
ok,5
"semakin kesini knpa semakin buruk aplikasinya. selalu dpat driver yg jauh apalagi pada saat hujan dan jam sibuk susah dpt driver dan kalau dpt jauh ujungnya cancel, jadi bikin telat masuk kerja....",1
"temen saya mau anter paket, pas drivernya ke sana, dan tmn saya udh ngasih titik yg bener ke rumah nya, eh malah dri gojek drivernya ngasih titik di pasar, pdhl masih maju lagi, tolong lah diperbaiki, sering bgt kyk gt",1
MANTAB,5
brengsek2x gojek gojek muara baru..dia GX mau ngambil kalo dalam pelabuhan.. GX tau lagi kena musibah,1
ok,5
respon,5
kmnmn jd mudah,5
"sekarang cari driver susah nyantol nya,pdhl dilihat sekitar byk,tapi gak ada 1 pun yg nyantol,pdhl di wilayah yg perkotaan alias ramai,kalo pas buru2 repot sendiri.udah ganti dari goride hemat sampe yg goride comfort susah nyantol juga",3
Tingkatkan kualitas pelayanan,5
"tiap pagi sekarang susah dapet driver, sekalinya dapet jauh2 sekali, biasa dapet yg deket sekarang susah bgt",2
"Saya sudah pernah masuk, tapi saya ganti hp mau masuk lg ga bisa harus email dan nomor tlp yg dlu. Sedangkan nomor dlu dah ga ada dan password lupa",5
gofood nya lama banget . plus gabisa dibatalin . masa iya cuma pesen bakso 1 Jan lebih,1
"waktu tunggu lamaaaaaa, kurang produktif untuk waktu mepet",3
semoga semakin sukses dan berkembang,5
"kalo sediain fitur goride hemat,ongkos nya lebih murah bagus.tapi driver nya selalu ngeluh padahal jarak nya engga jauh",5
"Harga yang ditetapkan di aplikasi tidak sesuai dengan harga yang ditagih oleh driver, 27.000 Rupiah ditagih oleh driver menjadi 50.000 Rupiah, driver tidak mau cancel dan harus pelanggan yang cancel.",1
mudah,5
mantap,5
"penangan nya kurang, cs nya tidak membantu",1
"sering error lemot, deskripsi alamt lengkap di fitur gosend sering tidak muncul di chat antara driver dan pemesan. jadi menyulitkan dalam pengiriman, menghambat gajelas",1
ramah dan baik,5
"setiap pemesanan gojek, drivernya lebih jauh daripada titik antarnya, selalu terlambat masuk kerja kalo begini ini, bukan sekali dua kali, udah sering😮‍💨",1
pelayanan bagus,5
bagus,5
"nomor saya di telpon sama orang ga dikenal pas udah pesen, terus pas driver nya bawa saya driver nya nelpon padahal bener driver yang saya naikin itu, ga aman banget privasi customer",1
suwun,5
"mau buat pin gojek sendiri aja susahnya minta ampun, sudah masukin pin baru & verif pin selalu gagal muncul tulisan ""Ada gangguan teknis, tenang kami sedang mencari solusinya kok. Mohon ditunggu ya"". Sampai kapan seperti ini? saya tidak bisa melakukan transaksi ketika input pin baru & verif pin tidak bisa. Tolong hal sepele seperti ini di fix",1
Bagus dan lancar,5
selalu puas,5
apk yang memudahkan kita untuk berbelanja dan mengantarkan kita ke tempat tujuan dengan pelayanan drivernya yang ramah,5
Driver slow respon,1
"ga worth, keterangan driver nyampe 5 menit, aku nunggu nyampe 15 menit lebih, orang mau berangkat kerja dibuat bercandaan",1
bisa mudah mencari transportasi umum,5
sangat membantu dalam perjalanan.,5
"Merugikan!!??, aku jualan di tokopedia/tiktok.. klo yg nyamber gojek, lamaaaa sekali pengambilanya. Costumer complin/cancel...bangke rugi banyak!! klo grab yg ambil cepat sekali!!. caranya matiin gojek di tokped/tiktok seller gimana? aku mau pake grab aja..ahhh.",1
bagus co,5
"uang saya masih nyangkut saat saya membayar gopay pinjam dan saya harus bayar lg tagihannya,,belom ada pengembalian ke saya terkait uang saya yg nyangkut",2
"driver kelakuannya mines ,, selalu jutek marah2 gajelas , ga menaati aturan lalu lintas",1
"respon cepat, terlebih drivernya yang ramah. ni",5
"susah masuk,deteksi wajah masih jadul",1
skrg gojek kalo 15 RB PD gmau hbs tu klo hrganya murah di lama'in jadinya mepet sama waktu yg dksh gojek ga worth skrg mh,3
mantaps,5
nice,5
ok aja lh,5
tolong d perbaikin .. lama nyari driver gojek nya.. padahal d map ada tuh yg deket,3
"Pelayanan bagus, apk yg bagus. Saya mempunyai akun gojek pada HP saya yg hilang , dan kini membuat lagi akun gojek baru pada hp yg baru, tapi gk bisa upgrade gopay plus, karena pernah memiliki akun gojek pada hp saya yg hilang, mohon bantuannya admin mksh.",5
sampah,1
puas pake gojek,5
"mau cari lokasi tujuan,tapi lokasi tidak ditemukan Mulu,udah geser map dan ketik nama jalan gang No rumah masih lokasi tidak ditemukan,rusak rusak",1
sangat membantu.terimakasih,5
aplikasi nya mudah digunakan tidak membuat bingung apalagi bagi pengguna pemula,5
sangat bgs,5
sejauh ini okeeeee,5
Memudarkan perjalanan kemanapun dan di manapun,5
belum pernah mengecewakan,5
tingkatkan terus dalam pelayanan ke customer aplikasi nya mantab,5
koneksi bagus tapi aplikasi sering terbaca tidak ada koneksi,1
bikin laporan udh seminggu lebih ga ada updatenya.,1
saldo gopay saya gak masuk kalo saldo gopay saya sudah masuk kasih bintang 5 sekarang blm masuk,1
lebih baik,5
"sangat menolong sekali, panggil ojek dalam genggaman",5
cepat dan aman,5
mantap banget gojek jalan terusss,5
top,5
sangat membantu,5
everything is good,5
TERBAAAAAIIIIIK TOOOOPPPPPP. SUKSES SELALU GOJEK,5
"hemat tapi jauh drivernya,parah.pada pindah sukurin lu.",1
"order gosend ampe kagak ada yg bawa, di toped pakai instan niat hati biar cepat sampai malah sampe ganti hari, itu juga ganti ke grab, ini pasti team management gojek ngawur, keluhan driver rata² penjemputannya yang terlalu jauh, makanya driver enggab ambil.",1
driver nya harus d seleksi.. udh janji oke ambil orderan tiba tiba cancel.udh waktu mepet d cancel.,1
bagus,5
"Dari jam 6 sampe jam 8 gk dapet dapet mobilnya, setiap dapet pasti mobilnya lagi ada masalah.",1
terima kasih 🙏🏼,5
sangat terbantu semoga driver bs lebih sejahtera,5
mengemudi dengan baik,5
"Kak mohon maaf nih tapi tarif gocar dari 50.000 naiknya kenapa tinggi sekali menjadi 120.000 dalam hitungan waktu 5 menit??? padahal jarak perjalanan saya cuma 2,2 km tapi pelayanan sudah bagus sih",2
"sangat membantu dan serba mudah ,,,cepat ,,praktis.",5
"sekecewa itu tiap pagi pesen gojek lama banget, di batalin mulu sama drivernya, sistem nya juga lemot pencarian driver lama, harus pake yg bayar dobel dan pencarian cepat, itu pun dapatnya jauh jadi lama",1
"pagi ini saya tidak berangkat ke sekolah, karna semua drivernya sangat sangat jauh sekali, tidak dapat sama sekali yang dekat dengan lokasi saya",2
"disaat saya dalam keadaan sangat darurat sekali mengapa mencari driver nya sangat lama? pedahal disitu saya sangat ingin cepat cepat mendapatkan driver, tolong di tingkatkan kembali untuk fitur mencari driver nya agar tidak mengulangi kesalahan yang sama pada orang lain",2
Bagus,5
driver ramah..... aplikasi nya kurang ok...... masa harus nunggu lama.... dikasi driver yg jauh..... Napa gk yg Deket biar cepet.... kurang rekom deh buat yg mau buru2,5
bagus,5
"gojek kalo nyari gojek cepetan ngapa jadi nya saya telat ke sekolah, pdhl di situ nya ada gojek deket rumah saya tapi ga kepilih",4
cepat,5
bagus untuk perjalanan,5
Lama banget nyari driver. giliran udah dapet malah gak gerak tuh driver dari posisi awal,1
bagus driver juga ramah' lalu tiap transaksi suka ada voucher diskon juga cuman kalo abis hujan suka susah kalo nyari driver malahan sampe ga ada yang nyangkut sama sekali,4
"gue heran, ad pengeluaran tanpa kompirmasi dr gopay saya utk akun getkontak. kalian kerjasama, seenaknya aja narik duit di gopay saya?! klwatan komplotan kyk gni. gue hpus gojwk ini. muak... . mana ad gojek premium. sejak kpn saya kompormsi utk itu shingga tiap bulan ditrik sbnyak 10rb. saya bru prhtikan pngeluaran 10rb itu br2 ini. trnyata sdh jln slama 1thnan. bnerin lg cara maling kalian....",1
"hp saya tertinggal dan tidak ada 3 jam hp saya kembali setelah menghubungi call center gojek. Terimakasih gojek, bintang 5 untuk kegercepannya🙏🏻",5
min kasih history tentang rating penumpang dong kita sebagai pengguna juga mau lihat rating kita tanpa minta lihat ke driver,5
mntap,5
klo laper tnggal psen,5
pinjaman ga pernah di ACC padahal make apk ini udh bertahun²,1
sanget ramah,5
sangat membantu,5
"untuk aplikasi sudah baik dan mudah , namun untuk kategori gocar prioritas perlu di perbaiki karena sopir kurang profesional dalam jemput maupun sikap",5
bagus,5
mantap,5
Good,5
"Aplikasi Yang Sangat Recommend Buat Kebutuhan Sehari ""☺🙏🏻",5
"Aplikasi ini tdk pantas dibilang baik krn skr byk oknum driver yg membtlkn jemputan/orderan mknn sepihak..MHN PERHATIAN JUGA kpd mnjmn gojek utk sgra mereport scra massal & memberhentikan 1 x 24 jam oknum driver A/N ""Florian andika"" rating 5,0 mobil agya,Palembang,dgn No.tiket penyampaian Kel.""85101664"" 04 Okt 2021 jam 18.42 WIB. krn tlh menurunkan penumpang jauh dri lokasi tujuan.(diupdate bbrp X Feb 2022-03 mar 22),2024, dst blm juga ad feedback s.d 14 Jan 2026 hari ini.",2
good all👍👍👍👍,5
"BUSUKKK. TIDAK BAWA CASH, ADANYA SALDO GOPAY, PEMBAYARAN QRIS SELALU TERDETEK "" QRIS TIDAK DIKENAL "" PADAHAL PAKAI APK SBLH BISA GAMPANG, TOH QRIS TOKO NYA JG GA BLUR ATAU GIMANA!!",1
alamat saya harus di jalan klipang blok u7 no22 RT 003 rw005 tapi jalan bukit teratai Timur,1
i like it,5
good,5
jos jis,5
favorite,5
mantaapp promonyaa,5
"tidak aman,tanpa menyebarkan otp uang bisa diambil dan tdk dikembalikan",1
Sukak,5
asyikkk,5
Makanan cepat dan harga murmer,5
best apk dah pokoknyaa,5
good,5
"sy pesen gofood driver ada kendala kendaraan, tdk bisa ganti driver, sy chat ternyata chat robot standar pertanyaan balik lagi balik lagi, tdk ada cust service yg bisa di hubungi tdk ada chat dgn cust service langsung pelayanan yang sangat sangat sangat buruk sekali",1
bisa gercep,5
"aplikasi tolol, gw nunggu 1 jam semua driver minta cancel. padahal rating gw gede Bingung dengan algoritma gak masuk akal",1
Cepat dapat driver jadi waktu lebih efisien,5
ok,5
exelent,5
sangat bermanfaat,5
sangat membantu...kirim makanan dr papua ke bandung lebih mudah🙏😁,5
"membantu orang"" yang lagi males masak",5
bagus,5
selalu pertahankan yaa,5
"buset gojek, sistem lu dibenahin, gue pesen instan dari pagi sampe sore, para driver kaga ada yg mau ambil, padahal jarak nya dkt 5km, lama2 gojek kualitas nya jelek",1
mantap,5
"secara performa sudah bagus hanya saja kurang user friendly,",5
Suka eror ga jelas saat di butuhkan,1
memudahkan perjalanan smpe ke tujuan,5
"nyaman aman, pokoknya good",4
"paling mahal saat ini, paling sering error, paling susah dpt driver. di mana² bersaing makin bagus, ini makin JELEK GAUSAH BUAT PROMO GOJEK HEMAT KALAU DRIVERNYA GAK MAU AMBIL ORDERAN. ALIH-ALIH BIKIN PROMO, MALAH BIKIN KESAL. HARI KE HARI MAKIN JELEK AJA",1
Good,4
driver 🚘nya pada gak jelas harap di perbaiki drivernya,2
semua jadi mudah🙏🏻🤸🏼‍♀️🫰🏻,5
"selalu sesuai dengan rute, dan orang orangnya asik.",5
sangat membantu buat sistem VIP nya,5
"keren, saya sangat mengapresiasi aplikasi ini",5
"tolong, kalau posisi supir masih dalam keadaan mengantar penumpang. jangan disambungin / dicantolin, udah lama nunggu nya. tiba"" dicancel supir. tolong saling ngertiin keadaan",1
Ga mutu  Apa gunanya ada antrian kalo akhirnya pilih penumpang berdasar jarak.,1
oke,5
terbantu pokoknya dgn adanya gojek..,5
sering nge-hank,1
mantap,5
penjemputan sesuai aplikasi,5
knp saya pesen shoppe pake aplikasi Gosend sulit sekali mendapatkan driver.. dr tgl 12 sampai saat ini blm mendapatkan driver,1
makin baik,5
sya mengajukan pinjaman di gopay pinjam ko di tolak terus? pdhal sya transaksi slalu pke gopay. klo gini mnding uninstal,2
bagus bgtt bisa pergi kemana aja dan harganya terjangkau🤩🤩,5
Mantap humanis dan peduli.,5
"drivernya baik baik,, semoga selalu ada discount buat penumpang 😊",5
bagus kali cepat jalan ya,5
urusan transportasi jadi ga ribet. semudah itu.,5
"FITUR FITURNYA DETAIL DAN KEREN, desainnya menarik dan lucuu. banyak diskon jugaa. sukaaa😃🩷🩷",5
dari awal tahun 2026 cari driver sulit aplikasinya muter muter terus driver sedang sibuk . pas lihat di lapangan driver pada nunggu order . kalau sering gini kemungkinan pindah lain hati . .,1
mantap,5
nice,5
"sangat bermanfaat, sy betul2 puas dgn layanan gojek.. apa2 serba mudah.. dan cepat",5
hari ini saya menjadwalkan jemput anak karena saya bekerja dan posisi jam segitu tidak bisa pegang hp jadi penjemputan lewat pen jadwalan di aplikasi namun pihak driver menyelesaikan transaksi tanpa mengantar anak saya dan saldo saya terpotong kalau memang ada kendala dan tidak jadi jemput ya jangan begitu caranya dong kecewa saya anak saya jadi terlambat kesekolah mana tanggapan dari Gojeknya sangat mengecewakan sampai sekarang belum ada tanggapan,1
"saya customer setia dan lama dlm menggunakan aplikasi Gojek,, tapi dibuat kecewa ketika di topup saldo 50rb TDK masuk,,, SDH dilaporkan,,SDH dilampirkan semuanya,,, perintah dr karyawan kalian itu lagi,itu lagi,,, kecewa berat saya ke kalian gojek,,, Nilanya mgkn tdk besar bagi kalian,,tp besar buat saya,,kecewaaaaaa",1
ngk jelas ngk myambung2,1
puas pokoknya kalau dapat yg mau mengantar aku ke tempat tujuan walaupun pakai hemat.,5
nice,5
super sekali,5
"utk tampilan yg baru kurang adaptif, sebelumnya lokasi bisa langsung men detect tp skrg harus milih dan itu sering salah alamat pdhl sdh milih lokasi saat ini. tolong jg misal ada beberapa menu kosong itu bisa di cancel oleh toko terkait menu yg bersangkutan bukan malah cancel semua pesanan, kdg driver udh sampe toko krn di cancel semua menu akhirnya balik kan kasian, adakan fitur utk melihat rating akun pribadi utk customer",4
on time,5
bintang yg bicara,5
ok,5
banyakin diskon dong jek,5
makanannya enak👍🏻👍🏻 bakal langganan,5
"ada apa dengan gojek yg sekarang?? di map ada driver yg dekat den posisi saya kenapa malah pilih driver yg jaraknya jauh? waktu penjemputan jd lebih lama, bukan cuma driver yg ngeluh tapi customer juga ngeluh",1
ok,4
Sippp,5
sangat puas,5
kasian driver pada lemah semua ngak ada orderan,1
untuk share pelacakan perjalanan agar lebih dipermudah opsinya...,4
servis memuaskan,5
"kadang suka tbtb di cancel pdahal lagi buru', tapi bagus sih",4
bisa gojek dimana saja,5
ngasih yang jauh jauh. jadi driver ga mau padahal udah di terima sama driver pesanannya. jarak cuman 6 menit. atur lagi gih. kecewa bgt makin kesini makin ga jelas.,2
good,5
okeh,5
ok,5
sangat membantu 🙏🏻,5
bagus.terprcaya,5
untuk kegiatan sehari hari oke. banyak2in promo biar pengguna betah,5
sudah baik,5
mudah dan praktis,5
"cari driver nya lumayan lama dan pemilihan driver nya tidak pernah dapat yg dekat dengan lokasi saat akan pesan padahal saat di pencarian terlihat beberapa driver, tapi tetap juga dapat driver yg jauh, saran aja.. di carikan lah driver yg dekat dengan si pemesan untuk goride nya, kayak apk sebelah, kalau jauh jarak antara driver dan pemesan, kasihan 2 2 nya, driver kejauhan ambil orderan dan customer kelamaan nunggu.. 10 menit juga berharga kan..",4
baik sekali,5
"penjemputan aman dan nyaman, ga pernah dapet driver cewe☹️☹️",5
pelayanan oke.,5
"SEBEL BGTTTT saya udah bayar yang paling mahal, nunggu lama banget, saya minta cepet malah diperlambat atau kadang drivernya gamau. terus nyari driver lama sekali. saya nyari dari jam 5 pagi sampai set7 ga dapet dapet, padahal saya buru-buru ingin pergi ke sekolah. aplikasi nya sering ngebug, apalagi kalo saya mau set lokasinya. gojek makin jelek sekarang!!",1
lama bgt cari driver nya...,2
aku kesel karena aku mau dolot aplikasinya penu h gimana dong,5
"layanan bagus, .....",5
setiap pagi cari driver susah klaupun dpt drivernya yg jauh eh dcancel driver jg krna kjauhan..pdhl sy dipusat kota..akhrnya PK GRAB lngsng dapat ga pake lama lbh murah lagi..,1
murah cepat aman,5
Parah banget gojeg udah mah tarif na mahal trs KLO gak dapet2 driver tiap nyari lagi si tarif nya pasti dinaikin terus mana susah dapet drivernya.. udh tahun 2025 ttep sama yah percuma ada harga hemat tapi kagak ada driver yg nyaut tp kalau udh diganti ke harga lebih mahal baru ada yg nyaut kalau gt mah kagak usah ada harga hemat segala,2
Menyenangkan,5
drivernya baik hati,5
sejauh ini tidak mengecewakan,5
ok mantap ded,5
ya yes,5
alhamdulillah. terbantu banget. makasih banyak orang2 baik.,5
"eberapa hari ini gojek bikin rugi waktu .. !! apalagi pagi ,dan kemarin sore .tolong dari IT nya yang propesional ya ..!! yang bener bukan coba coba!!!!",1
Sangat membantu dalam memenuhi kebutuhan,5
jozz,5
mas drivernya ramah ligkungN,5
sangat ok,5
lumayan bagus aplikasi nya,4
"Dear Pelanggan aplikasi ini KALIAN SECARA TIDAK LANGSUNG SEDANG MEMBANTU PENJAJAHAN TERHADAP SELURUH DRIVER ONLINE MELALUI SYSTEM YG MEREKA BUAT. INI BUKAN EFISIENSI INI PENJAJAHAN . SETIAP PROMO YG MEREKA KELUARKAN BUKAN HASIL DARI PENDAPATAN PERUSAHAAN MELAINKAN HASIL DARI POTONGAN PENDAPATAN DRIVER YANG BEKERJA DI LAPANGAN. CONTOH : JIKA KALIAN MEMBAYAR ONGKIR DI APLIKASI Rp10.000 DRIVER HANYA MENDAPAT Rp.8.000,RP.7,200 BAHKAN ADA YG MENDAPAT Rp.5.000",1
"gopay pinjam sangat buruk dalam memberi masa tenggang, telat pembayaran hanya hitungan hari no.lgs di jual ke pihak lain, langsung di wa dri no tidak jelas, dan ada jg pengancaman data hp pribadi saya, cukup sekali saja berurusan dengn gojek pinjam",1
"10 tahun ga ada update kalah sama grab kocak, ganti tuh direkturnya",1
"Why now Apps so hard to use often hard to scroll, often Blank & log out itself, ask driver said the same thing, please Fix it IT, coz if no customer won't use this Morrod Appssss.....!!!! 😒 😏 😞 👎🏿 👎🏿 👎🏿",1
mantap,5
mantap,5
"sudah 2x kejadian driver gosend salah kasih orang, pesanan selesai tidak bisa di tlpon, dichat centang 1. sangat menyusahkan customer!!!",1
HADUHH..KOK SEKARANG CARI DRIVERNYA SUSAH BANGETTTTTTTTTTTT!!!!!!😒,1
bermanfaat,5
PAKETTTT SAYA DI CURIII DRIVER Gosend,1
saking bagusnya ratingnya pun tinggi..d dan saking bagusnya..sangat buruk dalam bahasa dan cara penagihan..,5
keren,5
"untuk driver Gocar daerah Tegal klau hujan suka susah nyangkutnya,padahal banyak yg standbay malah pada nolak semua pada gk mau narik. tolong lebih di tingkatkan lagi untuk para driver gocar dan yg punya aplikasi.",5
very nice,5
aplikasi top,5
"ONGKIRNYA SERBA MAHAL,MAU GOFOOD/GOJEK TRANSFORT 🤮",1
membantu banget,5
awsome,5
pelayanan baik...👍,5
"Udah ga bisa buat masuk kah aplikasinya? Ganti hp dua-duanya ga bisa, pake email atau pun nomor telpon, malah suruh nunggu semenit buat ngulang.",4
cepat..murah,5
Keren,5
banyakn promo diskon,5
TRANSAKSI GOPAY TABUNGAN LAGI ADA KETERLAMBATAN. 1 jam berlalu ga ada perbaikan BOSS? duit gede itu yg ilang.,3
good,5
Membantu,5
tolong kepada pihak admin gopay saya tidak bisa membayar/tranfer ke bank ataupun ke ewalet apapun di karnakan akun saya tiba² di blokir sementara padahal saya tidak melakukan aktifitas yg mencurigakan waktu kejadian hari ini tgl Selasa 13 jan 2026,3
"mohon utk gojek di tingkatkan kualitasnya lagi, saya sering sekali tdk mendapatkan driver. Ditambah perlu waktu 1 jam menunggu dan dicancel berkali kali. sgt menyita waktu saya.",2
gojek tolol.ribet,1
"Udh nungguin 2 jam dan malah di cancel karena kesulitan dapet driver, bner bner kecewa , pas di coba pesen lagi promonya malah dahlah",1
bagus loh murah lagi,5
"driver sama CS, bener bener ga bisa ngehargain customer banget. orderan saya dicuekin, dan complain ke CS pun berasa chattan sama AI jawabannya basic banget. tolong lah",1
sangat membantu,5
ok,5
per tgl 13 januari 2026 sore ada update aplikasi malah jadi error. nggak bisa pilih lokasi jemput dan tujuan baik lewat peta ataupun lewat tulisan. gimana ini heii..... pas buru² mau pulang malah error. tadi teman sekantor juga ngalamin yang sama,1
trasnportasi aman dan nyaman,5
"lama bgt sekarang mau pesan go food bisa sampai 1-2 jam, sistem nya aneh, ngeselin, tolong perbaiki kyk semula",1
"sering gangguan sisitem jadi pas saat lagi buru"" gak bisa pesan driver",4
"tolong kenapa harga di gojek suka ga jelas. saya pesen gojek dari rumah saya ke tempat yg jaraknya 700m tetapi harganya bisa 27.000. kejadian ini ga cuman sekali dua kali, saya juga pernah mau ke jarak yg hanyak 800m harganya 21.000, heran saya. dan ga hanya itu, kadang nyari driver aja susah bgt, kayak saya pernah mau pesen gojek ke sekolah, itu bener-bener lama bgt ada sekitar 10 menit. kalau gini trus mending ganti ke apk sebelah aja dah",2
hari ini LG jelek bgt aplikasinya,1
ok sih,4
"selalu ribet kalo mau pesen makanan selalu telat , cari driver susah",1
APK DZOLIM,1
Hapus aja go ride hemat...kalo aslinya susah banget dapetnya,1
"ampun dahhh, apl lemoottt. PAYAH",3
ok,5
"Kenapa ga bisa pesan goride jarak jauh ? maps ga mau muncul padahal jelas itu tersimpan rumah dan tempat kerja bukan nipu !!!!! baru kali ini kecewa berat, mana ada kebutuhan urgent pesenin kendaraan untuk orang tua dan anak, posisi saya di luar kota biasanya bisa sekarang ga bisa. kalau ga di perbaiki saya hapus apk dan ga langganan lagi. Tolong di perhatikan. jangan makin ngaco.",2
"Min, saya gak bisa pesan gojek kenapa ini?",5
sistem error mulu jek kapan lancarnya?,1
semoga semakin sukses dan membuat pelanggan lebih mudah,4
kenapa makin kesini semakin error ya,1
Dari kemarin susah bgt order ojek titik selalu gak nemu🥴,1
"ini kenapa, ga bisa tulis alamat penjemput, alamat yang di tulis ga muncul di lokasi penjemputan. susah buat melakukan order.",1
Busuk sekali aplikasinya Masa titik Jemput tidak di temukan Padahal titik koordinat Dgn akurasi tinggi Gembel mending pake jasa Laen,1
"kok saya ga bisa naruh alamat ya,error",2
"aplikasi gaje, kadang suka ga bisa di pake, padahal sinyal kenceng dan ga ada masalah apa-apa, tapi pas Mao mesen malah tulisan tidak ada sinyal",1
"hari ini gojek saya error, saya sudah keluar masuk lg nda bs d bilang error krn teknisi, trus lokasi tidak bisa d akses, susah masuk tp gojek penuh terus, mau minta dr wa masuk wa bukan no saya yg terdaftar tp no saya yg satu..tolong perbaiki",5
ngeribetin aja orang login akun di persulit bawaan bikin emosi aja orang ada kerjaan di lokasi tertentu malah tertunda karena sistem dan eror dalam mencari tujuan,1
"Apasih nama email gojek, gua mo balik dari kampus malah eror anj malas. Harus nunggu 1 jam buat refresh SHIBALLLL",1
saya dah nyaman dengan aplikasi gojeg,5
update terbaru bikin simpanan alamat customer ilang semua. nyusahin 🤦‍♂️,1
sejak diupdate terbaru knapa skrng nyari posisi penjemputan jadi susah... biasany lokasi penjemputan bisa langsung klik di alamat yg tersimpan... contoh rute mau kesekolah anak Saya lokasi antar bisa dr alamat yg tersimpan tp utk alamat penjemputan tidak terdeteksi sampai saya geser2 tetep tidak terdeteksi ini menyulitkan banget... mudah yg dulu.. tolong diperbaiki gojek.. Saya pelanggan lama tp bener2 kesulitan tp utk order,3
"gojek nya lagi error atau lagi bermasalah yaa, saya mau berangkat latihan mau pesen gojek malah ga bisa, jadi nya saya telat",1
ga bs diandalin klo lg buru2. suka error dpt ojolnya...,2
"woy. gimana ini setelah saya isi saldo gopay kok malah gak bisa di pakai. login saja tidak bisa. bagaimana yang punya aplikasi gojek ini. sia-sia saya isi saldo 300ribu, mau saya pakai malah tidak bisa. jangan kan di pakai. login aplikasi nya saja tidak bisa. sudah di email malah suruh lapor ke aplikasi. sedangkan di aplikasi gak ada fitur chat customer service. tolong segera di perbaiki",1
"setelah update sering banget error, saya mau gofood ga bisa""",3
sy ga bs pesen selalu erorr,1
"top up gopay, mau make voucher gak bisa. TRIP DIBATALKAN",1
aplikasi custamer error' .tolong di perbaiki..para driver ga dapet orderan,5
Mengapa tiba-tiba aplikasi gojek saya tidak bisa membaca lokasi?,3
aplikasi banyak issue nya udah berapa kali pesan makanan datang salah terus (ini error dari sistem bukan salah driver) lalu aplikasi suka error kalo mau pesen udah lapar malah error ngga rekomen buat yang mau pengalaman enak,1
gabisa buat pesen go ride atau go car,1
"udah ujan"" nunggu gojek dari jam set 3 smpe jm set 5 ttep aplikasi nggak bisa katanya tim mau memperbaiki nyatanya apa",1
error mulu,1
Aplikasi selalu kendala teknis saat ingin log in... padahal lagi urgent..,2
"Kebanyakan eror, gue pengen pulang malah di bilang ""lokasi tidak di temukan"" udah udah gue pilih lewat map ya Bodh.",1
oi gojek lg rame penumpang aplikasi malah eror apa coba jir,2
Kenapa gocar drivernya pada jauh2,4
ga bisa tulis alamat jemput & tujuan,1
hahaaha banyak bug nya tolol,1
server penuh melulu,1
"aplikasi rusak, selalu nge bug gak bisa nyari lokasi???? PERBAIKI APLIKASI NYA WOI",1
"saat memesan tiket kereta selalu gangguan sistem padahal pada saat itu juga saya ada acara penting, alhasil terlambat Karena adanya gangguan ini",3
mau daftar aja susah banget,1
apk gojek saya gak bisa dipake,2
harus manual ya untuk alamat tujuan? sudah manual tapi nggak bisa di klik juga. jadi beralih ke grab 🫠,2
gilaa aplikasi gilaa ntah apa error mulu,1
setelah update aplikasi tidak bisa digunakan,3
bug Mulu,1
turunin dlu 2 bintang sampai diperbaiki..soalnya sekarang pencarian map di gojek jadi bolot..susah menentukan alamat jemput dan tujuan..seringkali tempat tujuan/lokasi jemput tidak muncul di pencarian map.TOLONG DIPERBAIKI YA,3
sering bug susah buat login klo mau peesen makanan suka gbisa karna masalah sistem masa tiap hari,3
pada saat ingin memesan driver gojek malah tidak bisa menemukan alamat yang ingin dituju dan di tempat penjemputan,1
ga bisa pesen go ride alamat tidak terditeksi,1
kurang ajar banget ini aplikasi gua mau balik dri stasiun gabisa bisa karnaa kesalahan jaringan mulu pdhal bukaa aplikasi aja bisaa hadehhhhh gojekkkk nyusahin bangettt,1
kenapa endak bisa milih alamatny ya? batre lagi dikit padahal ☺️,1
"kecewa tiba-tiba nge bug, gak bisa masukan lokasi, udah install ulang tetap sama.",1
apk kalo sistem nya rusak malah jadi gak bisa pesen gojek jadi nya yang pulang pakai gojek malah gak bisa paling males kalo kayak gini,1
driver kasihan padahal sy ngoder ud lonjakan gede amat tp driver ga ada lonjakan kasihan yeeeeeedriver klo sy liat biadab jg gojek,1
Gojek makin gak jelas cari alamat aja susahnya minta ampun. udah diperbarui tetep aja error.,1
GABISA AKSES LOKASI WOY,1
ini kenapa mesen tiket kereta gabisa si,1
"kenapa setelah update mau ketik alamat gak otomatis,harus ke peta dulu kok gitu",1
kenapa saya mau pesan gojek tidak bisa menulis alamat tempat yang saya tuju,2
Sering Eror Pas Hujan,1
"habis update petanya kok dikenali semua ya, buka peta pun susah",4
tolong developer perbaiki aplikasi.. masa ga bisa cari alamat tujuan.. biasanya bisa... jadi ga bisa berangkat kerja nih...,1
ga bisa login parahhhh,1
"kok gbs sih ngasih lokasi katanya lokasi ga terpindai, pdhl kmren bs aja tuh",1
"najis, dulu bagus banget sekarang jelek banget apk nya. bahkan ga bisa kepake",1
"gabisa di buka,selalu internet mati padahal paket ada ngelag terlalu sering",2
"Eror terlalu lama, mengganggu produktivitas para customer",1
"aplikasi gak guna, disaat dibutuhkan malah error",1
"aplikasinya eror ga bisa atur lokasi, ga bisa login,intinya eror",5
ga bisa cari lokasi tujuan dr d tulis sampe pke peta,5
bagus,1
bego gua malas sama ini tiba tiba hilang map semua begoo,1
kenapa sering eror sih??,4
"knp kalo banyak yg make suka gak bisa order makanan yak padahal gak hujan lohh tapi ada tulisan"" aplikasi gojek lagi ramai di pake"" sering bgt begitu mau order jadi gak bisa mulu niat bikin sarver gak sihh😂😂",2
"masa karena lagi rame pengguna gabisa di pake, aplikasi versi beta lu? udah sebesar itu perusahaan lu, gada niatan buat perbaiki hal begituan? konyol!!",1
eror mulu,1
ngebug mulu ada kendalla smoga di oerbaiki,5
aplikasi ini sebenarnya bagus tapi pas saya pesan goride hemat dengan harga 7k malah berubah jadi 21.500k padahal tujuannya dekat.jadi tolong untuk diperbaiki segera,1
"saya ingin memesan gojek tapi saat diisikan alamat tujuan, aplikasi mengatakan lokasi tidak di temukan. lalu saya coba mencari alamat tujuan menggunakan peta hasilnya aplikasi mengatakan aplikasi tidak terdekteksi saya sangat terburu buru. akhirnya saya putuskan order via Maxim mohon aplikasi di perbaiki ya. saya sudah bertahun tahun memakai aplikaai gojek",2
gojek aplikasi bermasalah jelas2 alamatnya ada tapi masalah terus lokasi gak ditemukan katanya aplikasi sampah,1
"BANYAK GANGGUAN,ORANG LAGI BURU² JADI TERGANGGU!!! MAU PESAN LAYANAN MOTOR MOBIL SAMA SAJA TIDAK BISA DIPESAN, TULISANNYA ""hmm... ada gangguan"" SAMHAT SANGAT MENGGANGGU!!!!",1
payah sering trouble,4
di sini suka banyak masalah pada sistem ini jadi saya kasih ranting 1 biar nanti bapak bisa perbaiki masalah sistem ini dan setiap kali mau pesen gojek selalu nggak bisa katanya ada masalah pada sistem jadi tolong diperbaiki secepatnya,1
"gimananya,""lokasi tidak ditemukan di peta""",1
kok jadi ga bisa ngirim foto ya,4
aplikasinya sangat bagus,5
apk aneh apk gbs d klik lokasi ud on ud d mati nyalain ttp gamudeng ud d update segala mcm ttp gabisa maps dri hp ud nyala mana smpe ujan'an ud otak Atik hp 30 menit dari batre 70-28% hampir gbs pulang untung ad orang mau anterin ke rmh tlong d perbaikin cb kalo gd org yg bantu skrg mau nyalahin siapa???ud hapus cache sgla mcm ud pilih lokasi sndr pake maps dri apknya ttp gbs lcuw,1
Ribet amat ngatur lokasi manual nya,2
"jelek,mau blnja aja diribetin pake acara 'gojek ramai dipakai'",1
EROR GANGGUAN TERUS,1
"goblok apk banyak trouble, saldo ilang mmk",1
"tolong dong, ini kenapa gojek saya ga bisa mendeteksi lokasi? padahal gps nyala. coba di google maps juga bisa, tp di gojek ga ada satupun yang bisa terdeteksi",2
"baru download dan pas mau masuk malah gabisa, katanya ""Terjadi kendala teknis"" , tolong di perbaiki secepatnya ya min🙏",1
"kenapa akun saya jadi eror ,ribet ribet alamat jadi gak ketemu,mau pesen gojeg dari tadi gak bisa mulu ngeselin lama lama,mau kerja jadi telat",2
knp saat dibutuhkan bgt sk error,1
"pas dibutuhkan aplikasi malah error, bikin tengkar orang aja.",1
aplikasi tolol,1
"pas mau d gunain jmput ank gojek nya bermasalah,,, udh d upgrade malah g bs dpake",1
"GOJEK ERROR TERUS😡😡😡, BENERIN LAH TOLONG!!!!!!!!!",1
ko saya tidak bisa pesan gocar atau gorad ya semalam masih bisa. di unisntal di instal lagi malah tidak bisa masuk nomor saya.,4
daerah saya selalu rame saya tidak dapat gojek 😭,2
gabisa masuk bujang,3
gimana mau ramai pesanan masuk mitra resto? aplikasi pelanggan nya aja error gak bisa mesen food!,1
habis update lokasi error...tidak bisa...,3
"saya ketinggalan kereta karena aplikasi gojek tiba tiba tidak bisa set lokasi tujuan. ini terjadi lebih dari sekali, saya sangat kecewa. padahal sudah saya update tapi masih tidak bisa.",1
hari ini eror ga profesional kalian iT karbitan bikin susahh orang banyak,1
"aplikasi tidak dapat memuat lokasi tujuan, cak berok be mano Indonesia emas 2045",1
ahhhh ngebug mulu 👎,1
kenapa gag bisa pesan gofood,1
buruk bgt,1
tolol gak bisa detek lokasi,1
"sangat membantu, tetapi kadang terjadi kegagal sistem dalam mengorder",5
apk gila ga bisa di pake,1
sampah dikit dikit ganguan dikit dikit ganguan menyusahkan,5
aplikasi jelek,1
sekarang saya lagi buru buru bngt eh malah bermasalah aplikasinya,1
"lokasi tidak bisa ditemukan, gps hidup, jadinya tdk bisa pesan ojek",2
"aplikasi kenapa?lagi error, gak bisa mesen goride, mau login ngga bisa, kenapa ini, gua mau balik harus nunggu sejam, gila kali",2
bagus,5
Kenapa saat akan login aku selalu pemberitahuan kendala teknik,5
nge down pas jam siang / sore ga tepat,2
"perusahaan segede gini masi aja ada kendala di pemesanan yg tertera ""terlalu ramai dipakai"", hadeh",3
"kenapaasi kendala teknis mulu , pas lagi urgent jadi repot , cepet dibenerin deh apk nya",2
"di device saya tdk bisa memilih lokasi tujuan.dan saat saya login ulang, ada tulisan ""istirahat duluuuu nunggu 60 menit"" lah saya butuhnya sekarang... katanya bebas bugs....",1
knp tbtb ga bisa pilih lokasi lewat peta padahal paginya masih bisa,3
tolong admin gojek saya tidak bisa masuk ke Gojek ke akun saya,1
"aplikasi suka rame, mau pesen makan susah",1
"apasi pas pulang malah ga bisa pake saldo, gajelas",1
"aplikator sampah, pesanan gak bisa di batalin. sampah, udah klik bantuan gak guna. aplikasi aneh beda pelayanannya sama cs shopee",1
gojeg ga jelas .. tiba² ga bisa masuk apa apaan ini gojeg.. suruh ganti nomer aneh banget..,1
maap ya di kasih bintang satu soalnya mau masukin alamat tujuan malah ngga muncul padahal dah di update udah sebulan kaya gini tolong di perbaiki,1
"lol banget, bisa² nya eror, di telfon cs nya ga bisa lagi",1
tolong di perbaiki kok gk bisa titik lokasi nya,5
"Waduh kayanya tanda"" nih app dan PTnya otw pailit nih kok appnya error dan gak bisa dipakai gitu mana saldo gopay masih ada beberapa sm gopaynya jg error gak recommend dan gak bisa mentaince cust/sistemnta dengan baik",1
"mau mesen gocar, pas milih tujuan gada hasil, aneh perbaiki secepatnya sekelas gojek kualitas nya sampah, huak tcuh",1
trimakasih selalu mengantar pulang kerja,5
"cari titik poin aja susah banget, berguru dong sama google map. sdh di titik poin pun ga ada reaksi apa apa. pantes kalah sama grab",1
apalah dikit² server penuh,1
ga bisa batalin bokingan,1
"aplikasi yang sering sekali error, diperbarui malah tidak bisa diakses",1
woi plenger aplikasi lu sering down sial gw jadi gabisa pulangg,1
sekarang mahal mahal jarang ada diskon,1
sering banget error menentukan lokasi,1
gojek gembel lama² klo hujan demen eror. mana pas eror log out suruh tunggu 60menit. aplikasi tolol....,1
eror lama bangettttt udh lapee nungguin ga kelar2 perbaikannya,2
kenapa saya gk bisa masuk gojek,1
angkat buruk cari lokasi ggl,1
"ada apa ini saya gak bisa buat patokan ke rumah saya terus lokasi yang dulu saya pernah ke sana pada gak ada riwayat nya? saya udah coba buat hapus data dan login lagi, malah gak bisa. gaje sekalinya ngebug gak bisa pulang gua >:(",1
gajelas ni saya mau pake aplikasinya tapi mau nentuin alamatnya gak ada muncul terus.,5
sering eror ga bisa order,3
jelek ga usah di download,1
jelek pas cri tujuan ga muncul tujuan nya gara² apk ini g bisa pulang,1
suka eror,3
aplikasi lol ga bener malah rusak giliran gw kaga laper dan ga ada duit dikasi promo banyak giliran gw laper dan ada duit malah dikasi promo sedikit dan aplikasi malah ga bisa dipake bodoh,1
"masa pas mau pulang mau gojek apk nya malah eror, aku kira knpa aku smpet uninstall jir malah gbs masuk.",3
susah di gunakan,1
"aplikasi sampah, ngecek lokasi aja gk bisa gk ketemu macemana mau pesan gojek",1
"apk ga jelas, pesanan dibatalin tapi gopaynya ga balik, mau mesen ulang malah error aplikasinya, yang harusnya ga telat jadi telat cmn gara2 sistemnya malah error, udah diinstal ulang tetep aja sama,👎",1
"di reinstall krn gak bisa atur lokasi buat goride dan gocar, setelah di reinstall malah gak bisa login",3
sering ngelag alamat tidak muncul bintang 1,1
tambah g jelas banget ni apk,1
"Suatu saat ngebug parah, ga bisa batalin booking",1
"aplikasi error bikin emosi, tiba-tiba titik yang udah pernah di setting hilang semua jadi harus di titik ulang manual. itupun gabisa order gara gara aplikasinya error",1
bug alamat,1
aplikasi kg jelas,1
"lumayan bagus,tapi pas saya pesen beberapa kali dia sempat error sistem nya,hadehh",4
gabisa cancel gojek yang jarak nya jauh,1
lumayan bagus,5
top bgt,5
"gojek jika memang tidak bisa memberikan playananan dengan tepat waktu jangan memberikan pilihan pada customer gofud deh,mau exprees ataupun reguler sama aja! sama bohong'nya jika selalu telat 11-21 menit dalam pemesanan makanan/minuman. saya pernah mengalami ketelatan dalam pemesanan gofud dengan waktu 1jam, ada alasannya karna resto yang saya tuju sedang ramai pembeli tapi saya rasa resto tidak salah dalam manajement tersebut, karna gojek sendiri yang memberikan harapan pada kebijakannya itu!",3
bantu banget..pas ga bisa jemput..gojek ada bersama kita..alhamdulillah aman asal sesuai nopol.. kalau ga sesuai nopol mhn maaf bakal kita batalin ya demi keamanan..bismillah,5
untuk pengiriman intan aga buruk. suka error sistem banyak drever gak ambil orderan,5
oke joss,5
"Saat sedang rapat zoom tiba tiba ada notif yang ganggu dan sangat spam,saya terkadang terpencet dan itu sangat sangat sangat mengganggu sekali, dan isi notif juga tidak penting, terkesan bait dan sangat mengganggu sekali",1
wajib download pokonya,5
"ada driver yg posisinya dekat, tapi di cantolkan yg posisinya jauh, sebel,",1
driver aering gak gerak...gak jelas bisa atau gak..chat gak dibales...nolak order tpi gak mau dia yg cancel...kacau gocar,1
"tolong sekalian busway bisa di akses pakai aplikasi gojek dong min ,ga cuma kereta aja .. jadi kan gausah punya kartu lagi karna ribed suka ilang ,lupa naro atau rusak 🙏🏼",5
Pelayanan sangat memuaskan dan sampai tujuan dengan selamat,5
mantap,5
bagus,5
sangat membantu anak saya kesekolah👍❤️💯,5
pengirimnya cekatan,5
suka promo2 ya. hebat!,5
sangat puas,5
mantul gan service nya,5
Aplikasi yang mempermudah semua kebutuhan,5
sangat membantu ketika macet dijalan,5
aplikasi bagus dan sangat membantu,5
tarif buat driver tidak manusiawi,1
mempermudah transportasi,5
"nyaman, pengalaman saya drivernya ramah ramah dan baik",5
sangat membantu,5
pengaduan cstmer tidak digubris sama sekali sangat mengecewakan👎,1
baguss,5
good,5
maantaAp,5
bagus,5
gojek OK Bngt,5
lebih mudah berpergian kemana mana,5
"tolong kasih pelanggaran, untuk driver yang tidur, tapi malah menyalakan Aplikasinya, kasian pelanggan menunggu lebih lama, tapi tidak ada kabar, dibatalin takut nya dia gaada internet, serba salah",1
cepat tepat,5
baik. harga terjangkau,5
siap siap aja castamer pindah aplikasi. order dijam kerja aja dapet drevernya jauh jauh kasian Abang gojek yg distasiun gadapet order katanya ..parah gojek kita butuh cepet sekarang susah dpt drever Deket kata ABNG gojek sistem terbaru katanya tapi malah kita sebagai castamer rugiwaktulah nungguin drever mana kejebak macet drevernya untung masih ada aplikasi lain yg drevernya deket,1
Ok the best vocernya,5
aman dan menyenangkan,5
sangat bagus,5
ok,5
mantap,5
lama menyelesaikan masalah,1
sudah lebih baik lagi dalam pelayanan maupun aplikasinya,5
"Driver gocar sering pada nembak harga padahal gapernah pake voucer hemat, argo 55rb minta 130rb by telpon .. wow",1
susah cari driver ihhhhhghdhdhdhdgd pdhl lgi buru buru ihhdhhhshshsgsheh muak hwhehehwhe,1
tepat waktu,5
👍👍,5
mantulll,5
app sangat bagus,5
ok juga,5
"ngorder hemat dapat driver jauh2,klamaan nunggunya. KL buat program jangan nyusahin pelanggan. kasihan driver yang dapat orderan hemat.meraka juga punya keluarga.masa buat dapat orderan aj musti bayar.kejam sekali sekarang.aplikasi anak bangsa kok kaya bgni.g usah ikut2an sebelah.",1
fitur krl buka nya lambat amat keburu kiamat. sering tinggalan kreta gegara buka tilet aja lama suee,1
iklan doang dimana' tapi nyari gojek nya susah+kalo dapet promo malah susah yg ngambil,2
"bintang 1 aja,customer biaya pesan normal,masuk ke driver argonya mengenaskan,tidak manusiawi,ga ada otaknya,aplikasi ini memang membantu,tapi membantu untuk memperkaya si gojek,mencekik drivernya",1
"Makin lama makin jelek aplikasi ini. Titik dimana, driver kemana. Udh tarif nya makin nggk ngotak, giliran pakai mode hemat, driver nya agak beda perlakuan nya. Serba salah sebagai user.",1
"eh, kalau ngasih driver ngotak dikit apa. jaraknya jauh banget, perbaikin sistem lu cape gua tiap pagi dapat driver jaraknya 4 kilometer lebih",2
driver nya makin kesini makin ga jelas jam2 pagi ke sekolah udah tau waktunya mepet.. posisi pada deket eatimasi 3 4 menit udah 10 masih belom datang2.. pesen lg dapet nya estimasi belasa menit dicancle sama driver nya.. di tlp ga bisa di chat ga dibales2.. kalo masih pada ngantuk ga usah narik pagi2. anak saya ujung2nya ga jadi sekolah,1
senang sekali,5
bagus banget sama yangg 🎆❤️ apa yang umurnya panjang berwarna putih hitam dan subscribe untuk update terbaru info terkini update terbaru,5
"Lokasi penjemputan selalu tidak sesuai titik, saya udah nulis alamat lengkap dan benar (di gmaps juga ada) lalu saya juga periksa kembali titiknya secara manual akan tetapi setelah pesan titiknya malah berbeda lagi. Sering mendapat driver dari lokasi yang jauh (butuh waktu hampir 30 menit).",1
good,5
pelayanannya cukup baik,5
sangat membantu dalam segala hal 🔥 tp kadang biaya penanganan nya ga kira2 🤭,5
"saya sering telat jika berangkat kerja karena driver tidak ada yang mau ambil, lain kali gausah jadi driver kalo masih pilih pilih",1
sangat puas,5
mantap,5
bagus sekali,5
good bgt,5
"cari driver lama, bantuan cs nya juga. etimasi waktu pesenan samapi juga lama. kecewa, gak bagus",1
"saya kecewa sudah 5th pake gopay , gopaylater ga dpt2 , padahal saya sering melakukan transaksi pake gopay , pesan gofood dll",1
tolong diperbaiki sistemnya saya order dini hari ada yang terdekat 100 meteran kenapa di arahkan pada driver yang jauh 2.5km an,2
izin min mau aktivitas gopaylater . Atas nama mhd rafisah,5
Mantul banget,5
sangat membantu untuk keadaan darurat,5
"promo pkai nominal harga!! yg di jual harga nya di bawah harga promo,,,,!!! lebih mahal ongkir dri pda harga jual,,, skrg saya sudah pindah haluan,,,",3
aplikasi tolol driver terima pesanan tapi ga berangkat giliran dibatalin gabisa tanya cs nya juga gaada solusi emang aplikasi tolol,1
aplikasi ini sangat bagus dan bermanfaat,5
Seenak jidat batalin order nunggu pesanan sejam kirain mau sampai ternyata dibatalin alsannya karena gaada driver atau karena pesananku yg dikasih orang lain,1
"Aplikator paling korup. dari sudut pandang saya sebagai konsumen, kalian sering mencelakai driver, entah target maupun komisi. sangat-sangat tidak wajar. berbenah lagi, itu yang korup korup gua doain pas naik motor masuk tol",1
mantaf,5
bagus,5
kerennn,5
mantap,5
"sangat bagus,banyak voucher",5
mobil nyaman bersih,5
bagus,5
bagus banget...👍,4
2 kali pesan lambat semua mau di batalin gak bisa tapi giliran di tungguin juga gak ada perubahan harus nunggu sampai jam yg di tentukan setelah lebih baru bisa di batalin kan sama aja buang waktu saya memang terbaik,1
tagihan gopay latter yg udah di bayar di tagih lagi susah buat complaint salah cari info pengaduan langsung di di hack yg mengatasnamakan gojel,1
chat gojek kurang upadte,3
next time cancelnya dimajuin yaa,2
Dagingnya empuk dan kuah nya seger banget,5
tolong dong bisa chat sama resto nya langsung jadi ngga perlu tunggu restonya yang chat kadang kasihan drivernya udah dateng taunya restonya tutup,5
mantap,5
sangat membantu,5
"Gimana sih gojek, mau beli makan 1 jam buat nyari driver, maj dibatalin nggak bisa harus nunggu, giliran udah dapat masih nunggu lagi di resto, sini udah kelaperan, nggak kayak shopeefood apa apa mudah kok batalin.",1
bersih ..dan lancar,5
"aplikasi gajelas, saya sampai tunggu satu jam ttp tidak ada driver yg menerima padahal jelas digambar banyak ikon gojek nya, saya nyesel download ini, pas pertama kali saya download harga 5000 an lama kelamaan semakin mahal semakin lama semakin gajelas, masa bisa sampai 30.000 padahal yg biasa dan ttp lama",1
sangak keren,5
mantap tepat waktu,5
apalah di cancel mulu ama gojek,1
terbaik👍,5
cepat menangappi permasalahan yang terjadi dan selalu tahu siapa benar dan siapa yang salah terimakasih,5
keren,5
bagusss,5
baik,5
top,5
suka.,5
mempermudah transportasi untuk tujuan kemana mana.,5
"manis diawal doang,awal2 lncar nyari driver, Uda skian lama make ni gojek makin gajelas !!!!!!",1
"senang menggunakan jasa gojeg GK bingung nyari transportasi, sangat cepat dan mudah . tapi kenapa ketika order gojeg dari RS BHAYANGKARA KE Rumah tarip nya jadi mahal sekali , padahal ketika dari rumah ke RS Bhayangkara hanya Rp 14,500. mohon di koreksi ya ....",5
maaf ya ak kasih 2 Krn setiap hujan selalu banyak yg nolak padahal banyak gojek di sekitar lokasi. trus KLO semakin malam semakin mahal tarifnya.,2
"kenapa goride hematnya terbatas,padahal saya sudahs angat terbantu karena seminggu 2x rutin ke rumah sakit,tapi tiba-tiba rute rumah sakit ke rumah saya dan sebaliknya tidak tersedia layanan go ride hemat(hanya 1.3km) padahal untuk rute yang lebih jauh goride hemat tersedia sudah saya update allikasinya tetap saja tidak tersedia, saya pelanggan setia gojek dari tahun 2016 lho,jadi sedikit kecewa nih",5
aplikasinya bagus dan membantu banget buat perjalanan,5
knp nga berfungsi,5
"Tolong ya min fitur chat di gosend jangan di ILANGIN, kitanya kesusahan buat konfirmasi sesuatu sm driver gojek dan elemen bisukan tolong diulang kembali, orang mencet bisukan di kira ada suaranya loh",3
sangat cocok dan ramah tamah,5
SANGAT MEMBANTU. WALAUPUN ADA AJA YANG CANCEL BUAT GRAB,5
uyeee,5
sukak bahasa yang digunain di aplikasi gojrk chill banget,5
ontime,5
kemanapun yg kita pengin kunjungi tinggal klik langsung muncul banyak pilihan,5
"Kalau lupa cancel tetap diangap masih cari, saya jadi rugi karena uang gopay berkurang",1
mantab,5
"udh pesen gocar prioritas, masi aja harus nunggu drop of penumpang lain dulu, mana driver juga jarak nya jauh",1
solusi kemana aja,5
makasih berkendara nyaman aman smg sukses sll,5
oke,5
stop memakai apk ini hnya menguntungkan aplikator driver nya malah merugi,1
"pesen makan udah nunggu 40 menit lebih malah di cancel sepihak sama drivernya, kalo driver gabisa nganter harusnya bisa cancel di awal, jangan udah lama nunggu malah masih bisa di cancel sepihak idiotttt!!!! ni gojek jg fiturnya gajelas bikin customer emosi aja!!",1
nyaman,5
"gofood telat mulu, tidak sesuai estimasi",1
lama banget,1
sangat membantu Terima kasih gojek,5
mesen gofood dari jam 11 nunggu sampe jam 2 tiba tiba di cancel sama pihak aplikasi tanpa alasan yang jelas,1
mantap,5
"setelah ganti hp saya sudah tidak bisa menggunakan aplikasi ini,, karena saya lupa no email saya,,,",5
"BUSUK, LAMA BGT MESEN MAKAN NUNGGU DRIVER DOANG, ORG LAPER KEBURU MATI KELAPARAN. SISTEMNYA KELAMAAN BUAT NUNGGU BISA BATALIN PESANAN KALO LAMA DPT DRIVER MASA SEJAM, GILA KALI. OKE LAH 30 MENIT KALO GADAPET DRIVER BISA BATALIN, INI 1 JAM BAYANGIN 1 JAM LAPER NUNGGU MAKAN. RUGI WAKTU",1
"sampah banget, gua buru buru malah gaada satu pun driver yg ambil, sekali nya diambil dibatalin buang buang waktu anj",1
"Tolong dihimbau kepada driver gocarnya ya.Saya beberapa kali order,dapat kendaraan tapi hanya diam di tempat,tidak segera menuju ke lokasi penjemputan.Dichat ataupun ditelp juga tidak merespon.Akhirnya terpaksa saya yang harus cancel.Kalau sekiranya keberatan untuk pick up bisa konfirmasi atau dicancel,bukan hanya didiamkan saja.Apalagi ini untuk antar jemput berobat. Akhirnya sekarang saya pindah ke sebelah.",1
Apliksi tolol. masa iya pesen penumpang dapet nya jauh terus.,1
"gopaylater ga bisa, padahal selalu transaksi. ga bermutu. auto uninstal.",1
sangat membantu,5
"tolong ya.. buat para driver gocar-nya, kalian kalau gak niat narik penumpang, aplikasinya dimatiin aja!! kita yg order jadinya susah. berkali-kali dapatnya driver yg gak gerak dari posisi. orang kan jadi lama nunggunya. aturannya bisa cepat dapat driver yg beneran narik, eh nyantol orderannya malah ke elu yg mager! heran deh, belakangan ini sering bgt dapat driver gocar yg gak gerak mobilnya, padahal aplikasi dia hidup. sampain5 kali batalin order buat ganti order",1
"lebih dari 1 jam nunggu driver belum dapet juga, aneh banget. sistem error?",1
mempermudah perjalanan sehari hari,5
Very good,5
sangat nyaman,5
Very good,5
good,5
Terimakasih,5
"ok,,, siiip,,,, mantap, udah itu aja.",5
mantap,5
sangat baik,5
memuaskan...👍,4
bagus,5
aplikasinya suka lemot. loadingnya suka lama. tp overall aman,4
"Ngapain sih pake segala ada video² model kek apl orange?? udah mah mahal tp gak mikirin customer, mentang² hujan Go ride muahal bgt naiknya hampir 75%, Gojek JAHAT banget! ada voucher gabisa kepake! LICIK! oh ya tambahan gara² ada video² yg berjalan gitu kuota gw kekuras habisssss, cuma buka aplikasi gojek doang kuota kekuras puluhan Mb, ini gak bagus untuk gw yang pengguna kartu kuotanya sedikit!! seharusnya customer dan pengguna apl gojek tuh di perhatiin bukan di bikin muak seperti ini!!!!",1
mantap,5
mobiltas support,5
bagus,5
bagus cara pakainya juga mudah,5
The Best,5
peraturan berubah rubah kasian driver dirugikan,1
"harga gajelas, driver di jakarta lebay, gamau jauh, minta cancel. pas udah dicancel harga makin naik.",1
"Gojerk ini memang ngga ada hentinya bikin masalah, terutama mitra pengemudi motornya. Di jalan ngawur demi duit. Kalau ditegor malah balik negor padahal udah salah. Mohon para mitra pengemudi anda diedukasi ulang jika masih ingin dihormati orang lain",1
"perbaiki dong setiap ujan dan habis ujan selalu error. user selalu susah dapet driver, sekalinya dapet, drivernya jauh. begitupun driver dapet cust yang jauh",2
"sorry ku rating bintang 1 dlu ya buat skrg. emng sering pakek nihh apk tp kok skrg makin lama makin jelek ya pengaturan jarak driver dgn jarak tmpt yg dipsn. masa iya dikshnya driver yg jaraknya jauh bgt, g logis asli. kalo gini caranya nih apk g bsa dijagain buat orderan yg bth cpt. baikin dlu dah sistem mu",1
"saat hujan / selepas hujan, lama sekali dapat driver",1
nyari driver lama banget,1
sangat membantu,5
aplikasi gajelas. udah di isiin saldon malah ilang saldo nya!,1
susah dapat driver padahal rame dilokasi,3
"Tolong aplikasinya diperbaharui terutama pemesanan pagi hari, sangat payah dpt driver. Kalaupun dpt driver, selalu dapat yg jauh. sering kali driver mnta cancel Krn jauh lokasi penjemputan.",2
sangat membantu,5
"parah banget sekarang, buka aplikasi aja ngelag parah, dikira gara gara koneksi ternyata emang dari situnya, kalo mau mesen juga tiba tiba keluar dari pemesanan. beneran ga bisa di pake aplikasinya kalo begini terus. padahal udah update tapi kok masih begini yaa, jadi susah banget makek aplikasinya.",1
kadang mahal,5
sering banget orderannya telat . estimasi 45 menit . tapi baru dtg setelah 75 menit . gk kira2 telatnya sampe 30 menit . dan gk cuma 1 atau 2 kali . sering bgt . mana waktu untuk cancel orderan gofoodnya lama bgt . 45 menit hanya untuk waktu tnggu cancel .,3
sulit mendapatkan kendaraan pas ujan,1
lama mencari driver,1
kecewa berat,1
good,5
kl ujan sistem gojek tu gjls mlh ngambil drivernya yg jauh jauh,1
"perasaan di ibukota driver banyak tapi nyari susah banget,, kalau ga niat gausah adain jasa ini, lebih gampang cari driver di daerah, lebih ga pilih2 drivernya",1
pokoknya mah mantap,4
"Klo hujan lamaa bgt, walaupun udah pesen yang harga tinggi tetep aja, rada menyusahkan apalagi klo lagi buru-buru",4
lama banget nyari drivernya,1
Sangat membantu,5
oke,5
mantep,5
cocok,5
"udah beberapa kali pesen gofood nunggu berjam jam,,ga ada respon dari penjual sama driver juga",1
"makin lama, pelayanannya makin buruk, dimulai dari pelayanan driver, waktu, dan estimasi gk pernah bener.",2
oke,5
ngeselin bgt si ada pengantaran express tp telat terus 🥀,1
ok,5
aplikasi ini membantu banget ya,5
"gocar daerah stasiun cikarang pada blagu gua udh nunggu lama, udh dpet Driver, gua tungguin smpe 1 jam stengah, tpi apa malah d cancel sm Driver nya, kalo nyari yg dket² mh gak usah daftar gocar",3
bagus sangat membantu,5
aplikasi mencekik driver,1
mempermudah segala urusan bepergian,5
"lumayan oke, ya tapi minusnya belakangan ini susah banget dapet booking gojeknya. pada cuaca cerah lho, 1 jam nunggu dapet booking gagal. gara² dibatalin terus sama drivernya, jadinya ya saya berakhir terpaksa minta jemput orang terdekat. haduh deh, tolong diperbaiki ya. saya jadi rada trauma ini.. kepotong banyak waktu kalau terus terusan",3
sangat membantu,5
ok,5
susah nyari driver buat GO-SEND jadinya pakek aplikasi sebelah yg langsung ketemu drivernya,1
"cari driver mulu kalo pesen gofood, lama bener",3
susah sekali dapet driver,1
kok akhir akhir ini gojek lemot kali siih?? padahal jaringan 5G lhoo😭😭,2
top dah,5
aplikasi ini sangat bagus,5
harga mahal,1
"GUYS, KALAU MAU PESEN MAKANAN JANGAN DISINI, UDAH NUNGGU LAMA MALAH ERROR, APLIKASI LAIN AJA YAA KAYAK SHOPEE PAY ATAU GRAB JANGAN GOJEK",1
"Berhubung skrg lagi rutin pakai jasa transportasi online, perbedaan Gojek dan Grab jadi jelas. Belakangan saya dapat sopir yg notabene kurang ajar, diantaranya: sopir tidak mau menghubungi lewat WA dari nomor yg diberikan lewat chat; dan sopir sengaja menjauh dari titik penjemputan serta tidak membalas chat agar penumpang yang cancel. Jadi sudah dipastikan akan memilih GRAB sebagai langganan. Selamat tinggal Gojek dan mitra2 mu yang menyebalkan👋👋",1
"Pakai GoPay itu praktis banget, bener-bener sat-set buat transaksi apa aja. Apalagi kalau dipakai buat GoJek atau GoCar, pengalamannya makin oke karena hampir semua drivernya ramah, sopan, dan profesional. Transaksi gampang, perjalanan pun nyaman!",5
sangat memuaskan...,5
gojek luar biasa,5
oke,5
susah nyari driver aplikasi sebelah lebih cepat dapet driver nya,1
Menyenangkan,4
"jelekkkk kalo belum dapet"" driver harus tunggu lamaaaaaa bgt baru bisa dibatalin",1
selalu ada diskon 🥰🤗,5
"pesen di gofood udah 1 jam setengah ga dapet dapet driver, udah lama banget pesanan gabisa di cancel padahal keadaan udah laper banget",1
cepat dan oke mantap,4
kenapa akun saya dianggap adanya aktivitas mencurigakan dan telah melanggar ketentuan gojek ya? padahal saya tidak melakukan hal² yang mencurigakan dan melanggar ketentuan. percuma lapor lapor ga di hiraukan,2
perangkat tidak kompatibel,1
"setiap mesen pokoknya nunggu harus banget lebih dari 30 menit,gosend aja ngirim makanan hampir 1 jam sampai sampai,perut sangat laper",1
semoga aplikasi gojek semakin baik dan bisa memberi kemudahan dan kenyamanan bagi pelanggannya..💪💪🙏🙏 Terimakasih,5
"aplikasi suka error. pesen gosend udh dapet driver trus udb deket eh malah otomatis cancel dan cari driver lain. kasian sma driver nya, kalo mreka yg cancel kalo gak salah mreka kena pinalti.",2
puas banget,5
"udah banyak di kritik tapi ga di rubah2 sumpah ini sudah ke sekian kali kita komplain masalah yang sama, lama dapat driver di go food😭tolong dong pihak gojek lebih di perhatikan lagi kadang di resto nya sendiri sudah ready tapi drivernya lama ga dapet2 padahal driver nganggur banyak di sekitar resto",1
best,5
"mudah, murah, aman dan nyaman",5
mantap,5
"penjemputannya cepat,",5
mudah di gunakan,5
GK bisa di andalkan. ribet GK kyk dolo kalo GK dpt driver langsung otomatis gagal. bisa pesen ulang......,1
makin hari makin rusak,1
tingkatkan lg kualitas pelayanan nya..,5
memudahkan dalam perjalanan,5
mantappp,5
좋아,5
Aplikasi sangat membantu kita didalam perjalanan,5
good,5
drivernya selama Aqoe jd customer y baik & ramah jeh...,5
ok,5
aplikasi kadang error,3
sangat penting!!,5
"layanan ok, cepat pengambilannya dan cepat smpai tujuan, dg aman, mksh utk semuanya",5
nyaman dn baik,5
"tarif makin murah , pnjemputan jauh2, maps gak akurat, tolong di perbaiki",1
percuma install aplikasi ini..driver ga ada yg mau pick up..,1
bagus kok,5
sangat mudah di gunakan,5
love,5
amntap,5
baguss,5
gojek banyak diskonnya,5
cepat dan driver nya baik,5
ako sangat bagus,4
"ongkir tidak normal, masa beli gacoan cuma 3 item aja ongkir nya 20k",1
"bisa gak kalo customer pesan gofood jangan lama2 nyari drivernya, kasihan orang nungguin gblok.. kalo emng susah dapat driver batalin aja maksimal 30 menit jgn sampe sejam kntoll",1
"Makin buruk aja semenjak dilepas nadim,, pelit sama diskon, bener2",1
Sangat membantu dalam mencari transportasi.,5
Sangat membantu saat kelaparan 🙂‍↕️😌,5
GOOD,5
proses cepat dalam order,5
good,5
setiap make ini lama banget dptnya,1
cepat dan ramah,5
Gak suka sama aplikasi ini ... Kebanyakan driver nya ketus judes gak ramah sama sekali,1
ok,5
cepat & ramah,5
Aplikasi tolol!! Kalo udh hujan ngeblast kemana2 malah dapet driver jauh banget. Ini masalah sebenarnya diperbaiki atau enggak sih? masa iya bertahun2 masalah ini gk kelar atau jgn2 sengaja ini memang dibiar2in,1
pelayanan burukk,1
hebat,5
"Tolong tambahin metode pembayaran lainnya, karena itu membantu sekali.",3
sangat membantu,5
tailah login di nomor lama gabisa,5
Ga ada pilihan untuk edit pesanan,5
gg bet,5
mantap,4
aplikasi yang sangat membantu,5
oke dech,5
"min mau nanya ,, apakah naik gocar mobil kita kehujanan ???? gak kan ??? tapi kenapa pas hujan harga gocar sangat2 tidak masuk akal ,, jarak 400 harga ny 50 ribu di apk gojek .. ngaco gak ??? apaka jarak 400 meter bensin ny habis 50 liter ???? gak kan ??",1
tidak baguss hadiah Alipay a reward di aplikasi ini makin kecil apaa apaaan kn sudah tau banyak emak emak yg pakai aplikasi ini malah hadiah Alipay a reward nya tiket mobile legend aneh bngt pihak GOJEK INDONESIA,1
"pelayanan gojek sekarang sangat buruk, mengadukan tentang buruknya kelakuan mitranya, tapi admin gojek menanggapi dengan main-main, tidak di proses serius, sepertinya benar gojek hanya fokus pada keuntungan saja daripada memperbaiki kualitas pelayanannya.",1
sangat baik,5
sangat kecewa dengan gojek. masalah pengaduan atau komplain betul2 tidak membantu konsumen.,1
Tarif nya sesuai kantong,5
"Weilah kok beda waktu beberapa menit, pas pesan lagi, naik juga harganya, bintang 3 aja ga bisa lebih klo kaya gini",3
josjis,5
ok,5
nyaman,5
tolong perbaiki titik lokasinya,3
ok good 👍,5
lebih gesit dan mudah di gunakan,5
"Udah ga bisa lihat riwayat transaksi gojek plus ya, jadi paket itu ga jelas kapan kita beli, kapan berakhir, tiba tiba aja perasaan baru beli 2 minggu, ehh udah hangus aja paketnya, pas mau cek kapan terakhir kita beli, itu riwayat nya ga ada, di cari dimana pun ga ketemu, jadi emang bukan perasaan doang permainan dari gojeknya, ternyata emang makan uang orang, tiba tiba aja bebas hapus paket orang, toh orang mau cari tau juga ga bisa, pasti mau cek pembayaran waktu itu juga susah 🤣",1
"mahal banget sekarang, gk worth it",1
"Saya isi go pay kok gak masuk ke saldonya, tolong di perbaiki biar saldonya masuk",4
👍,5
"promonya hilang""",1
nice,5
driver sangat buruk dan mengecewakan.car,1
mantap,5
membantu,5
mantab,5
bagus,5
ok,4
sekarang order goride drivernya jauh2 ga maksimal waktu,1
ok,5
Benar² memudahkan..terimakasih gojek..semakin sukses.,5
sangat cocok,5
terbaik,5
susah dapat driver untuk gofood padahal driver relatif banyak! padahal biaya yang paling mahal dibanding yang lain. semoga berbenah lagi untuk kedepannya,3
lelet 2 jam 30 menit baru dpt driver food.. parah,1
"driver Go-Jek kebanyakan pilih pilih ,",1
Bagus sekali dan Bisa Membantu banyak orang,5
diskonnya banyak,5
mantap,5
tidak benar melacak lokasi pokoknya aku kecewa berat 🙄🙄😑😠,1
ok,5
"jangan kayak maxim,, ternya tidak ada asuransi kecelakaan. pantasan drivernya pada ugal ugalan, ke daratan juga kurang bagus, pelayanannya jelek",5
Terbaik,5
bagus,4
sukaa,5
mantab,5
ok,5
sy pesan makanan tapi lamanya lama bgt mungkin 1 jam sy nunggu tdk ada perubahan masih mencari driver tapi tdk bisa di batalkan hanya bisa di batalkan jika jam 22.01 mana ada resto yg buka jam segitu kita lapar malam malam d batalin.. jujur lebih baik apk lain si,1
bagusss,5
"gabisa melakukan transaksi, katanya transaksi gagal untuk melindungi akun karena ada aktivitas yang tidak biasa, padahal ga ngapa ngapain, jarang buka gojek dan gopay, cs nya sangat tidak membantu, Bot semua, gabisa bales pesan, cuma bisa ngirim ss lewat foto kamera langsung gabisa pake galeri, udah lapor ke customer service di email tapi katanya dialihkan ke aplikasi, dan di aplikasi cuma ada artikel yang ga guna dan cs yang ga guna",1
baik,5
okeeyy,5
keren lah pokoknya,5
"apk jelek, masa memverifikasi wajah gagal mulu pdhl cahaya udah bagus, wajah juga keliatan jelas gak burem tp tetep gagal mulu, hadeh",1
baik,5
akhir akhir ini nyari gojeknya susah. meskipun sudah pake prioritas tetep aja lamaa. lamaa banget.,4
oke,5
terlalu lama mencari driver tidak bisa secepat dulu,1
Ok,5
aplikasi ini bagus cuma sayangnya kok saya susah cari driver baik Go-Jek maupun Gocar setelah awal tahun 2026,5
kebijakan terbodoh adalah double order gofood. sudah pakai yang prioritas masih kena double order,1
nice,5
sangat bermanfaat sekali untuk transportasinya dan menghemat tenaga serta waktu.,5
hooh tenan,5
terimakasih ramah bngt,5
"mantappp, lebih byk lagi promo nya",5
saya komplain ga ada respon sejak jumat.tolong donk min.,1
manteps,5
cukup membantu bagi mer eka yg sibuk,5
Mantap!,5
sangat membantu,5
sangat instan mau pesan apa aja gooodd,5
driver sopan dan membawa kendaraannya Bagus,5
keren lh,5
sangat membantu,5
sangat memuaskan bagus sekali,5
"pelayanannya bagus buat driver2 ramah juga,, tapi kalo bisa harga nya di turunin sedikit lagi dong🙏😅",5
Bintak lima untuk semua fitur dan kemudahan,5
sangat membantu,5
"aplikasi buruk bangettttt,dari harga ppn nya ga ngotakkk bgt ,",1
baguss,5
"apk pilih² ga adil bgt, waktu hujan (tpi agk reda) order goride yg hemat lamaaa bgt dptnya, tpi pas order goride agk mahal langsung dapat driver anehh, pilih pilih, gini gini saya juga bayar lohhh hilang respect!!!",1
"mantap, driver ramah",5
netral🗿,3
pelayanan memuaskan,5
bagus,5
best,5
"tolong donk gojek apk gopay pnjm nya jngn susah d buka trz, kl emng hrs d update ada tulisan update donk",4
Terimakasih sdh membantu banyak org,5
"padahal apknya baguss tapi ya elah drivernya (go car) pada judes banget deh, tolong dong perbaiki sikap drivernya😔💔 saya juga mesen gocar buat bawa bapak saya ke RSUD dan kebetulan ayah saya gabisa jalan jadi saya suruh drivernya masuk gang (gangnya bisa muat mobil) tapi selalu di tolak sampai 4× alhasil harus nunggu saudara yg bantuin pesen driver (sesama go car cuma ini temen saudara ku) dan kebetulan dia mau masuk gang, kata dia juga ""mobil bisa masuk kok tapi kenapa pada nolak??"" :)))",2
mantap,5
Memuaskan...,5
good,5
mantap,5
"ogah jelek, drivernya ga bertanggung jawab",1
Gocar Di Lampung Kabupaten Pringsewu suka banyak nawar tambah harga. gak sesuai harga aplikasi. sangat tidak rekomend Vocher promo juga percuma dipakai.,1
terjangkau,5
Ok,5
good,5
ok,5
memudah kan segalanya aplikasi sangat bagus,5
"selalu langganan pake aplikasi gojek kalau kemana""tapi sungguh sangat di sayangkan ongkir nya mahal sekali kalau mau pesan gofood masa harga beli makanan nya lebih mahal ongkir nya gak bner ini gojek dan kalau pake goride ojol nya motor nya selalu beda dan orang nya bau""semua,helm nya bau driver nya juga rata""arogan,jadi males kalau pake gojek sekarang sungguh sangat mengecewakan..",1
ok banger sopir,5
"cepat di jemput, sopir sangat ramah",5
sering bohong,1
"cepat cakap dan pelayanan memuaskan, sehat2 abang gojeg dan tetaplah jaya pt gojeg",5
go jek mengubah dunia !mantappp 👍,5
rekomendasi banget,5
nice,5
sangat membantu,5
cepat,4
biar kan bintang yg bicara,5
Barang nyampe ke tempat tujuan dengan selamat...,5
"kesal baru juga bisa di peke eh malah di blokir lagi paylater ku,Padahal bayar gak pernah telat dan gak pernah di pake aneh2.tolong lah jangan di blokir lah,",1
"gojek gak jelas anjir,gw pesan gojek motor,krna sjnyal hilang malah ke pesan 2 gojek al hasil gw di marahin sama gojek nya😡pdhl gw pencey 1 x doqng gojek nya,hya karena sinyal hilang malah jdi 2 x pesanan",1
GK jelas udh mau uninstall aja udah lah,1
😊,5
jasa,5
Banyakk promonyaa,5
"untuk all cs, kalo jawab ulasan jangan asal2an hanya demi memenuhi KPI kerja, jawaban ga nyambung, sampaikan ke direktur dan manajemen anda jangan kebanyakan biaya aneh2 yg dibebankan ke customer, apalagi sekarang di driver ada biaya aneh yaitu biaya langganan,",1
Ok,4
"driver ramah,penjemputan tepar waktu",5
aplikasi yang buat kita banyak solusi,5
ontime mumer,5
"Aplikasi pemeras Driver, dan tidak berperikemanusiaan.",1
akun saya tidak gacor udh 4 hari kerja cuman dapet 100rb capedeh ah itu pun dapet dari gosend doang.... gojek skrg pilih kasih !!!,1
Mantap,5
bagus,5
"Sering banget map nggak guna. Posisi driver nggak gerak, waktu kedatangan juga nggak gerak. Karepmu opooo",1
ok,5
puas,5
mantab,5
"hp saya setelah saya instal ulang untuk update aplikasi gojek terbaru malah sekarang sudah tidak kompatible dengan perangkat hp saya dan sekarang saya tidak bisa menggunakan aplikasi gojek lagi padahal saya pelanggan setia mohon solusinya, Maaf, Terimakasih.",5
good,5
sediakan gojek aplikasi untuk tab Xiaomi pad 6,1
Tidak ada kesejahteraan buat DRIVER GOFOOD JARAK DEKAT (ACENG),1
ok,5
gud,5
Harus update lagi,2
pusat bantuan ngecewain. customers dibuat kecewa. kapok pake gojek kalau ingin tahu cek order terakhir saya.,1
"Aneh banget beli token listrik 20k ajh di sangka transaksi yang mencurigakan terus langsung di blokir paylater nya lucu banget sumpah,katanya tunggu selama 7hari sekarang sudah 1bulan lebih tidak bisa di gunakan lucu banget kan,gopay makin aneh",1
makin lama kualitas nya kadang bagus kadang biasa aja kadang buruk ya gitu deh,3
"cacat, pas ujan ga ada yg mo ambil orderan",1
mantap,5
Sampah,1
"PERBAIKI LAGI SISTEMNYA, MAKSIMAL CARI DRIVER 30 MENIT LAH, KALO GA DAPET KASIH OPSI CANCEL, PESEN GOFOOD BUAT MAKAN, MALAH DISURUH NUNGGU 1 JAM BUAT CARI DRIVER, GA BISA DICANCEL JUGA, GA REKOMENDED BANGET BUAT YANG MAU CARI MAKAN DI GOFOOD",1
lumayan lah,5
"apk ga jelas, setiap mau pesen gofood slalu ga pernah dapet driver, parahnya gabisa di batalin orderannya, udh 4x pesen ga dapet"" drivernya",1
gojek skrng ngeselin. pesen goofood nunggu sejam udah dapet driver nunggu 15mnt di batalin,2
ok baik,5
gojek dateng sangat tepat waktu,5
tingkatkan lagi lah diskon makanan nya,5
kalo bisa ketika kita pake jasa gofood ekspres driver gausah dapet double order.,1
drivernya sama apknya kurang professional..,1
expressssss,5
membantu saya menjemput anak sekolah,5
ok bgt,5
sangat membantu sekali disaat lapar,5
"Gofood nya ngga banget, keburu lapar malah ngga dpt driver, mo batalin ngga bs harus nunggu 2 jam buat batalin pesanan..selak mati keluwen",2
gud,5
"sangat lama mencari drivernya, harus prioritas dulu baru di terima, pokoknya gabisa di andelin lah",1
makasih apps hebat,5
sekarang ribet... gak sesuai titik gak bisa pesan..,2
"Suka, recommended 👍",5
nice..,5
baik,5
"bayar mahal tapi susah mendapatkan driver,,,, padahal terdekat ada driver.... sangat mengecewakan",1
gak makasih,1
ok,5
sangat nyaman,4
"aplikasi aneh gk bisa shrelok, sering di gantung sama driver, jaringan ny juga gk stabil telpon atau Chat, bagusin lg aplikasi nya klo mau maju",2
"Driver sekarang kalau rutenya dekat dengan harga murah apalagi dg pot/diskon. malah gak diambil, minta di cancel-lah, jarak jmputnya jauh-lah, banyak aja alasannya.. padahal kita lagi butuh bgt, malahan driverny MINTA TAMBAHAN UANG lebih gede dr nominal orderny , kalo sifatnya darurat yg saya alami gak membantu sama sekali. terutama buat DRIVER CAR TIDAK AMANAH",1
toop👍,5
kendaraan bersih dan sikap driver ramah2,5
"semakin lama AQ pakai aplikasi ini semakin bikin emosi. sekali msh maklum,dua kali sdh mulai jengkel.kalo blm selesai antar penumpang jgn ambil.penumpang lainnya. driver boleh cancel seenak perutnya sendiri tapi costumer g boleh cancel aplikasi macam apa ini.seenaknya sendiri.",1
aplikasinya keren,5
sangat mudah digunakan kan terjangkau harganya,5
mau lihat saldo gopay aja lama banget. servernya murah kali atau para developernya yang dongok?,1
"baguss, tp saran saya better di adain metode pembayaran yang lengkap, sprti dana, dan lain sebagainya",4
mantap,5
"sangat puas ,driver nya ramah ,penjemputan nya tepat waktu",5
"begonya gojek, sok pakai ai yg atur kenapa saya di Singapore tidak bisa pakai untuk gojek do Indonesia bukan itu namanya sok jago, lama lama bangkrut gojeknya",1
"terlalu lama mendapatkan driver sekali dapat dapatnya yang jauh padahal banyak driver yang standby didekat area, apa sistem gojek downgrade ya? sangat tidak memuaskan cuatumer",1
jelek,1
kapan tema darkmode di app nya riliss😒,4
bagus,5
sangat membantu kebutuhan situasi darurat bisa gofood juga .. sukses selalu yaa,5
ok,5
aman,5
ok,5
Helpfull,5
trima kasih memuaskan,5
oke,5
aplikasi berjalan cepat respon cepat keren.,5
Sangat Membantu,5
terbaik,5
Sangat membantu. Cuma hindari pemblokiran krn aku gagal pesan 3X. Mkn dibuat jd suspend 15mnt stlh 5X pesan.,5
semua menjadi mudah.terimakasih.,5
bagus dan nyaman,5
"jangan di dowload plis, masa mau daftar akun harus tunggu 30 jam ? !",1
mantap goje,4
okee,5
sangatt membantu untuk pergi kemana²,5
"gila ini gopay pinjam gua baru juga terlambat satu hari , minta ampun dah di tagih nya maksa banget, sampe ngancem segala juga , gua pake spinjam meskipun terlambat 4 hari nagih nya ga sekeras gopay pinjam , padahal gua pasti bayar ga sampe ga kebayar",1
lama nungguin nya udah di sken 5 kali kagak ada yang respon,1
👍👍👍👍👍,5
good job,5
mantap,5
pelayanan para driver ok,5
pesan gocar ga ada yang mau,1
keren sih,5
"menanggapi kompalin saya atas dana yg tidak kembali ke akun pd saat proses pelaporan hingga sekarang melebihi 7 hari kerja dan dana tidak kembali,setiap di tanyakan kembali sll di jawab sdg dlm proses. sangat buruk penyelesaian masalahnya",1
Pengalaman paling gak enak itu di layanan gocar. 1. Driver berargumen kasar ke pelanggan saat ditanya posisinya. 2. Jarak dekat tidak diambil.,1
mantap,5
good,5
mempermudah kalo lagi lapar dan ngojek,5
semua ok👍👍,5
happy,5
"kenapa kenapa maps di rubah,promo sedikit,mahal pula",1
sangat bagus,5
i can explore everything with gojek thanks for it,5
bagus dan tidak mengecewakan,5
Aplikasinya fast respon dan bila drivernya ramah dan tepat gak rugi kasih tips. Semoga terjaga & makin ditingkatkan mutu aplikasinya. Sukses 👍,5
gopay parah layanan cs x,1
bagus,5
nice,5
eror disaat butuh buru buru,1
alhamdulillaah selama ini pake gojek enak2 aja,5
aplikasinya sangat membantu...😎,5
"Makin lama makin lemot...Setiap ada kasus tidak berpihak pada customer, buat laporan tidak jelas penyelesaiannya",3
"pesen go ride selalu dapetnya yang jauh banget gojeknya padahal disekitar nya banyak gojek lain...makin tahun harusnya makin bagus pelayanan,tapi makin kurang👎👎",2
"bukan salah driver nya, tp lbh ke app nya aja.. sllu arahin di jalan yg lbh jauh setiap kali beli gofood.. trus lama bgt gak ada driver, giliran battling sepihak dr app nya, tarif nya naik.. hih",3
tidak ada driver samasekali.,2
"woi tolong kah kalau dapet driver tuh jangan jauh jauh, terus hukum driver yang gamau Nerima penumpang pas dapet driver di stasiun",1
menyenangkan,5
bebaskan bos gojek,4
always good,5
"Selama ini pake gojek aman² aja, tapi kemarin tanggal 7 januari 2026 saya ngalamin hal yg tidak mengenakkan, disituasi saya lagi terburu² driver ga ada chat, & saya chat ga di bls², tapi saya pantau di maps ga jalan², karena saya ga mau nunggu yg ga pasti, akhirnya saya cancel, & saya pesen lagi gojek yg baru, gojek pesenan saya di ikutin sama driver yg saya cancel, saya di maki² depan banyak orang, & sudah saya kasih uang cash seharga tarif yg sy cancel 50ribu pun, abang ojolnya masih ngedumel",1
The Best lahhh...,5
ok,4
perna belanja di pasar,5
ok,5
belum pernah kecewa sejauh ini,5
aman terpercaya,5
"gofood lama lebih dari setengah jam, padahal jarak gak jauh... parah parah. driver nya masih disuruh ambil orderan lain makanan yg gue pesan jadi dingin....",1
"apasi ni aplikasi udah beberapa kali pesen makan gaada driver terus, mana lama banget lagi 40menit-1 jam nunggu, ga bisa di batalin lagi hadehh sabar udah tapi ini melebihi batas 3 kali loh batal terus gara gara gaada driver, kek ga niat drivernya, busuk amat aplikasinya dah, kalian jangan download dah ga recommend",1
"Gojek Plus gak bisa dibatalkan, gak ada tombol pembatalan, saya sudah uninstall 😡",1
lama pesen makan doang 1 jam. cari driver aja 1 jam ga dpt²,1
"terlalu lama jika butuh 1 jam saat tidak menemukan driver food untuk dicancel, minimal 25 atau 30 menit, kasihan yang kalau udah lapar disuruh nunggu sejam lagi buat cancel, yang tinggal di jawa enak mungkin banyak driver, ini kalau di luar pulau jawa kan sepi driver food.",1
kecewa banget ama gojek sudah menunggu berjam jam sampai adek nangis nunggu makanan yg lama tak dang setelah 1 jam lebih menunggu malam di cancel kecewa beratt,2
"gojek di Merauke ini bikin malas,selalunya tidak ad yg stanby ,pokoknya mending punya motor sendiri",1
baguss,5
"min, gojek nya bisa gk sedia di tablet/iPad hp ku rusak soalny",4
sangat membantu,5
"Masak beli makan mudah, warung ga jauh, suruh nunggu lebih dr 1 jam dibatalin ga bisa, dilaporin ga bisa",1
"Alhamdulillah. pake beberapa kali, sangat memuaskan",5
"kecewa bgt pliss,mesen makanan ud 3x tapi di batalin terus krna ga dapat driver,pdhl tempat nya strategis,ud coba ganti metode ttp aja,sesusah itu ya nganter pesenan doang? pdhl saya pesan nya ga tengah malam loh,ga mungkin dong sibuk bgt sampe ngebatalin berkali"",tolong deh gojek, perbaiki,kecewa bgtt,mana ga jadi makann pdhl ud laper bgtt,ud nunggu 1-2 jam lebih,eh tau"" nya di batalin",1
sangat membantu,5
"kurang suka sama updated aplikasi terbaru krn di gofood kita ga bisa lihat posisi driver sampai mana. live map nya dihilangkan. hanya ada kisaran waktu akan sampai, tp itu jg ga akurat dan tidak update. plis balikin kayak sebelumnya.",4
Sangat PUAS,5
"aplikasi gajelas , pesan gofood Uda sejam lebih ga dapat"" driver , terakhir alasan stock di resto habis , untung saya gada asam lambung , ga kebayang yg punya asam lambung apa ga meninggal tuhhh , sebenarnya udah sering kaya gini tapi saya bodoamat , sekarang udah ga tahan dengan aplikasi ga jelas ini , makanya saya speak up lewat sini , hati hati ya gais",1
tambah promonya,5
sangat membantu,5
"sudah 5x saya mendapatkan pelayanan yg buruk terhadap ojol , saya kapok dan harganya mahal di banding aplikasi sebelah",1
memudahkan dan ramah,5
"untuk menyandingkan/mencari driver masih tergolong sangat susah, padahal jarak dari lokasi penjemputan cukup dekat",3
memudah kn saya,5
sangat membantu,5
aplikasi serba guna👍,5
terlalu ber belit2 mau ganti pin aja malah saldo gopay hilang,1
"baru coba aplikasi gojek, tapi ternyata aplikasi ini ga sebagus itu. saat saya mau pesan pake fitur 'pickup' ada² saja kendalanya. udah nunggu lama, masih aja ga di perbaiki.",1
terpercaya seklaii,5
good,4
good,5
"Sekarang GOPAY PINJAM sangat mahal dan mencekik, tiba-tiba berubah besaran bunga dan potongan tiap pinjaman nya, sebulan pinjam 1.000.000 potongan provisi 1% = 10.000, kini naik 5,30% = 53.000, bunga untuk 3 bulan pinjaman itu 1,0% kini 1,99% .. kini biaya layanan 4,28% X3 (3bulan) luar biasa menyamai LINTAH DARAT",1
"Aplikasi gofood aneh payah gak jelas. Harusnya kalau gak dapat driver atau lama nunggu driver ada pilihan batalkan pesanan, bukan harus nunggu satu jam gak jelas baru bisa batalin.",2
sangan Ter bantu sekali,5
l tidak ada kebijakan dari admin gopay,2
harusnya saldo bisa di tarik itu hak kami ko di cinci tidak bisah di tarik sy punya saldo 831000 itu saldo sy butu sikali sok mau sy pake bayar mobil kasian🙏🙏🙏,1
"semamkin susah nyari driver. sudah lama dapetnya, pas sudah dapet malah di cancel gak bagus percuma ada aplikasi gojek kalau tidak bisa digunakan",1
Rekomemdasi.. super apps ...,5
ujan2 mas nya nyari alamat map yg kliru dan akhirnya ktmu mksih ya udh tlaten,5
pokoknya bagus layanannya,5
ramah baik,5
sangat membantu jika ingin beli makanan tapi malas keluar rumah dan juga membantu dengan Transportasi gojek nya,5
Kocak gabisa didonlot,1
mantap,5
membantu banget,5
aplikasi gak jelas masa tiba tiba ada Chet masuk dari pinjol kan aneh nhe aplikasi,1
kerennn,5
aman aja sih.,5
aplikasi mantap,5
karena sangat membantu saya,5
"isi saldo blm masuk"" dan tidak ada kebijakan dan tanggung jawabnya responnya lama",1
bintang 5 tapi ku bukan ancaman,5
mobil nya wangi buanget... driver nya ramah....,5
cepat sopan gercep,5
"kurir motor nya sekrng susah ditemukan, kita ngorder utk pengiriman instan di apk marketplace. kadang berhari2 susah nemu nya.",1
Efektif dan efisien........,4
aplikasi yang sangat membantu kita dalam keseharian. baik perjalanan ke kantor atau berbelanja.,5
oke,5
B aja,5
"daftar aplikasi mudah. pesan 2/3menit C4 DTG. driver/gojeknya nya ramah. layanan semua baik&membantu layanan masyarakat,maju terus👍🏻👍🏻👍🏻💚🇮🇩🙏.",5
Lumayan membantu untuk saya,5
keren,5
mantap,5
"Emosi pake aplikasi ini,bisa sesuka driver membatalkan tanpa persetujuan penumpang Preeettt lahh",2
"susah dapat driver gofood, Tunggu sampai 1 jam lebih, tetap tidak dapat, dan berakhir di batalin😠",1
pada saat ingin memesan dan ingin memilih tujuan tidak bisa,2
"carii driver lama banget, baru bisa cancel stelah 1 jam ga nemu driver. ujung2nya di cancel apps sndiri krna ga nemu driver. anehh, ga make sense. buang2 waktu",1
Sangat Suka!,4
"bermanfaat, sangat bagus.",5
Mantap,5
OK,5
Bagus banget pokoknya buat Gojek seruuu,5
tolong buat pegawe gopay pinjam kalo nagih cicilan gopay pinjam yang sopan yang sabar saya telat juga pasti bayar ko ga akan ga bayar ini mah terus aja nerror sama spam data data saya dipake,1
mempermudah urusan dan aktivitas,4
baik,4
drivernya gak mau ambil orderan babi,1
bagus,5
"mesen food ongkir nya ga masuk akal mahal banget sedangkan masuk di drivernya kecil banget, beda sama grab ongkir nya murah jadi masuk di drivernya kecil sesuai kita bayar ongkir nya",3
Go food,1
baik,5
egk menjamin keselamatan saya naik gojek sudah di tipu di peras duit saya di ancam oleh tukang gojek nya,1
pelayanan nya ramah dan tidak mengecewakan.ongkosnya juga terjangkau.pilihan terbaik buat kita kemana pun,5
mantap,5
mantab,5
"selama saya mengunakan ojek, untuk keluarga saya, Alhamdulillah, puji Tuhan, astungkare, mereka baik2 dan mendengar permintaan saya ..semoga selalu berhati baik ya para gojek.💪💪💪",5
Sangat membantu,5
mantap,5
cepat tanggap tuntas..,5
"sangat membantu sekali,, ketika orang tua tidak bisa mengantar sekolah anak,",5
"Jaringan aman, gaada masalah, setiap order gojek selalu lama kena ke driver nya, bolak balik saya telat hanya karna menunggu gojek nya lama banget kena drivernya",1
JD mudah untuk pergi ke mana saja & di manapun..,5
bagus banget,5
saya pengguna aktif gojek tp akun saya mendapat bintang 3. padahal lbh 600x saya menggunakan gojek.,1
semoga semakin bagus ya,5
"mantap, murah",5
saya bingung dengan kebijakan gojek saya pinjam di gopinjam malah tidak bisa lagi... padahal saya tidak pernah telat sedikit pun membayar saat akhir bulan... sebulan tanggal nya aja udah saya bayar... tapi kenapa saya mau pinjam malah tidak bisa lagi (pengajuan di tolak) kalau emang udah gak bisa di pakai lagi mohon data saya di hapus/hilangkan saja... saya tidak mau lagi pakai aplikasi yg aneh kayak gini... saya meminjam di mana pun tidak ada kata telat sedikit pun untuk membayar cicilan...,1
mantap,5
layanan baik dan prima,5
Nominal tarifnya suka berubah-ubah jadi lebih mahal Pas awal karena lama gak dapet driver pas mau ulangi cari lagi jadi naik tarifnya,3
"tarif nya kadang ngk masuk akal, mending di uninstal.",1
bagus banyak promosi,5
Udah pokoknya oke.. ttp semgat para pejuang rupiah untuk keluarga yg mennti dirmh,5
pelayanannya baik,5
memuaskan,5
mantap,5
gak amanah pesen instan malah di gabungin paket lain gua pesen instan karna urgent woy. mau untung tapi ngerugiin waktu kami sebagai customer.,1
🤩🤩,5
bagus,5
"gojek skrg tibet, kita udh nunggu makanannya tiba2 driver batalin dan kita harus nunggu sesuai jam yg di sesuaikan, itu juga kalo dapet driver",1
cepat dan nyaman,5
layanan cepat & tepat,5
"SANGAT SANGAT. TIDAK DI ENAK KAN MASA DARI TADI TIDAK DAPAT DRIVER. TAPI BANYAK ORANG YANG DAFTAR GOJEK MENUNGGU LAMA 3 BULANAN, TAPI SAYA SEBAGAI PELANGGAN DARI TDI TIDAK. DAPAT MENDAPATKAN DRIVER , BAGAIMANA INI PERUSAHAAN GOJEK.?",1
"gofood jelek lama dapet drivernya 60 menit lebih tau tau di batalkan, tolong perbaiki layanan gofood yang dulu",1
apk gblok,1
"pertama, upah 5000 (goceng) tidak manusiawi. driver reguler sulit dapat order dibanding driver goceng. dampak negatifnya berantai bagi para driver. kedua,titik jemput food yang jauhnya luar biasa masih ada,dengan waktu jemput singkat pula. tanpa pertimbangan kondisi jalan. seakan menyuruh driver membalap.",2
jos,5
sangat membantu,5
perfect,5
ok,5
waktu tunggu kelamaan 1 jam bru bisa cancel. ujung²nya ga dpt driver.,1
aplikasi gak jelas..,1
tp kurang dpt promo,3
"penyesalan dalam hidup gua.cukup sudah terahir malam ini aja .naik tranportasi Alp gojek, udah harga naik jam sibuk sampei 10rb gua nunggu dreper 40menit, Najis gua pake gojek lagi. gua hapus di hp gua..",1
"selalu banyak promo, cuma kadang gak ngerti cara pake promo langganan gojek plusnya. tapi sejauh ini bagus"" ajaa.",5
sebenernya sering bgt gofood tapi makin kesini makin gaada gratis ongkirnya biasanya selalu dapat bonus,1
"Kenapa setelah diupdate justru pesan pengantaran di ojek gofoodnya tidak bisa mengirimkan foto ya dari media penyimpanan, karena untuk patokan saya memesan makanan ke keluarga saya yang berada ditempat yang berbeda.",5
kebanyakan biaya..cntoh makanan yg cma kurang dri 20 rbu..ada tambahan ini dan itu dri aplksinya..jdi 50 rbu lebih..kacau,1
gak usah pakai aplikasi gojek lg bos udh menyiksa para driver nya ongkos 5rb mibyak aja udh 10 aplikasi biadab ne,1
mantappp,5
"saya gopood pake promo diskon ongkir ga pernah dapat driver, saya tunggu lama² sampe terlambat tetap aja ga dapat driver, rela nahan lapar tapi mengecewakan:(",1
bagus bangget,5
"payah saya lagi beli pulsa untuk ketiga kalinya tpi tidak bisa karena sistem mendeteksi ada aktivitas yg tidak wajar padahal saya hanya isi pulsa, sampe skrng akun sayaa masi tidak bisa untuk ngisi pulsa/kuota karna hal tersebut tolong di pulihkan akun saya dan perbaiki",1
good,5
buruk dan mengecewakan,1
mau jadi maling kah aplikasi ini,1
lemot bgt,3
sangat berguna sekali,5
"di edukasi lagi drivernya. yang nentuin harga dari gojek bukan dari customer. kalo pake promo jangan malah ngedumel selama perjalanan. bawa motor nya juga bikin orang jantungan. saya baru kali ini Nemu driver attitude nya minus bngt. mana saya diturunin ngga sesuai titik. mohon pihak gojek lebih mengedukasi lagi sama driver"" diluar sana..",1
jos,5
ngasih voucher tapi enggak bisa di klaim kodenya percuma banget padahal syarat udah terpenuhi.. asem emang cuma narik orang biar langganan goplus,1
keren bangat..udh berlangann selalu Poko e,5
"sekarang agak kecewa dengan kualitas gojek,pagi2 mau pesen gojek untuk anak berangkat ke skolah driver nya ada tp GK mau ambil orderan Krna aku milihnya paket hemat pdahal itu kan kebijakan dari kantor gojek,ya karna setiap hari aku pasti pakek aplikasinya buat trip anak sekolah wajarlah aku pilih yg goride hemat..",2
selalu dapat promo,5
bagus tapi susah dapat voucher atau promo,5
ongkirnya mahal bangett padahal cuma deket,1
"dapet nya jauh terus, mana mesennya lama, samping saya baru mesen langsung dapet paling deket",1
jaya jaya jaya,5
mereka sangat lama dan tidak mau menjemput sangat malas,1
oke baik,5
bagus,5
y udh pakek aja🤓🤓,5
Bagus,5
sangat membantu dikala musim hujan dan badan mager..,5
best app,5
lengkaaap good,5
ok,5
"untuk sekarang bintang 1 dulu buat gojek, produk lokal yg udh mulai tumbang. Kalah telak dengan kompetitor yg memberikan voucher murah, termasuk gofood yg udah hampir gak ada voucher diskon/ gratis ongkir.",1
"pesen gocar dari jam 12 siang smpai jam 3 sore di batalin semua sama 5 driver mungkin karena jarak cm 4 km dan di aplikasi cm bayar 10 ribu, itu sudah buang waktu saya selama 3 jam, dan gojek tidak memberi saya kompensasi apapun karena terakhir cm di beei tau kalo semua driver sibuk .. 3 jam saya terbuang ..",1
"gojek terang² sudah melakukan penipuan,top up lewat driver ada notifikasi saldo masuk 28,500 tapi pas saya tekan notifikasi nya saldo masuk itu tidak ada ,hati-hati buat kirim uang ke gopay ,saya di suruh kirim bukti kata cs nya , padahal tidak ada riwaya cuma lewat notifikasi buktinya,mana gue tau kalau bakal kejadian , kalau tau gue ss tu bukti notifikasi",1
Sangat bermanfaat,5
Terima kasih sudah antar anak saya dengan selamat sampai di rumah,5
mantap,5
Aplikasih ini sangat membantu saya untuk kemana saya pergi Gojek Transportasi yg nyaman,5
ribet verifikasi wajah ga pernah berhasil aplikasi sampahhhhh,1
Goodd,5
luar biasa pokoknya,5
driver terpercaya,5
"Gojek aneh. Banyak driver yang lebih dekat, tapi saya harus menunggu lama, karena menunggu driver yang jauh... Sangat tidak rekomendasi kalau lagi buru2..",1
"GO-MART nya ga rekomendasi apalagi klo kita pesen apa di kiriman apa, kelamaan proses nya klo salah kirim harus nunggu ber hari""sedangkan barang nya kita butuhkan, pihak gojek ny yg salah malah cust nya yg repot kocak banget",1
sangaat membantu sekali,5
g ribet,5
sangat membantu,5
lancarjaya,5
"makin kesini makin jelek, masa nomor baru gofood nya gada gratis ongkir sama sekali. ga kaya dulu!!!!",1
saya kecewakan,3
"ini kenapa ya pelanggan bayar 100% tapi yg diterima driver hanya 20% dan banyak yg ngeluh mapsnya ngak bisa dijangkau dan ngak sesuai dengan google maps dan maps gojek itu buat jalur sendiri padahal rutenya itu ditutup permanen(di tembok) kalian jangan suka ngafirin dan ngebodohin orang kecil, jangan suka maksain kehendak kalian sendiri kalian bukan apa2 tanpa adanya driver lol. yg beli motor,bensin dan kuota mereka tapi mereka hanya kebagian 20% kalian hanya bermodal aplikasi seenaknya kedrver",1
bagus,5
bagus sekali,5
bagus,5
berguna,5
mau ganti layanan favorit setengah mati. apa gak bisa dibuat lebih mudah?? apa memang sekarang gak bisa diganti?? menyusahkan bukan memudahkan,1
ok bgt,5
ok,5
bagus,5
Terimakasih Gojek sudah membantu dlm perjalanan saya 😊,5
"Aplikasi mudah digunakan, driver okey okey",5
Bagus bisa diandal kan,5
membantu,5
driver so polite,5
"gojek sekarang mah mahal mahal masak beli nasi pecel 1bungkus aja ongkirnya hampir yang expres 19ribu makanan nya 9rb , masak makanan sama ongkirnya mahal ongkirnya !! beli di gojek pakai uang 20ribu sekarang mah gak laku beli makanan gak cukup rata"" ongkir dan makanan nya hampir 40ribuaan itu pun udah kepotong ongkir, semakin lama gojek semakin gak ngotak , aku kemarin do makanan cuman ayam geprek 1bungkus dan ongkirnya itu pun bisa sampai 55ribu , tolonglaah di perbaiki",5
MANTAP👍👍,5
kenapa verifikasi face saya nggak bisa masuk ke akun?,5
"fitur lupa pin tidak dapat dipakai, masa dari seminggu yg lalu notif server sedang sibuk terus. saldo saya jadi macet, cs tidak bisa kasih solusi. gojek kyk ular tanpa kepala",1
sangat membantu dalam kehidupan ku dalam berbelanja,5
"pokoknya the best,ngk pernah ngecewain🥰🥰",5
GOOD DRIVER,5
suka suka suka,5
cepet dan perjalanan lancarrr,5
sangat membatu aku suka aplikasi ini,5
"Sebenarnya aplikasinya bagus, membantu aku yang lagi banyak tugas. cuman titik lokasinya kadang-kadang eror, aku ga pernah ganti alamat bahkan alamatku cuman 1 aja yang tertera, alamat yang diterima drivernya malah beda terus jauh banget dari tempat aku. Jadi tadih aku dibentak drivernya, aku paham drivernya pasti juga cape, tapi saat itu aku juga lagi cape banget tugas aku numpuk, sampai drivernya datang dia marah-marah lagi, itu malah bikin aku tambah cape juga. tolong diperbaiki 🙏🏻",4
hemat,5
nice,5
sangat membantu,4
sekarang kalau cari driver bisa2 setengah jam... driver deket banyak tapi sistem ngambil driver orang jauh... dasarrrrrrrr,1
"Pengen Jdi Driver Lg Dulu Punya Akun Driver Tpi Tiba2 Di Hack Orng,Berakhir Putus Mitra..",5
juara,5
mantap,5
"perhitungan perhitungan rute ketika pesan goride sangat buruk, jarak dari tempat jemput ke tujuan cuma 0,20 km. tapi di hitung 6 km, jlan yg di pilih driver pun cuma 0.20 km. knapa di hitung tarif 6 km.",1
makin kesini makin kurang bagus mohon di tingkatkan lg aplikasinya .,2
bikin hari Rabu 7 Januari 2026/2027 Toyota V E L O Z,5
merasa terbantu yah dengan tranportasi gojeg,5
nyari driver susah ongkos mahal,1
keren,5
pengiriman cepat,5
sangat membantu,5
"Oi kalo titik terdekat jangan jadi penjemputan paokkk, tapi titik user itulah titik penjemputan. Jadinya kan user nya yang nyamperin driver bukan sebaliknyaa ah",1
"aplikasi sampah, jaringan lancar tapi pas dimenu utamanya load buka youtube, tiktok, ig aja ga buffering. ga bakal lu bisa bersaing sama yg lain kalau servermu sendiri down",1
Pokoknya puas,4
"sangat membantu sekali,drivernya amanah,sopan dan tdk ugal²an saat mengemudi..",5
"Drivernya di sini, sering maen cancel cancel sendiri tanpa alasan apapun, ga jelas dan ga nyaman banget",1
mantap,5
ok,5
good...,5
apk ini sangat cocok buat kalian yg mau berpergian jarak jauh maupun jarak dekat mantap 🤗,5
"sekarang gocar mobilnya banyak yg bau asap rokok, aku sudah beberapa kali naik gocar selalu begitu, yg sebelnya lagi waktu plg dr rs anakku abis dirawat karna pneumonia pas mau plg pesen gocar eeehh mobilnya malah bau bekas asap rokok tolong gojek selalu dipantau deh mitra mitra pengemudinya agar selalu menjaga kebersihan mobil, agar penumpangnya nyaman",3
bermanfaat,5
Drive nya baik dan ramah,5
ni aplikasi buruk yg sekarang.masalah driver gak da tmpat buat laporin. memdimg pelayan kacau,1
sangat membantu,5
membantu pelayanan masyarakat,5
Nice aplikasi,5
banyak fiturnya simple menggunakan nya,4
"banyak komunitas diluar gojek dan kebanyakan gak mau jalan apa lagi kalo ongkos murah,padahal suka saya lebihkan gak banyak, saya 40k/hari sma sama cari duit,kalo saya punya duit juga mending jadi gojek,gedean jadi gojek salam dari Sukabumi",2
"10 tahun sudah berlalu sejak berlangganan gojek, hampir semua udah kucoba gojek gocar taksi gofood goshop gosend dll, jarak jauh dekat udh gak terhitung. mulai hari ini aku hapus akun dan gak akan pernah lagi install aplikasi ini.",1
sangat mudah cepat dan mantapp,5
sipp pokok e👍👍👍👍👍,5
kmrin hemat ongkir+banyak voucher potong harga skg kok mahal ongkirnya,3
semangat,5
sipb,4
bagus,5
ok,5
makin hri mkin mahal.,1
ok,5
buat yang mageran... cocok lahh... untung ada gojek,5
good,5
josss ttp semangat,5
mantap deh jadi kalau mau kemanaana tinggal pakai gojek cobain deh sekarang,5
okay,5
jozzzz,5
good,5
selalu datang tepat waktu oke deh,4
"sebenarnya saya senang dengan kinerja aplikasi ini , namun akhir akhir ini pesen gofood udah pake express , tetap ga dapet dapet driver , makanan yang estimasinya 40 menit 2 jam ga dapet akhirnya terpaksa cancel , sudah kejadian 4 kali seperti ini.",3
"ui nya bagus bgt jir, rispek sama frontend dan backend nya dah",5
"aplikasi apaan awal awal iya bagus makin sini main ribet, lg ga ujan susah dapet driver. Ngegofood nunggu seharian gmna ini? mana gabisa dibatalin. Perbaiki dong sistemnya. Makin sini makin rumit gajelas aplikasinya.",1
G O O D,5
ga ribett!!!! tinggal pesan langsung datang,5
banyakin promo gofood nya dong jngn mau kalah dngn apk orange sebelah,5
mantap gojek,5
Gojek emang oke. . sukses selalu,4
mantappp✨,5
cukup bagus,4
sangat membantu,5
mantap,5
"mohon maaf, bukannya ngga suka, tapi driver gocar sering ngga mau terima order kalo lagi promo atau tarif lagi murah, mohon di tindak lanjuti untuk driver gocar yang seperti itu",2
baik dan ok,5
prikitiwi nice,5
"ini kenapa setiap pesen gocar dapetnya yg jauh"" terus. padahal di maps ada driver yg Deket malah dikasih driver yg jauh maaf kasih bintang 1 bikin orang susah aja apalagi dikejar waktu kalo sudah diperbaiki nanti saya ganti bintangnya",1
"gofood skrng jelek, gabisa cari menu. cuma bisa pencarian resto. dulu setiap cari makanan sering muncul keterangan menu yg ada di resto itu. sekarang setiap cari menu malah muncul resto ga jelas. padahal di resto itu gak ada menu/nama makanan yg kita cari.",2
ok,5
sangat membantu sekali terimakasih,5
ko gk bisa di install,1
bintang 1 aja,1
matab full bagus lah,5
driver nya sabar,5
jujur ya saya kecewa sama gojek. saya ada salah kirim tips. harusnya untuk driver last order saya tapi kepencet mala h kekirim ke driver sblmnya. saya mnta untuk di hub driver tsb katanya gag bs. kalian pake sistem. apa gunanya itu. CS juga bego. saya mnta no driver yg sblmnya biar saya yg telp sendiri pun gag dikasih. dasar bego. terakhir saya pake gojek. mending grab,1
sangat membantu kita mau bepergian kemana saja tidak perlu khawatir tidak ada angkutan,5
gojek selalu di hati semoga para driver amanah dan profesional dlm melayani customer 👍🙏,5
dipaksa kasih *5 huhuhu,5
mntap,5
sangat bermanfaat👍,5
bagus mau pesen makanan juga tepat waktu,5
tidak bisa daftar mitra kendaraan roda 2,1
"kenapa saya gak bisa pakai gopay pinjam yh,,? padahal saya mitra juara",5
"Selama saya gunakan gojek, insya Allah selalu aman & terpercaya.",5
sangat membantu kebutuhan masyarakat Indonesia,5
"mahal, males banget jarang ada promo, mana gaada gratis ongkir lagi huh",1
sangat membatu untuk transfotasi,5
mantap antar muka yang mudah dan simpel,5
keren mantap,5
biar bintang yang bicara,5
menyenagkan,4
Sangat membantu,5
sejauh ini pengunaan gojek Sagat baik,5
joss,5
sangat terbantu memuaskan,5
LEMOT,1
"Di dalam aplikasi, biaya telah dirinci secara jelas, meliputi biaya pengiriman, biaya kemasan, dan pada kondisi tertentu biaya parkir. Namun dalam praktiknya, pengemudi masih kerap meminta biaya parkir di luar aplikasi, sehingga menimbulkan kesan adanya biaya ganda. Mohon agar mekanisme biaya parkir dapat ditata lebih konsisten. Pertanyaannya, apakah biaya di dalam aplikasi tersebut tidak tersampaikan dan ter-deliver ke driver?",1
Selalu mudah buat belikan makanan orang² tercinta. walaupun beda provinsi atau beda pulau. Go Food Oke banget,5
sangat membantu,5
waktu jemput cepat dan drivernya ramah,5
"hubungin gojek customer service malah dibuat bingung karena ga ditangani dengan baik😹 padahal minta bantuan buat downgrade gopay plus di akun lama yang hilang akses malah disuruh login, kalo gw inget juga ga bakal minta bantuan internal kocak😹",1
ok,5
"tolong ya min iklannya ga usah maksa, lagi baca webtoon, baca novel, tiba tiba masuk ke apk padahal ga pencet apa apa loh tolong di perbaiki lagi",3
"aplikasi bug parah, gue order goshop uda driver minta cancel alasan duit tunai ga ada, masa order ulang 3x dpt org sama terus gue yg diblokir!!!!!",1
gak worth it sudah 2 kali pesan go food..ga sampe² ..tiba pembelian batal..padahal sebelumnya udah d konfirmasi sama driver nya..tiba di batalin..gak banget dehh pake apk ini lagi..,1
aplikasi paling siru sehri biso ngsh notifikasi 20kali bahkan lebih terkadang ngsh notif yg dk terlalu penting2 nian aku selaku pengguno meraso teganggu tiap saat selalu di kirim notif yg dk penting!,1
bagus,5
sering ngelg jelekkkk,1
"semuanya bagus makasih udah membantu saya pergi ke sekolah, saran saya kasih harga diskon plis atau turunin untuk pengguna sekolahan atau kuliah. in this economy go ride terlalu mahal untuk anak sekolahan 🥹",5
semoga terus bisa memberikan pelayanan terbaik dan harga yg terjangkau bagi semua kalangan,5
menyenangkan,5
Mantap,5
Saya banyak terbantu dengan adanya Gojek ini,5
aplikasinya mantab,4
"Saya ingin menyampaikan masalah pada sistem pemesanan: Saat pengguna baru atau pemula sudah mendapat satu driver, terkadang tombol pesan berikutnya kepencet otomatis, sehingga memesan driver kedua. Hal ini menyebabkan dua driver datang sekaligus, akhirnya terjadi kebingungan atau keributan. Sebaiknya sistem membatasi order baru jika pengguna sudah mendapat driver, kecuali cancel dari pengguna atau driver. Mohon pengertiannya untuk customer dan driver, agar pengalaman lebih aman, nyaman, dan adil",5
sangat membantu,5
good,5
Aman n nyaman,5
kurang pantas,1
"sos buat para cs goride. kita driver ada batas speed 50 km/jam. lewat dari itu driver kena notif dari gojek. mohon ikuti sop dan kerjasamanya. jan mau enak sendiri, tak lupa pake helm wajib",1
sangat bagus aplikasinya,5
Alamat di GO-SEND tolong sesuaikan ******,1
aplikasi ini sangat nyaman amaan dan cepat untuk transportasi umum berbasis apk,5
Ok,5
saya puas sekali.,5
mks terbaik,5
bagus👍,5
sangat membantu sekali agar nyampe kantor tidak terlambat.,5
aplikasi mantap,5
mantap surnataf,5
"Sangat membantu, dikala maraknya harga tembak.. tolong untuk gojek bisa masuk juga dong di bandar udara pekanbaru",5
setiap milih driver pake promo yg murah pasti di cancle sendiri. gjls,2
"driver selalu ramah ,sopan,Harapan buat gojek agar selalu mengedepankan kesejahteraan para drivernya .",5
"Oknum DC & FC gak ada etika, cut off aja PT Mapan Global Reksa (Findaya)",1
keren,5
Mantap selalu tepat waktu saat penjemputan dan sampai tempat tujuan...top markotop...,5
penjemputan cepat,5
Mantapppppppppppp,5
"Tiap pesan GoCar wilayah NGANJUK, driver selalu menolak dengan berbagai alasan !",1
"biaya penanganannya sangat sangat mahal sekali,jadi tidak berniat untuk membeli lagi",1
sering dicancel,3
mantap,5
the best,5
jossss,5
Alhamdulillah sukses selalu semoga berkah,5
"Kasian liat drivernya sekarang aplikasisinya terlalu rakus. Bukan lagi komisi 20% sudah menjadi 50%, ongkos besar tapi yg di dapat driver kecil. 👎👎👎👎👎👎👎👎👎👎👎👎👎👎👎👎👎👎👎",1
"Min, tolong dong cara menghapus catatan atau riwayat pengantaran pesanan, karena seharusnya saya hari ini pesen minuman untuk saya sendiri, tapi karena catatannya itu saya tujukan untuk driver gojek, jadi ada kesalahpahaman, karena saya dulu sempat tulis memang khusus untuk driver gojek, niatnya berbagi, kirain saya itu bisa di hapus secara otomatis atau pas pesenan hari itu catatanya sudah ke hapus, dan ternyata tersimpan dan permanen, jadi apa yang saya pesen untuk diri saya tidak sampai.🙏😇",5
"gojek skrg knp ya gabisa mantau driver, driver tiba"" sampe rumah aja. jadi ga nyaman",3
bagus,5
"suka banget pake gojek, prefer gojek drpd apk lainn, buat makanan maupun ojol",5
bagus dam tepat waktu,5
respon cepat,5
good,5
"cari driver lama padahal driver yg dekat banyak lucu dapet drivernya malah yg jauh, biar cepet dapat driver kena biaya tambahan , baru gerimis susah cari driver motor udah gitu harganya naek pula, ditanya ke driver dia terima nya tarif normal sungguh ironi . kasihan abang driver motor penghasilan diluar kewajaran pembagian order katanya juga gak rata, penjajahan modern",1
"lebih cepat tanggap, simple, drivernya pada ramah mengutamakan keselamatan dalam berkendara, pemilihan rute yg cukup baik",5
membantu dalam mempermudah segala urusan sehari hari saya dan keluarga,5
ramah,5
good job,5
pengemudi ramah,5
cari driver untuk gofood nya lama kalau pake voucer disc 😮‍💨,3
mantapp,5
JELEKKK BGT. GOFOOD LAMAAAA!!!,1
goodluck,5
mantap,5
"driver Gocar daerah jamblang Klangenan Cirebon Banyak yang cancel Pemesanan dikarenakan dengan taril yang tidak Sesuai yang diingkan.gimana sih go jek ,jelek pelayanannya,Bayak supir Memilih Tarif dan Rute",1
"sejauh ini memuaskan cuma di jalur driver aja kasian suka ga sesuai, padahal titik udh jelas tapi di beri jalan yg harus muter jauh",5
kenapa beberapa hari ini susah untuk mencari driver,5
jos gandos,5
selalu terbantu dengan GO-JEK 🥰,5
terima kasih,5
GoFood kenapa harus nunggu lama,1
banyakin diskon nya 😄,5
good,5
"udah lama pk ini gak pernah pk promo, sekalinya mau dipake, kl promo bebas ongkir selalu dibatalkan krn gak dapat driver, kl dapar promo diskon makanan selalu dibatalkan alasan makanan yg dipesan udah tidak tersedia, driver gofood kl nganter selalu alasan kembalian gak cukup pdhl selalu ngasih tip lmyn..sampe apal bgt..dahlah..",3
ok,5
"bintang 4, bagus.",4
driver oke,5
membantu,5
sangat memudahkan,5
terbaik,5
nicee,5
mantap,5
"Aduh, naik gocar cuaca dari hujan udah mulai reda, di terima sm pengemudi tp pengemudinya ngambil orderan lain minta selesaikan dulu, stlh di selesaikan cuaca mulai hujan deras lg. Dilihat lihat pengemudinya lumayan cepet mau nyampe lokasi, eh tiba' muter balik, terus muter udah deket muter lagi, deket muter lg terus belok menjauh dr lokasi, trs muter ke arah lokasi balik trs belok lagi menjauh. Jujur kecewa berat karena tidak dapat melaporkan driver, hanya bs membatalkan dgn alsn driver mnt ccl",1
"iklannya mengganggu, tp driverny beberapa ramah",3
"bener bener mengecewakan kalo gak usah di kasih bintang bisa gak sih, saya terus di lempar lempar orderan sama driver nya sampai saya telat 2 jam padahal bayar kalo gak mau ngambil promo jangan ada promo aja sekalian promo juga tetep saya bayar ujung2 nya tetep naik kendaraan pribadi tadinya biar gak kehujanan merugikan saja driver banyak alasan ini itu 👎",1
"banyak promo, dan drivernya oke2 ..mantabh 👍👍👍",5
"driver ahli, pelayanan terbaik daripada aplikasi yanh lain nya.",5
"ok, terimakasih",5
"Salut sama gojek dalam perbaikan layanan, skrg jd aplikasi andalan....",5
sangat membantu dan tepat waktu,5
"nih gojek kenapa jdi jelek bget, buat orfer ajh susah pdhl jaringan bagus",1
sip mantab,5
bguss,5
"bising tiap saat hp bunyi masuk pemberitahuan,",1
mantep,5
aplikasi yang sangat bermanfaat,5
semua baik,5
Sangat membantu sekali,5
"suka karna selalu tepat waktu pengiriman, dan selalu bnyak promo",5
sangat baik,5
"Cari driver susah, driver juga anyi', sering skali driver ga gerakk malah diem ditempat, buat solusi yg mepet gabisa nih gojek, drivernya pada males smua",1
suka pesan gojek,5
Mantap,5
Minta Tolong Waktu Tunggu Pembatalan Pesanan Pelanggan Dipersingkat Menjadi 15 Menit ! Saya Melakukan Pemesanan Hampir 1 Jam Nunggu Tidak Mendapatkan Driver dan Pemesanan Baru Bisa Dibatalkan !,2
cepat dan tanggap,5
penolong bngt,5
ok,5
aplasi nyah bagus,5
anter makanan cpt,5
sangat berguna sekali,5
oke,5
mantap selalu,5
"Lama banget bisa cancel pembelian gofood, hampir sejam nunggu padahal posisinya lgi laper bgt. Giliran udah pesen ditmpt lain dan dapat driver, malah baru dapet drivernya. Jadi double makanannya. Kalau memang supaya ga mubazir makanan yg udh dimasak sma pihak resto, harusnya wktu driver nyampe di resto ga perlu nunggu di masak lgi. Ribet banget.",3
mantap,5
aplikasi yang mempermudah hidup,5
Very good,5
"kita yang cancel karena driver kejauhan harga naik jadi 2× aneh,,",1
lumayan tapi ditingkatkan. karena kadang kendaraanya aklau hujan tidak ada yang mau antar baik motor maupun mobil. kalau prioritas mohon kalau hujan minimal ada 2 atau 3 mobil yang siap terima,5
gosend ke Wonogiri..juga cepat da aman,5
"padahal kota kami termasuk ga sepi kotanya, tapi mesan sesuatu lama banget. Kecewa Berat",2
bagus,5
good,5
kerenn,5
bagus,5
"bagus,sangat membantu.",5
susah cari driver... dibatalim mulu,2
"driver lo pada lebay, nunggu makanan sampe kelaparan!!!",1
selalu the best apps here thanks,5
"Kecewa gw gak mau lagi naik ojek online,gw sering nemu driver narik ko dalam keadaan mabuk.Apa tidak ada peraturan yg ditetapkan pihak apk/perusahaan. MAU NGANTERIN SAMPAI KE TUJUAN YG COSTUMER TUJU APA MAU NGANTERIN KE AKHIRAT?",5
"kadang nge lag, trus ke order 2 goride",4
Aplikasinya tidak senyaman dulu. jika sudah pesan gofood walaupun sudah hampir 2 jam lebih makanan tidak datang itu tidak bisa dihubungi siapapun.,1
sukses selalu untuk driver2 gojek,5
ga bisa batalin pesanan,1
biar bintang yg berkomentar,5
"gabagus bgt, ga update gada kepastian untuk driver ny",1
bagus,5
sekarang susah dapat driver gofood hampir 1 jam.,1
gojek mantap ... ongkos nya sesuai kantong ...,5
semudah ini kemana aja pasti pake gojek,5
drivernya ramah2,5
oke,5
ok,5
selalu yg tercepat dibanding yg lain...,5
ok,5
sangat membantu ketika butuh alat transportasi meskipun terkadang susah mencari drivernya saat hujan maupun kemarau,4
sangat naik,5
mantap,5
"untuk inovasi kedepan gojek, harapan saya bisa diadakan fitur investasi saham,dan crypto",5
mantap,5
"sangat membantu ,thanks",5
mantap aplikasi nya,5
pesen mkn sdh 1 jam masi sj gk ad gojek yg ambil,1
Aku hanya bisa bilang OK dan terimakasih atas pelayanan nya.,5
"penjemputan tepat wkt, pelayanan ramah",5
top,5
"gojek selalu bisa diandalkan,,sejauh ini saya nyaman pake gojek walau beberapa driver nya tidak kompeten,, tapi kebanyakan kompeten kok. Terimakasih gojek 💯👍",5
Diversifikasi nya ramah,5
bagus praktis murah hemat,4
anyeb orderan,1
membantu sekali,5
proses lama,1
bagus,4
top,5
sangat memudahkan perjalanan,5
dapat drivernya seringnya posisi jauh padahal saat searching di mapnya banyak yang posisi jauh lebih dekat,1
sangat memuaskan. sudah lama pakek aplikasi ini. hasilnya ok bgt. thanks gojek,5
pengirimanya cpat smpe nya mksih abang kurirnya semoga amanah semoga aplikasi ininsemakin maju dan sukses🙏🙏🙏,5
Sangat tidak puas memakai gojek banyak driver yang pilih kasih dan tidak mau mengambil orderan yang murah,1
sangat puas,5
terlalu jauh kasih draiver,1
the best lah pokoknya,5
g ribet,5
beberapa kali daftar gojek selalu gagal. OTP sudah benar-> selalu bilang otp salah.,3
"aplikasi terbagus, drivernya juga tepat waktu semuanya",5
aplikasi bagus,5
"hadeh gmn sih, pas tanggal 6 januari 2025 pada pukul 16.00 saya menunggu driver sudah 20 menit, malah di cancel begitu saja sama pihak driver hadeh",1
"the best, maju terus gojek indonesia",5
enjoy your trip,5
good,5
bagus,4
"Tolong dikondisikan ini notifikasi promosi nya yg Pesanan sampai dalam 15 menit, jan bikin kaget gitu",5
ok Keren Abang nya,5
bagus,5
oke tapi sayang game gocats ga ada,5
"daily login buat dapetin koin, bilangnya koin udh keterima, tapi pas dicek taunya gak masuk-masuk",1
ok,5
Tingkatkan lagi kinerja agar mendunia,5
"Kenapa saya mau log in aja ga bisa. Padahal sudah di update, tetap tidak bisa masuk. Sampai saya ganti Nomor pun tetap tidak bisa log in.",1
membantu sihh,5
ok,5
limitnya tambahin lagi min,5
ok,5
good,5
"pesan gofood masak disuruh nunggu driver sampai hampir 2 jam, mengecewakan sekali akhirnya pesanan datang ketika sudah makan dari beli yang lain karena nunggu terlalu lama. mau dibatalin tidak bisa, kenapa sih susah sekali untuk pembatalan saja padahal jelas2 nunggunya terlalu lama, mohon diperbaiki untuk sistem tunggu maksimal mungkin sekitar 15 menit saja selebihnya pembeli berhak untuk membatalkan jika menunggu terlalu lama bukan malah disuruh nunggu sampai hampir 2 jam yaa kelaparan dong.",1
mantap,5
sering kecewa dari gofood. sudah nunggu lama makanan sudah jadi tapi tidak ada driver tiba2 pesanan dibatalkan.,1
susah banget cari driver utk gofood. pesan makanan sudah nunggu lama 1 jam tetap tidak dapat driver. pesan ulang... jg begitu nunggu lama 1 jam tidak dapat driver. ganti resto tetap sama sudah nunggu 1 jam tetap tidak dpt driver. pesan dari jam 6 sore sampai jam 9 malam.... hasilnya zonk. cuma capek nunggu.,3
sejauh ini sangat user friendly,5
"lama dan susah bgt dapet driver kenapa sii uda 2kali pesen kaya gitu terus, buang buang waktu hrus nunggu sejam ujung""nya tetep dibatalin mana lagi laper bgt dibelain nunggu👎🏻👎🏻",1
temen perjalanan,5
"mohon diperbaiki pelayanan apk nya, sudah sering mengalami pesan gofood 1 jam kemudian di cancel. driver juga banyak yg bermasalah. tolong lebih diperhatikan kembali.",3
klo hujan gak ada driver yg bisa anter makanan didaerah itu mending tutup aja aplikasinya..menyusahkan!,2
"BUAT YG BELUM PERNAH PINJAM DI SINI JANGAN SAMPE YA KARNA, TELAT 1 HARI AJA PENAGIHANNYA UDH KYA SETAN. NGALAHIN PINJOL ILEGAL. SEBAR DATA SEBAR KONTAK. GAK NGOTAK. PENGADUAN LEWAT DM DI IG EMAIL DLL PERCUMA GAK DIRESPON",1
Evaluasi komplain dari pelanggan,1
"makin kesini, kenapa gojek makin Ngga oke ya? setiap pesan ojek online maupun gofood, selalu lama. padahal jarak ngga jauh, ngga hujan, ngga badai. Kita udh laper, berharap segera datang, malah ngga dapat"" driver.",1
"selalu ada notif gak bisa bayar ke google play di jam 21.30, padahal gapernah berlangganan apapun",1
"Banyak driver sombong, jarak deket aja tarifnya selangit, mending pake apk lain aja",1
oke,5
kecewa sama driver kalian 2x mesen gofood org beda kembalian ga sesuai saya diemin mungkin lg ambil di tas/dmpet atau gmnaa eh malah bablas di chat ga bls barusan tadi sama sengaja saya diemen malah bablas wkwk 50 di pake 27 di kembalikan 12k hmm ko jadi gini gojek makin buruk para drivernya saya ga akan mereka kasih rating buruk karena mereka cari nafkah buat keluarga,3
"aplikasi yang driver gofood dan lainnya manja, hujan gerimis saja driver 2x dapat 2x kali pula dibatalin...beda Aplikasi sebelah.",1
bagus,5
apk nya bagus semoga bisa lebih berkembang dan maju lagi👌👌,5
"GOFOOD SANGAT MENGECEWAKAN DRIVER SUSAH BANGET DIDAPAT PADAHAL JARAK JUGA TIDAK JAUH, NUNGGU PROSES NYA 1 JAM TIDAK BISA DIBATALIN, AYOLAH SPT ITU SANGAT EGOIS, JIKA MEMANG SDH TIDAK ADA DRIVER YG MENGAMBIL, SEKIRANYA BISA DONG LANGSUNG DIBATALIN PESANANNYA, GAPAKE NUNGGU 1 JAM!!!",1
bagus,5
aplikasi online food yang sangat buruuuuk sekali biaya ongkos kirim mahal susah dapat driver saya pesan makanan dari jam 18.00 nyampai ke saya pukul 20.37 lamaaaaa polll lelet mahal,1
"dari dlu sllu pakai gojek,enak,nyaman,cpet,sukses sllu",5
gojek memudahkan pembelian makanan dan juga untuk mengantar ke lokasi yang ingin kita tuju,5
"Pesan makanan dari sebelum jam 7 malam g ada driver. Begitu dapat driver, driver nya cancel. Dapat driver yg kedua sekitar 1jam. Makanan sampai rumah setengah 9. Aktifin lagi dong, tombol cancel order nya, atau perpendek waktu tunggu dari order maks 30 menit g ada driver bisa di-cancel.",3
"mantap gas pol, banyak promonya",5
kalau memang tidak ada driver ya dari awal adain opsi pemnagalan masa ga bisa dibatalin padah udah nunhgu lebih dari 1 jam bahkan kejadiannya berulang,1
"saya kecewa pakai Gocar disetiap cuaca Hujan selalu ga ada Driver yg mau, padahal saya pakai yg Standart tanpa Promo masih ajha tidak ada respon, saya mau kerja jadi TERLAMBAT TOLONG TANGGAPAN CEPATNYA min kalau DRIVER ga ada yang niat semua mending TUTUP APLIKASI ajha 🤬🤬🤬",1
goodjob,5
Respon CS Go Food JELEK BGT,1
"beli makanan pake go food pas hujan susah cari driver, di cancel ndak bisa dan menunggu 1 jam lebih biar bisa auto cancel, segera diperbaiki sistemnya. minta bantuan CS malah isinya tentang driver semua padahal belum dapat driver sangat tolol sistemnya",1
"parah x sih. segera akan di uninstall 1keluargaku. malas pake gojek lg. g bermutu aplikasinya. kecewa bgt sama gojek ni. uda 2x dpt kejadian begini, tggu lama bgt pesanan gofood tak dtg2, mana g bisa cancel pdhl hrs cari makanan lain krn ngejar makan anak sdgkn pesanan di gofood lamanya mnt ampun, mau g mau ditgguin terus ampe 1jam, ujg2nya y dicancel. mau cancel sndr g bs. mau pesan mkn lain, tkt yg ini dtg. BURUK X KAU GOJEK",1
promo khusus pengguna baru nya kaga ada sekarang hadehh,1
"sedih banget , saya sebagai penjual, makanan udah di siapin , driver udah datang tiba tiba ke cancel dong ,,, harusnya kalau udah di siapin jangan di cancel secara sepihak min 😓ngrugiin banyak orang",1
kami membutuhkan gojek gocar untuk berpergian dan pulang menuju rumah saat keadaan darurat dan HUJAN.sekali lagi saat Hujan tapi kenapa dibutuhkan saat hujan sekali lagi saat HUJAN selalu tidak ada driver .,1
susah dapat kan driver kalau pun di aplikasi di buat 20 menit bisa nyampeknya 1 jam lewat,1
"gofood sering di cancel entah dari resto/ driver, yang bikin kesel udah nunggu sampe sejam malah di cancel....",1
"nyari driver selalu susah, mau batalin pesenan juga lama bgt org sudah lapar mana uda bayar pake TF",1
setia dari 2016...terimakasih sudah banyak membantu setiap aktivitas,5
"goofoodnya g dapat driver udh 1 jam keburu kelaparan,g bisa di batalin lg",1
bagus dan berguna,5
aplikasi pelit mahal,1
setiap hujan dan pesan gocar selalu ga dapat atau di reject oleh driver. hanya saat kondisi hujan,1
Cepat dan tepat waktu,5
ceritanya panjang🤭🤭,5
"bener"" gawaras!!! nunggu 1 jam ternyata ga cancel sistem karena gaada driver kenapa ga 15 bisa cancel sendiri karena gaada driver? 1 jam kelaparan gajadi makan!!!!",1
Pelayanannya bagus cocok buat yang mager bisa pesen lewat gojek,5
makin lama aplikasinya makin buruk..,1
"MAHAL BANGET ANJING ONGKIR GOFOOD NYA SEKARANG, YAKALI ONGKIR SAMPEK 70 RIBU!! KEBELET NAIK HAJI INI APLIKASI SATU",1
baik,5
"gak dapat"" driver",1
"gofood bobrok banget, sulit dapat driver tapi susah banget di cancel, ada menu chat dengan cs tapi yang balesin bot, waktu untuk menunggu driver juga berubah ubah Halah gak tau lah gimna lagi jelasinnya, emang paling bener untuk food beli pakek aplikasi lain",1
"sekarang apklikasi gojek ini sangat jelek, sudah mahal, lambat Pula mencari Draivernya, Pokoknya tidak rekomet sekarang pakai Gojek.",1
"voucher hilang ketika ada pembatalan dari toko bukan dari diri kita, dan itu sangat merugikan, seharusnya ada refund untuk voucher itu tapi malah hilang. sama saja seperti judi haram hukumnya.",1
good bagus,5
"tidak berguna disaat penting, jika hujan, driver mobil tidak ada yang menerima. meski sudah pilih prioritas dengan penambahan biaya",1
mantap,5
bagus euy,5
"driver mobil banyak yg mager, sering kena cancel orderan.. kaya ga niat kerja",1
"mohon tingkatkan layanan gocar,,krn bnyak driver pilih2 rute.. di chat gk bls tau2 cancel pdhl udh nunggu lama.. tyus klo semisal yg pesen itu urgent mw lahiran gmn coba???",3
aplikasi paling top!!👍🏻👍🏻👍🏻👍🏻👍🏻,5
memudahkan tranportasi kita,5
"cepat datang kendaraan motor ataupun mobil, kerjaan lancar deh",5
good,5
selalu mendapat driver yg baik,5
wow,5
aplikasi nya cukup membantu buat orang yang mager buat beli makanan.,5
"nyaman ,aman, ramahproses penjemputan cepat",5
coba di benahi lagi SDM nya,1
thanks to gojek.,5
tak diragukan,5
sangat bermanfaat 👍👍,5
perjalan jadi lebih mudah,5
"di bali susah bgt dapet driver buat gocar susah bgt dpt driver padahl udah pke prioritas driver pada on tapi gak jalan2 diem bae minta biar kita cancel tiap butuh selalu ada drama gini nyebelin bgt bnerin tuh mitramu smua padahal bayar loh bukan numpang!!!!!!!!!! tolong perbaikin ini nyusahin bgttttt!!!!! ini aku bls lagi bukan karna di jam sibuk itu drivermu on smua tapi diem baee gak jalan2, lain kali buat aturan klo gak mau ambil orderan sruh jangan on aplikasi mreka",1
"bilangin sama driver gocar kalian, kalau penumpang lagi pakai jasa kalian subuh2 dan minta nyalain lampu dalam mobil tuh nyalain, ini supirnya pas diminta malah kekeh ngga mau nyalain. alhasil mobil jadi gelap dan bikin ga nyaman, serba takut di sepanjang jalan. gila yaa!",1
"berguna banget buat aku yg pergi"" an jadi lebih mudah",5
membantu anda untuk mengantar ketujuan anda,4
terbantu banget,5
"Payah, dapat potongan eh di batalkan kurir, minimal gocar yang batalkan tuh dikasih sanksi lah, seenaknya batalin,mentang² kami dapat diskon,dia malah bilang yaelah sigutamh pesen gojek aja pak. taee emang sipaling ngemanjain mitraaa.",1
good,4
"bagus ,, makanannya enak sedap",5
"daftar GK bisa,,,,Aplikasi tolol",1
Gojek selalu membantu dan memberi kemudahan serta manfaat.,5
"sakit hati saya sama aplikasi ini, hususnya gofood udah jelas pesanan saya selesai tinggal antar, malah double order katanya dari aplikasinya jadi harus nungguin lagi lama, dan ga ada tombol pembatalan. aplikasi bot",1
sangat membantu 👍,5
"simple, keren , mantap dah",5
tolong adakan fitur nontol,1
gopaynya buat skan qris susah bgt walaupun gambar qrisnya udah jelas banget😑😑,3
"Gojek sengaja ya setengah lebih dari layar pantau kepakai buat iklan dan info driver nya doang. sedanglayar pantau sendiri sedikit banget sampai gak terlihat tuh, gimana mantaunya??? Tolol banget, sengaja lu kalau ada masalah biar bisa berkelit??? udah biaya gojek naik jauh banget jadi mahal skarang ada segala pilihan hematlah tanpa ribetlah... padahal tetep aja drivernya lama datengnya... segera perbaiki kalau masih berharap banyak pengguna",1
ok,5
saya senang menggunakan aplikasi ini karena sangat mudah untuk waktunya bepergian,5
semua nya bagus,5
Pesan ayam mala yg datang kentang😤😤,5
Tetap semangat di 2026,5
merpermudah perjalanan,5
cepat dan akurat,5
mantaaap,5
Gojek is the best,5
Mohon maaf saya instal aplikasi ini cuma utk komplain...apakah ada ketentuan waktu tunggu saat mengambil brg gosend??? saya bener2 muak dgn driver nya yg tua itu. Seakan2 ndak butuh orderan (nunggu sedelok wae rak gelem)..aplikasi GATEL !!!!,1
baik,5
mantap,5
good,5
good,4
Alhamdulillah,5
sangat membantu usaha saya..utamanya fitur gosend,5
nyaman sekali,5
saya dapat diskon terus. TERBAIK,5
sangat membantu,5
oke appnya,5
parah banget anjir ga bisa batalin go food padalah baru di klik,1
gojek sangat membantu sekali.,5
SEKARANG LAMA BANGET DAPAT DRIVER NYA.. PESEN MAKAN 1JAM LEBIH BARU NYAMPE.. TUTUP AJA GOJEK ONGKIR MAHAL PELAYANAN LELET.. GK KAYA DULU SAT SET,1
dpt diskon ktnya. taunya ada biaya penangan. lbh gede dr ongkir. tinggalkan ajalah gojek ini.,1
"Sangat buruk, pinjaman sudah lunas masih ditagih, sama saja melakukan pemerasan.",1
ok lah,5
Hujan2 dikirimi makanan..eh mantan si dong kita kangen2an 😆,5
bagus,5
sangat puas,5
terkadang driver gak niat jemput customer nya,4
aplikasi yang cukup membantu baik dalam bepergian dan saat membutuhkan makanan,5
"mudah praktis,murah,ramah",5
ok,5
baik,5
so friendly,5
"Go-jek tolong bikin fitur auto cancel jika ada Driver yg ""nakal"", sy sudah 2x pesen go-food di resto langganan tapi ada oknum driver yg asal minta tambahan biaya parkir.... padahal jelas-jelas tiap beli makanan di tempat yg sama tidak ada biaya parkir. Kesannya oknum driver mau menguntungkan sendiri tapi merugikan customer dengan cara yg tidak jujur.",5
sangat terbantu,5
Aku Terbantu banget jadi enak kalo pesen makanan sama mau kemana aja pokoknya mantap lah👍👍👍👍👍👍👍👍👍👍👍,5
"kalau gofuud selalu bilangnya telat, padahal udh pesan express!",1
drivernya kebanyakan songong²,1
incredible,5
lumayan cepat layanan nya,4
sangat suka pakai gojek,5
ITS oke,5
aplikasi ga ada gunanyav,1
mantap,5
"Aplikasi payah, menghapus aplikasi terhubung tidak bisa",1
sangat kecewa setiap mesan gofood pasti mencari driver nya lama sekali udah nunggu 1 jam ga dapat2 kalau hari hujan kita maklum kan ini cuana bagus nyari driver nya kaya nyari artis sangat kecewa dengan pelayanan nya,1
gak rugi pakai gojek 🤩,5
gak pernah kecewa sama gojek,5
membantu bgt,5
"tolong gojek di edukasi lagi drivernya, sy pesan GoCar prioritas , sudah nunggu lumayan lama karna posisi driver macet, tapi pas udah dekat lokasi jemput driver malah menjauh posiisnya, di chat telp gak langsung di respon, rupanya driver sedang ngantar barang penumpang sebelumnya ketinggala. saya loh pesan prioritas biar di utamakan. malah seperti itu jadinya",3
sangat baik,5
"Busuk nih aplikasi. pesan gofood lama, sama beberapa kalo extend waktu. dibatalin gak bisa karena katanya resto sudah konfirmasi dan sudah buatin orderannya. tapi gak dapat-dapat driver. Tapi ketika cari nomer resti di gmaps, konfirmasi apakah benar orderan masuk dan sudah dibuatin, katanya TIDAK Masuk Dan belum buatin. Saya mutuskan telp karena kalau dah dibuatin mau diambil aja, ngalah ngambil. Biar gak dirugiin restonya, dan makanan tidak terbuang. Mending pindah aplikasi sebelah aja.",1
aplikasi bagus recomended,5
kalau hujan susah dapat driver mohon dipercepat🙏🙏,2
mantap,5
sebenarnya oke oke aja tapi ongkirnya nggak mau ke pakai,4
apk taik sulit dapet driver,1
mantap,5
payah kode OTP gagal . padahal sudah benar kodenya. buruk sekali,1
tutup aja perusahaannya sejam gak dapet driver juga parah sih,1
waw......sangat ramah utk pengeluaran uang sy sangat senang sekali pakai aplikasi gojek....,5
"bikin pengaturan gimana sih, pesen makanan harus nunggu cari driver sampai hampir 2 jam baru bisa di batalkan. makin gilak emang ni aplikasi",1
cari cari gk dapet kelamaan,1
mantul,5
bagus banget,5
APLIKASI YG BURUK...bintang 1,1
"sangat susah mencari driver saya pesen makanan nungguin lebih 1 jam setengah giliran dapet driver malah dibatalin sama drivernya, saya sangat kecewa apk tidak berguna,",1
"susah bgt dapet driver kalau pesen makanan, lalu pembatalannya butuh beberapa menit, padahal posisi pesen makannya pas kondisi badan gk fit",1
"Tolong banget kasih solusi yg lain dong, udah sering bnget gk dapet driver wktu pesen gofood, mana gak bisa dibatalin, pake nunggu 1 jam dlu, bru batal otomatis, kelamaan. tolong bnget deh biar lebih mempermudah dn gk ngerugiin kedua pihak juga",2
"semakin kesini semakin payahh ..dlu gofud paling lama 20menit, skrg bisa 1jam gak dpet2 driverr!!",1
"susah bgt dapat driver sekarang, udah nya ongkir mahal, susah dapat driver lagi padahal udah pesen express tapi harus nunggu 2jam, dan penanganan cs kurang membantu",2
"driver kalian itu super lelet. sekarang tiap pesan apa pun, berapa pun jaraknya ga pernah langsung ada yg pick up, buang-buang waktu banget! Bintang kalian yang 4,7 di Google Play ini saya yakin pake jasa buzzer biar ratingnya tinggi. Uninstall!",1
"pemesanan makanan tidak bisa di batalkan, fitur terlalu kaku",2
"pantas saja ratting nya JEBLOG aplikasi banyak bermasalah....w mau narik aktif dr pagi jam 7:15 gofood gak ada 1 pun sampe jam 19:12 gak ada 1 pun gofood nyangkut dah muter"" sampe penasan ngetam d dpn mall taman anggrek central park,tanjung duren,Binus,Benhil hasil nya NOLLLLL BESAR kalau gak becus kerja jadi programmer mending RESAIGN kasih kesempatan yang NIAT kerja",1
"habis update kenapa jadi sulit pesan gofood, sudah 1 jam nunggu tau nya driver sibuk gak dapat driver di suruh pesan ulang lagi",2
sukses terus,5
"persebaran driver gocar tidak merata. mungkin bisa dibuat sistem biar mengharuskan driver stay merata terutama di daerah yang user aktif berada, bisa ditarik dari algoritma nya user juga kan. saya user aktif jadi merasa dirugikan karena gak nyantol2 driver tapi mau gimana lagi bisanya gocar, kalo ada aplikasi lain mah pilih lain yg penting lekas jemput lekas nyantol",1
nice,4
mohon di percepat pengaktifan gopay plus saya,5
"kasihan yang punya saham gojek . bukannya melakukan perbaikan agar menjadi lebih baik, malah segala lini di buat semakin buruk . berdampak pada nilai saham. karena pelanggan akan makin berkurang. pelanggan yang kecewa tidak akan terpengaruh lagi dengan promo apapun. percuma promo terus2an tapi pelayanannya buruk . atau memang sengaja di buat buruk, lalu bangkrut, pemegang saham jadi merugi .",1
mantap,5
gaenak aj klo pesen makanan ud nunggu lamaa tp gabisa dicancel,1
"ok untuk sekarang drivernya udah lebih ramah, profesional cukup memuaskan untuk drivernya, pelanggan dengan gojek plus+ itu paling diskon paling mentok goride 1.5k-2k ga worth it banget dengan masa langganan 3bln 35k, ya maksud saya sekali sekali adain diskon yang lumayan untuk pengguna, EDIT KAPITALIS BENER SAYA SUDAH BELI GOJEK PLUSS GA ADA PERUBAHAN DISKON, APALAH, MALAHAN VOUCHERNYA UDAH GA ADA LAGI MINIMAL DISKONNYA SAJA SEKARANG CUMA 500P, PALING BESAR 1K SEKARANG ASTAGA",2
siplah,5
"kenapa si klo memang pesan gofood terus di cancel sama driver nya dan harus menunggu waktu yang lama lagi? kenapa ga lsg di cancel dari resto nya atau pemberitahuan ke customer nya dulu? semisal orang nya sudah ga kuat menahan lapar atau ada keperluan lain untuk berangkat, bagaimana klo driver nti mengirim tapi tidak ada orang nya karena terlalu lama menunggu. salah siapa kalo sudah begitu? costumer atau aplikasi? tolong fitur nya di perbaiki lagi",1
puas banget pake gojek.. apalagi kalo diskonnya gede🤭,5
joos pokok e,5
ok,5
DRIVER NYA GA JALAN JALAN!! NYESEL BANGET ditungguin lama banget sampe setengah jam masih ga jalan!! nyesel banget download ini. klo gitu mah mending pindah ke MAXIM aja!!,1
"gojek same day dan instan di tokopedia dan juga shopee sulit pickup selalu melakukan pembatalan, ada apa denga gojek same day khususnya di tokopedia sehingga driver selalu membatalkan pickup, permasalahannya bukan ketiadaan driver pada titik lokasi namun driver selalu melakukan pembatalan ketika hendak malakukan pickup, saran saya untuk yang lain jangan gunakan gojek same day pada aplikasi tokopedia, cukup saya yang di kecewakan. Tarik tunai bermasalah, ini kemana lakukan pengaduan",1
terimakasih,5
ini gojek kenapa saya SDH 2 tahun belum juga di panggil.apakah gojek SDH mulai modus tipu2,3
"tadi habis naik gocar dimaki2 sama sopirnya,, y Allah mana sama anak , ada orang galaknya kaya gitu marahnya GK msuk akal",1
mahal banget coyyy beli bakso harga 25 rb.. biaya penanganan + ongkir 18 rb... kagak ngotak ongkir sama penanganan...,1
markotoppp Cuyyy💪🏻😹,5
"masi banyak bug kakk,kasian masa driver saya kena suspend padahal dia engga salah apa apa",1
mantap 👍👍 praktis,5
ok jozz,5
pengalaman yg menyenang kan,5
istimewa,5
Aplikasi yang sangat membantu,5
menyebalkan untuk gofood tidak bisa dibatalkan pas lagi kepencet !!!!!!!!!!!!!!,1
susah banget 1 jam gak ada yang nerima gocar kadang udah diterima tapi dibatalin sumpah gak worth it bgt!,3
tambahin notif kalau restonya chat dong admin.,4
mempermudah aku yang ga bisa naik motor banget,5
sangat membantu dalam perjalanan,5
sangat membntu,5
"pesen barang pake instant sampe 3hari gada yang ngambil, mending gausah ada pengiriman instant, KOCAK! 🗿",1
oke nice 🙏🙏👌👌,5
selalu ada pas kita butuh driver,5
semangat,5
"aplikasi jelek, saldo ga di refund, udah nunggu 14 hari, disuruh nunggu lagi 14 hari",1
aplikasi Ter luv pokoknya,5
"Untuk pelayanan dan pengantaran Gofood sudah baik, minusnya kalo ada pesan makanan yg kurang itu komplain dan prosesnya lama -_-!!",3
kenapa tidak bisa menampilkan maps saat makanan sedang di jalan,4
Ok bgt banyakin diskonnya y om,5
puas memakai gojek,5
joz,5
Puas banget! 🚀 Gojek itu solusi transportasi dan layanan harian yang super praktis!,5
Barakallahufiikum.,5
terimakasih,5
puas,5
the best,5
belanja online pengiriman pake gosend INSTANT dari kmrn gk dpt dpt driver sengaja pake instant biar cpt dtng malah driver gk dpt dpt,1
baik dan cepet,5
Tidak puas Sekali pesan Gomart tidak dapat driver,1
Mahal tarif..dan harga makanan...indrive lebih murah..Bunga Paylater dan biaya admin 20%..harus dilaporkan ke OJK,1
"aplikasi gojek ngebantu banget kalo lagi gaada yg anter, mudah dan efisien bangett!",5
banyakk promoo malasih banget yahh gojekk sering sering kasi promo.. ngebabtu banget buat yg mau makan enak tapi budget lagi tipis,5
selalu tepat saat dibutuhkan,5
puas..,5
Mantappppp,5
buruk,1
kecewa,1
sangat terbantu cepat layanannya,5
good,5
Coba kasih bintang 5 biar Gopay pinjamnya di terima.,5
Mau pake gojek instan biar langsung hari itu juga sampe .. Pesen pagi nyatanya sampe malam gk ada yg ambil hadeh makin buruk aja pelayanan nya padahal dekat cuman lempeng lurus aja Alasan taik jelas udah ada yg ambil tp di batalin driver .. Suspend kalo emang gk niat kerja .. Dih lunak kali kau siapa yang mau pake jasa lu lagi kalo gini terus,1
udh gak guna,1
aplikasi tidak bisa digunakan,1
Mantap,1
kena hacker dan penipuan udah ada laporan tapi masih ada tagihan..itu gimana sih maksudnya jadi g kompeten..sayang sekali.. tadinya saya respect karena bagus..padahal saya g pake gopaylater eh malah kena hacker..sedih banget,2
menyenangkan,5
responnya cepat,5
"Dulu sih terbantu, tapi tiba"" malah akun saya dibekukan tanpa alasan yang jelas yg dimana saya tidak pernah sama sekali melakukan pelanggaran yang disebutkan dan tidak ada solusi dari pihak gojek. Saya membuat akun baru dengan no baru tetap saja dibekukan, padahal belum ada transaksi yang dilakukan, melapor ke pihak gojek juga tidak ada solusi, tidak akan lagi memakai gojek kalau begini, semua akun tiba"" dibekukan, tolong solusinya yg solutif.",1
aplikasi brengsek terutama di gofood..kita disuruh menunggu selama 50-60 menit dengan jaminan dapat cashback klo orderan tdk dikirim atau dibatalkan..kenyataannya pada menit terakhir setelah menunggu sekian lama orderan dibatalkan dengan alasan persediaan habis.cashbacknya pun hilang ditelan bumi..trus dengan perasaan tanpa dosa aplikasi ditutup.tolong kalian punya sedikit hati nurani,1
ok,5
driver nya murah senyum,5
denda payleternya gak ngotak sehari 50.000 dan gaada notif jatuh tempo denda lebih mahal dari harga makanannya,1
sangat membantu dan memudahkan,5
Mantap 👍,5
mantep,5
"penyelesaian masalah tidak menemukan solusi, aplikasi kena hack padahal nomer sudah lama dipakai tetap saja ga bisa balik",1
membantu sekali buat perjalanan jauh dekat,5
ok,5
Membantu sekali good,5
mau login akun gojek buat beli makan aja harus pake verifikasi wajah segala. Mana gagal mulu lgi ribet bgt apk gajelas cuma buat pesem ojok makam aja verifikasi dn gagal trus aneh. repot,1
ok sangat,5
ALHAMDULILLAH pertolongan ALLAH SWT membantu lewat aplikasi gojek semoga berkah untuk semua pengguna dan juga untuk bos gojek dan karyawan semoga kita semua di keselamatan dan kebahagiaan dunia dan akhirat,5
so far so good lah,5
"gojek kenapa sih,bisa gila gw bikin 4 pesanan makan dalam 1 malam ,gak ada 1 pun yang di ambil driver,mana mau batalin harus nunggu 1jam an.. padahal dah pake gojek lama,udah mah harga nya gak kira²",3
"kecewa banget , nyari driver aja sampe 1 jam lebih, abis dapet driver pesanan baru di buat, nunggu lagi stengah jam, total menunggu sampe 2 jam,pesan jam 11 nyampe jam 1, anak saya yg tadinya mau makan sampe ketiduran.",3
memudahkan dalam transportasi,5
aplikasi terbaik yang sangat membantu,5
mantap jiwa,5
"aplikasi banyak ngerugiin customer dan resto, gada ujan gada angin selalu ga dapet driver, kaya orang niat ga niat usaha, yakin gamau di evaluasi???? miris..!!!",1
puas,4
"gada hujan gada petir aplikasi food paling susah dapet driver meskipun pakai yg express 2x pesan 2x batal karna ga dapet driver, payah..!!!",1
semakin melayani dengan hati,5
"tolong ya gojek,,cari driver yg sopan jgn yg kayak preman,,,ak td baru aja kesal Ama Driver ngebacot ujung ujung y ngobrol kayak ngancem dan sedikit ucapan kayak pelecehan,,,ak di paksa kasih bintang 5 ,,,ak ga berani kasih bintang 1 Krn alamat Dy ga jauh dari gang kontrakan,,Dy yg salah titik jemput Dy yg marah marah,,,",3
cs ga pernah mau respon,1
pakai gojek plus malah promonya hilang semua. gajelas,1
tolong kalau orang pakai gofood ongkir nya jangan lebih mahal dari harga apa yang orang beli🙏🙏,3
"Kapok pake app, telat sehari, SMS ga karu²an, ngata²in yg belum pernah saya terima sebelumnya, bnr² tdk profesional, bye 👎",1
"awal-awal sih bagus, makin kesini makin susah cari driver. mana sering di batalin lagi padahal udah nunggu berjam² tetap aja di batalin lagi dan lagi, ga jelas banget, makin tahun bukannya makin upgrade ini malah makin down grade🗿",1
"kalo agak maleman dikit banyak di cancel sama drivernya, parahhh bngett",1
sangat mmbntu,5
"gak ada solusi pasti jika hujan, dan banyak iklan gak jelas",1
Pencarian driver nya sangat lama dan ketika mau di batalkan tidak bisa harus menunggu kebijakan aplikasi yang sangat tidak menguntungkan customer,1
sangat membantu,5
"gojek kalau lagi hujan bisa nunggu sejam ga dapet"", padahal harganya makin naik ttp aja ga dpet""",4
Bagus,5
mantap,5
sikapnya ramah dan sopan tepat waktu dan cepat sampai meskipun hujan deras banget tetap tepat waktu,5
good transport,5
"pesen le mineral galon pake gomart barangnya abis(kosong), eehhh tetep dimintain biaya pengiriman, mana ga bsa di cancel",1
"Mohon maaf sebelumnya atas rating bintang 1, namun saya juga jujur kecewa pada layanan gofoodnya 2 kali telat dalam menghantar makanan apalagi yang terakhir ongkirnya sudah reguler namun nunggunya 1 jam lebih sampai laparnya hilangpun tidak dapat driver-driver akhirnya saya batalkan",1
kecewa berat saya dari jam 6.30 sampai jam 10.40 gk dapat driver buat gofood saya. masa pengerjaannya sampai 1 setengah jam itu makanan atau bitcoin lama banget keburu mati kelaparan gue dibuatnya,1
Kalo cuaca mendung sedikit atau gerimis tipis nyaro driver ampunnnnnn susah banget,2
pesan gofood 300m harapannya cepat sampai. 1jam gak sampai². tiba² cancel aplikasi. gak jelas.,1
dari jam 8 sampe sekarang mesen makanan tapi gak dapet dapet driver sampe restonya tutup. gimana dah ini?,1
terpercaya,5
"susah dapet driver, udah ditungguin 1 jam masi sama aja ga dapet"" driver.",1
"Ini mah saran pak gojek ya, sekiranya kalo ngasi orderan ke driver jangan auto lah pak gojek, biar driver aja tentuin dia mau ambil atau tidak,, sebagai customer ga enak rasanya kalo dapet driver yg kesannya keberatan dapet order tp tetep d ambil karna ga bisa di tolak. kasih lah opsi driver mau ambil atau tidak. sekiranya ga mau ambil ya jgn di kasih auto, nanti rating nya pulak yg jelek. kasih lah sama yg ga keberatan ambil order. sekedar saran pak gojek.",3
terimakasih banyak,5
jarak cuma 4 km tapi ongkir 40k? kikir,1
susah dapat driver padahal makanan uda jadi,1
"Tampilin juga dong rating customer. enak banget driver bisa kasih rating jelek ke customer cuma karena ga ngasih tip, sedangkan cust mau rating jelek sesuai experiencenya takut ngehambat rezeki si driver/didemo, padahal drivernya sendiri yg mutus rezekinya itu.",2
"sebaiknya dalam pengaturan gofood diberi estimasi waktu jangan terlalu lama,, bisa dengan 12 menit kalo ga ada driver bisa dilakukan pembatalan... menurut saya 1 jam dalam mencari driver itu lamaa bangett",1
tolong diperbaiki pelayanannya. klo memang susah cari driver. kasih pilihan batalin di apk gofood. udah nunggu 2 jam an malah sesusah itu. klo dirasa susah jari driver minimal aplikasinya perbaiki .,1
lama bnget dpt drivernya mentang2 hujan pd ga mau?? sampe setengah jam saya nunggu,1
"yang ngambil lama banget, aku pesen makan dari jam 19:30, sampe jam 21:35 masih belom di ambil juga kan ngeselin",1
"dapet notif terlalu banyak cancle, trus akun bakal di nonaktifkan. padahal driver nya yg pada nyuruh cancle. aneh emng. disuruh cancle diem aja, kita yg cancle kena pelanggaran",2
lebih cepat dan aman,5
"makin lama pelanyan nya tidak memuaskan,!!!!",1
saya puas,5
"sekelas perusahan besar setidak nya menyediakan pelayan customer service via telfon yg real orang bukan cuman ai ai tidak menyelesaikan masalah, hanya mengulang"" yg sudah di program keluhan kita tidak terselesaikan hanya dengan ai chat.",3
"kalo perjalanan kurang dari 1km ga pernah dapet driver, bintang 1 buat anda",1
"hi kak kenapa aplikasi gak ada notif atau bunyi ketika ada telpon dari driver padahal semua pengaturan telpon lokasi dering dll saya ijinkan dan saya aktifkan tapi tetap tidak ada notif ketika driver chat atau telpon, gak mungkin dong saya setelah order nengok aplikasi ampek makanan Dateng?",2
"gapernah dapet driver kalau malem, please banget",1
"aku selalu pakai gojek tapi kesel kadang pesen gofood nunggu dapat driver sampe sejam, mau dibatalin juga gak bisa, mau pesen makanan lain juga ntar tiba2 udah nunggu sejam malah dapat driver. keburu emosi makan angin!!!",4
banyak diskonnya,5
ok,5
"saya gabisa login ke akun lama kendala verifikasi wajah,gabisa ganti akun email bila akun email sudah tdk kepakai",1
ok ok ok,5
thanks,5
sistem nya jelek gabisa cancel pesanan yang ga sengaja pdhl hitungan detik aja,1
"sangat buruk, sy susah mendapatkan driver dan sampai resto nya tutup sy tetap tidak bisa membatalkan pesanan nya!! TOLONG FITUR NYA DI UBAH!! SUKA GEDEG SM GOJEK KALAU RESTO NYA UDH TUTUP DAN STATUS NYA MASIH MENCARI DRIVER, TOLONG AGAR ADA FITUR DAPAT DI BATALKAN JIKA STATUS RESTO SDH TUTUP!!!!",1
lama banget cari driver nya,1
ok mantap,5
"ini aplikasi yang sangat buruk, masa denda keterlambatan langsung 50k/ perhari, saya sudah cari kontak CS mau bayar gak bisa karena hp hilang, mau login pakai hp lain jg susah karena butuh OTP, ini APLIKASI SEPERTI RINTENIR NYEKEK CUSTUMER, SESUAI SAMA NAMANYA DOMPET ANAK BANGSA TERNYATA auto UNINSTAL SELAMANYA.",1
muncul mulu,1
good,5
bolehlah,5
"Sudah 60 menit lebih menunggu, tapi driver go food ga dapet2, anak saya keburu sakit perut karena ga makan, kalau memang ga bsa ya tolong segera batalkan thanks",1
Bagus,4
bagus,5
Sangat sulit mendapatkan driver.,1
oke,5
tidak menerima pelanggan!,1
sgt baik,5
"PESANAN MAKANAN GUA UDAH SEJAM NUNGGU MALAH DIBATALIN GEGARA GAK ADA DRIVER, TRUS PAS MESEN ULANG HARGA NYA MALAH NAIK 10K, APLIKASI SEKEM",1
"Selalu lama , lambat , susah nyari driver",1
segala nya jadi serba mudah .makasih,5
menyenangkan,4
"layanan cepat ,nyaman dan murah",5
خير جدا,5
sangat membantu mempermudah,5
luar biasa,5
"gajelas, driver cancel mulu, sistem gajelas",1
"iseng pake gopaylater buat naek gojek ,, makenya cmn 20rb lupabayar telat 1 hari dendanya 50rb .. GILAAA",1
saya akhirnya bisa makan hehehe :v,5
ramah,5
"ini aplikasi GOJEK kenapa dah! Tiap gopey ku ada saldonya, slalu dpt double orderan. kasih abng/Bpk Gojek yg dtg tpi penumpangnya Uda pergi ama driver yg pertama dtg",2
aplikasinu bagus dan pelayanan juga cepat banget,5
mantap,5
mantap aplikasi senior👌,5
aplikasi gak jelas.. denda gopaylater aja 50 ribu ada gila2nya kurasa. gak ikhlas aku lahir batin bayar denda itu,1
aplikasi keren,5
penjemputan..driver nyaman TDK bikin bingung customer,5
Lebih praktia untuk segala pembayaran dan lebih cepat transaksi nya,5
upgrade gopay plus yg id pernah terdaftar susah & tidak ada solusi,1
aneh tarif berubah sendiri,1
"selalu kasihan sama driver klo jemput jauh antar deket ga ada argo tambahan.sebagai customer kecewa. pihak gojek tak adil sama driver. keringat driver yg harus nya disejahterakan malah makin dikuras.mang sparepart kendaraan murah. walaupun hujan deras tetep aja ga kasihan aplikasinya driver harus jemput jauh,argo tetep aja murah.",1
"aplikasi yg sdh banyak membantu saya ,, apalagi di gofood banyak diskonnya ,, mau bayar tagihan jdi lebih mudah",5
"Selama ini, masih yang terbaik",5
"asam lambung gue naik setan nungguin makanan, kalo gbs yaudah cancel aja napasi yaelah",2
Diskonnya gede,5
oke,5
"aneh, go send kok nunggu sejam ga dapet dapet driver, mau alasan gada driver di skitar?, orang gua tinggal di Kemayoran Jakpus, driver noh bejibun banyaknya, emang sistem lu yang ngaco aja",1
"Aplikasi yang sangat mulifungsi, berguna mempermudah hidup.",5
Dengan adanya gojek sangat membatu yg notabennya aku yg kemana mana sendiri.. sejauh ini paling baik.. pertahankan yaaa,5
Saya sudah Update tapi mengapa di minta Update lagi ya? Tolong di perbaiki sistemnya. Terimakasih.,4
Aplikasi Tolol,1
Semalem kami balik ke Jakarta dr Kota Klaten naek kereta Abang GoCar jemput saya dgn ramah dan jln dg cepat sampai je rumah.,5
top,5
good...sangat membantu sekali,5
"Selamat sore gojek sya ingin mengadu atas gangguan gopay pinjam saya kenapa tidak bisa di gunakan ya, ada tulisan pengajuan di tolak tidak hilang hilang jadi tidak bisa di gunakan lagi gopay pinjamnya, awal masalahnya waktu itu saya memang ingin mengajukan pinjaman tapi kemudian sya tidak menjadi mengambil pinjaman itu tapi kenapa jdi tidak bisa di gunakan lgi mohon info dan perbaikannya",4
"Aplikasi plg top, plg murah byk promo.",5
"hati"" yg pinjam uang jngn mau pinjam disini .. telat 2harii dc nya kga punya adab .. nagih nya gila"" an bahasa nya kasar ..",1
enaaak... 👍🏻,5
"enak, mudah, praktis",5
baik,5
drivernya ramah harga bersahabat,5
mantap,5
mudah dan cepat,5
aplikasi nya bagus hanya kenapa fitur batalin gak ada lagi masalah terkadang saya memesan sesuatu makan dari jam jam 1 masa sampe baru jam3 karena fitur batal gak tersedia kalo bisa jika 30 menit tidak ada driver bisa dibatalkan,1
"PARAH SAYA MENUNGGU GO FOOD SAMPAI 3 JAM DARI ESTIMASI YG DI JANJIKAN 4O MENIT EXPRES DIBATALIN SUSAH . SAYA HAPUS APK NYA . PADAHL SAYA SUDAH 1000 LEBIH MEMESAN MENGGUNAKAN GOJEK. KALI INI KECEWA , KITA INGIN MENGJUKAN KELUHAN HANYA BOT SAJA YG DI TAMPILKAN , TIDAK NYAMBUNG",1
ok,5
gw pesen makanan mahalan ongkir nya daripada makanan nya,1
"gojek nya lambat, kurang gercep",1
"akhir2 ini iseng banget ni gojek, kasih notif "" pesananmu sampai dalam 15menit"". padahal gak pesen gofood sama sekali. maaf kasih bintang 1 yang sebelumnya bintang 5.",1
makin susah dapat driver sekarang,2
memudahkan untuk kesana kemari,5
"Sangat Sulit dapat DRIVER sekarang , lambat.",1
"susah dapat driver, dan notifikasi berbeda pada saat membuka aplikasi contohnya di Notifikasi ""driver sedang meluncur ke restoran"" sedangkan saat membukanya belum dapat driver sama sekali",3
"stress, ngasih denda gopay later per bulan 50k. ngga ada otak. sakit hati bgt. nyesel pernah daftar tu barang. make ga seberapa telat sehari doang. emang kapitalis",1
"saya pesan online food, tapi kenapa yaa susah banget dapat drivernyaa? bahkan saya ditolak 5 kali dalam sehari dengan resto yang berbeda, cuman gara-gara susah dapat driver, bayangin udah lama nunggu tapii ga dapat driver sama sekaliii, kecewaa!!",1
demi apa nyari driver nya lama banget mana gabisa di batalin sampe kelaparan gila,1
makin kesini makin jelek,1
Aplikasi Sangat membantu dan bermanpaat.,5
tingkatkan terus pelayanan,5
top,5
kenapa skrg gak bisa masukkan nominal yg diinginkan saat kasih tip ke driver? dan tip dari aplikasi hanya bisa dilakukan melalui gopay tidak bisa dari metode pembayaran lainnya sama seperti metode pembayaran ke toko. Padahal saya gak sering top up gopay dan seringnya memakai metode pembayaran kartu debit.,4
"sangat bagus, sampai tepat waktu",5
terbantukan,5
sangat memuaskan,5
"Makin payah, vocer hanya bisa terpasang satu. NOTIF LAMBAT, JIKA PESANAN TIDAK TERSEDIA HARUSNYA SEBELUM RESTO TERIMA ORDER SUDAH HARUS KONFIRMASI !",1
prioritas kok ada dua pengiriman?,1
"sangat baik, sopirnya jujur , laptop ketinggalan dimobil, diantar kembali",5
"ada driver grab yang bernama NANA MULYANA mobil Toyota Calya| B1047COT , SANGAT SANGAT TIDAK RAMAH TERHADAP PENUMPANG, TIDAK SOPAN, MARAH MARAH SAMA PENUMPANG, SAMPAI NGATAIN PENUMPANG TIDAK ADA ADAB, TOLONG GOJEK DI TINDAK LANJUTIN JANGAN BIARKAN DRIVER SEPERTI INI DI BIARKAN SAJA, SAYA SANGAT KECEWA TERHADAP PELAYANAN NYA ATTITUDE NYA NOL BANGETT SANGAT JELEKK👎👎👎👎👎👎👎👎👎👎👎👎👎👎👎👎👎👎👎👎 kalo dapet driver ini cancel aja guys, dia sangat tidak ramah, pelayanan nya nol banget👎👎",1
"sangat membantu, dgn tingkat akurasi alamat penjemputan dan tujuan yg ckp akurat. Serta layanan yg mantap, 😊👍👍",5
Mantap....,5
good,5
oke banget aktivitas saya terbantu saat darurat,5
aplikasi nya gojek sangat bagus dan praktis,5
senang selama ini hidup gw ditemani gojek,5
"Akun di blokir dari pihak Gopay, saat ingin payment tidak bisa karena semua dompet di blok tapi denda keterlambatan tetap bayar..",1
lebih menyenangkan perjalanan pakai gojek,5
sangat memuaskan,5
sangat recommended banget untuk keluarga dan teman teman semua,5
"APLIKASI DUNGU!!!! GARA2 ADA MUTASI AKUN, MALAH AKUN2 LOKAL YG PD ANYEP!!!",1
"dulu aku pernah rating jelek, skg gojek sudah baguss banyak promo lagi terima kasih gojek",5
good job,5
mudah dan gampang di aksesnya.,5
Pelayanan yang mengecewakan hari ini,1
profesional,5
efisien,5
maksih gojek semoga sukses selalu aamiin,5
sangat baik,5
"parahh dendanya gede banget,telat 1 hari dendanya 50rbu gblk",1
"sangat menyebalkan, drivernya pilih-pilih pekerjaan, saya masih didalam kota dia tidak mau terima karena biaya cuma 25rb dan katanya saya terlalu jauh. saya di kota palopo",1
simple,5
driver2 kalian yg gk niat kerja tu di blok aja,1
bagus dan nyaman,5
"Aplikasi sudah bagus tapi map-nya masih sedikit bermasalah dan tidak sesuai dengan titik antar, walau gak terlalu jauh dari titik tapi agak mengganggu, harap diperbaiki",2
ga bakalan pakai gojek lagi !!!,1
ok,5
bagus 👍🏻 kita engga keluar rumah lagi buat beli apa-apa,5
"ko sekarang ga bisa ter singkron sama share lokasi dari WA, biasa nya kalau saya mau ke tujuan dan alamat nya dapat dari share lokasi di situ muncul logo gojek. tapi sekarang ga ada, jadi harus tulis manual",5
sangat bagus,5
rata-rata baik dan ramah,5
Update versi 5.45.1 Semoga lancar jaya tdk banyak Bug,5
profesional dan ramah,5
aplikasi tidak buruk,5
"Makanan Sudah disiapin Resto, Sedang mencari Driver mulu, keburumati kelaparan nungguinnya. perbaiki sistemnya!",1
kemudahan dalam transportasi,5
sangat membantu untuk keperluan sehari hari,5
"aplikasi aneh, udah 5 kali pesan selalu ga dapat driver",1
mantap bantuan direspon sgt cepat,5
"kalo ada kendala lama cari driver, customer suruh nunggu 30 menit aja ga perlu smpe 1 jam!!!!!!!!!!!! mana batalin jg harus nunggu 1 jam!!!! 1 jam nunggu cari driver doang blm nunggu masak & otwnya!",1
Puas dengan pelayanan gojek. Semoga semakin sukses dan Memberikan pelayanan optimal ke Konsumen,5
lama sekali menemukan driverr,1
susah amat sekarang dapet driver nya,1
lama sekali menunggu,1
saya memesan gocar pas mau sampai di titik jemput hp saya jatuh dan mati saya tidak menemukan dimna driver nya saya kira bakal di Cansel Ter nyata driver malah mengambil keputusan perjalanan sudah selesai dan saldo saya Ter potong tanpa mengantar saya ke tempat tujuan,1
"kebijakan nya tolong diperhatikan kembali, saya sudah memesan pesanan makanan selama 1 jam tidak kunjung mendapat driver tapi juga tidak bisa dicancel???? SARAN: sebaiknya makanan jangan dibuat terlebih dahulu sebelum mendapatkan driver!!!!",2
"sudah seharian saya pesan gofood, resto sudah konfirmasi pesanan, saya juga sudah nunggu lama, tapi tiba-tiba dicancel sepihak sama aplikasi. siangnya saya coba order lagi dan terjadi lagi. ini sudah malam dan masih seperti itu???",1
mantap,5
dua kali pesan nunggu 50 menit dua dua nya gak ada yang sampai . menunggu 50 menit +50 menit hanya untuk di batalkan,1
"tolong perbaiki kao emng resto udh tutup tapi driver belum dapet"" ,tolong kasi sistem otomatis batal jadi gausah lama nunggu"" buat sampe dijam tertentu untuk batalin sendiri!!!",2
"masa harus nunggu satu jam pesenan gofood nya baru bisa dibatalin, mana nunggu driver ga dapet dapet.. harus nya gaperlu sampe satu jam, kalo memang disekitar gk ada driver munculin lah opsi batal",3
"dah mulai ga jelas ni aplikasi, mesan gofood di suruh tungguin 1 jam paling lambat akan dapat voucher, sesudah 1 jam langsung di batalin sama pihak gofood tanpa dapat voucher, kan otak nya taruh di dengkul, ngasih bintang 5 biar keliatan aja nih komen sialan",5
"Semakin lama saya semakin jarang pake gojek. Untuk layanan gofood, saya akui itu layanan yg paling memuaskan di gojek. Paling tidak memuaskan itu layanan gocar. Sering bgt susah dpt driver, apalagi srg minta cancel duluan. Untuk tampilan aplikasinya bagus, gmpg dipakai dan dimengerti. Uda pakai sejak lama dan blm ada kesusahan pengoperasian.",4
"Apk anehh ada rute yang lebih deket malah milih rute yang lebih jauh otomatis biaya jadi lebih tinggi hadehh, sama jangan dipisah donkk apk gopay sama gojek ngeribetin aja jadiin satu apk aja biar user experiencenya enak pelanggan juga jadi bisa ngakses banyak fitur di satu apk aja",1
good,5
"aplikasi apaan, driver meminta cancel pesanan gofood saya alasan resto sdh tutup, pihak resto mengkonfirmasi juga meminta cancel pesanan alasan resto berada di luar kota, saya dan driver sdh hubungi cs tpi tidak ada solusi pembatalan dengan alasan resto sdh menyiapkan pesanan.",1
lama cot,1
"lg coba2, sekalinya pesen makanan, gagal ggara ga ada ojolnya... 👎👎👎👎👎",1
"Kalau terlambat dikasih kompensasi berupa voucher diskon, sedangkan terlambat + dibatalin ga cuma dikasih harapan palsu. udah dua kali dibatalin padahal nunggu lebih dari sejam karena driver tidak ditemukan, tetap aja ga di kasih apa apa. semoga perlakuan kalian diberi ganjaran",1
kenapa sekarang jarang2 banget dapet promo goride gofood😭😢,1
"sip, msh bisa jalan di hp ane walaupun lawas",4
gooodd,5
Ok,5
gampang digunakan,5
"paling benci di menu gofood kalo semisalnya kalian gaada driver buat ambil pesanan jangan maksa kami customer buat nunggu sampe Berjam jam, tolong hargai waktu kami lah kalo kalian gak sanggup memberikan driver lebih cepat jangan halangi kami buat batalkan pesanan yang Uda lebih dari 20menit",1
lebih hemat,5
sudh gk d ragukan lagi gocar'y.sukses trus utk param mitra'y.amiiinnnnn,5
apk sgt membantu cepat dan pelayan baik,5
Kenapa Sekarang susah pesan Gosend,1
"lama bet dapat driver nya , ketika sudah dapat malah di cancel oleh driver nya",1
masak mau login harus nunggu 30 jam,2
penemuan driver lama,4
bagus,5
"makin kesini makin berkurang pelayanan nya,, sekarang gofood proses antar nya lama bgt nunggu nya,, kalo dulu sbentar lgsng dpt driver, lgsung cpt sampai,",1
Sangat membantu,5
mantap,5
"apaan nih aplikasi makin ke sini makin ga jelas,, order dr jam brpa sampe jam segini driver pda ga ada mau ambil orderan pihak aplikatornya jga sadis kita bayar berpa ke aplikasi yg driver dpet argonya brpa,, tolong d benerin lg management nya gojek",1
"maaf, layanan tidak jelas, terlalu lambat, maksudnya butuh 3 hari buat nunggu tuh gmn ya? no telp juga susah ditemuin, pas ketemu, mau langsung nelp ke costumer service aja susah, gk langsung di sambungin ke org di sana, jangan bilang mau mengurangi tenaga kerja ya, ini termasuk perusahaan besar loh.",1
aplikasi gojek kalau pesan makan d gofood nya kok lama kali y skrg harus tunggu 1 jam padahal pakai mode cepat kesal kali,1
"Gajelas banget skarang ni aplikasi, mesen makanan dh nunggu 58 menit, dicancel gitu aja dri aplikasi, gk mikir apa orang dh lapar nunggu!!!!!",1
alhamdulilah nemu driver yg baik2.Terima kasih gojek mengantar saya dengan selamat di tahun 2025. Tetap setia pakai gojek ditahun 2026.,5
"Jadi ngak respek sm Gojek,, chat CS malah boot yg jawab. taeelah...Males pake lagi",1
Keren 👍🏻👍🏻,5
banyak derama lama lagi kata cepet kurang sih,1
oke,5
Sistem Pencarian Drivernya Bobrok Sekali,1
"terlalu lama mencarikan driver untuk gofood, sehingga menghabis2kan waktu karena tidak bisa dibatalkan sangking lamanya",1
akses transportasi jadi mudah,5
knp mau login harus scan muka.. tetapi ktika sudah scan malah tidak bisa. tidak jelas!,1
mantap,5
"kalau sulit dapat driver, seharus nya jangan kasi waktu nunggu 1 jam lah, jadi kalau gak dapat bisa batalin coba pesan yg lain, sistem begini habisin waktu jam makan saja karna ujung2 nya zonk gak dapat apa2",3
susah banget dapat driver bikin orang kesel aja,1
pengiriman e sip,5
"sudah berapa kali saya mesan gofood atau gojeknya, alamat rumah udh bener tapi malah dari servernya ngasih patokan jauh dari rumah, bisa lebih dari 100 m lagi",2
"Pesanan gofood dengan aplikasi terlama dibandingkan yg lainnya...pesan makanan selalu nunggi 2 jam bru dpt driver, itupun blm tentu dapat. harga jg mahal...aplikasi terburuk yg pnh ada.",1
aplikasi gak berguna,1
kenapa gak bisa cancel order gofood? padahal kalian lama banget kasih driver. ini gak guna lagi saya pesen gofood udah beli sendiri. bobrok bgt,1
ok,5
good job,5
"ini tiba² ga bisa akses foto dr galeri ya? cm bisa akses kamera doang sebeell, masa tiap mau kirim foto rumah harus fotoin dulu ke depan rumah!!! apaan sih nihh ayolaahh lebih canggih lagii",2
"kalau bisa sih ketika ada pesanan yg susah dpt driver,mnding auto cancel aja min",4
"dulu suka banget pakai gojek , apalagi ada paylater meski hanya dpt nominal kecil 300 rb, eh stlh disuruh upgrade, sampai skrg selalu ditolak klo mengajukan paylater, jd maaf sy ubah penilaian sy ttg gojek 🙏🙏🙏 yg semula bintang 5 skrg sy ubah jd bintang 1",1
baik,5
👍🫰,5
UI nya skrg jelek banget..biaya mahal skrg,1
driver ga ada yg ngambil pesanan samsek,1
"pesan gofood, udah nunggu lama, sering benar di cancel sepihak",1
bagus tepat waktu,5
oke,5
sangat buruk buat ordr makanan nggu lama satu jam ujung2 ngm dapat driver. seblmnya d cancel susah harus nggu berjam jam baru bisa d cancel perut kelaparan pun ngk juga datang. begitupun ganti restoran sama gitu juga.... 😡,2
"perbanyak lagi driver lu, masa nunggu sejam baru dapat driver goride",2
Hidup di buat mudah dengan aplikasi gojek,5
aplikasi bermanfaat sangat membantu,5
mesan gofood kagak ada drivernya nunggu mau batalin lama parah,1
Top Markotop,5
"kenapaaaaa pas perpanjang gojek plus tidak ada notifikasi sihhh?????,jadi uang saya ke pake, padahal saya jarang menggunakan gojek pluss, g bisa di kembaliiinnnnn lagi uang nya😡. SANGAT KECEWA",1
Solusi bepergian di saat macet,5
alhmdulillah bagus...,5
lumayan,3
bagus,5
"tolong Banget cari driver nya itu loh lama banget, aku bisa maklumin kalau hujan tapi ini gk hujan sama sekali dia stuck di situ situ aja ampe penyakit kambuh juga gk bakal datang",2
bagus si.......... cuman ada yg kurang hehee,5
baguss,5
biaya penanganannya lebih mahal daripada ongkir. gila sih. cukup sekian deh. ganti ke apk sebelah lebih murah. gojek (gofood) dh ga ngotak biaya nya,1
keren,5
aplikasii selaluu terjadii gangguann,1
"harus nunggu 10enit baru dapat driver,, dan di surub nambah ongskus lgi biar cepat dpt driver. jelek.mending pakai aplikaai kuning",1
good banget,5
"sya kasih rate satu krna sngat2 mengenaskan bagi para drivernya,,,,,TOLONG pihak perusahaan untuk menegur dengan etis kpd para DRIVER YG berada didaerah jatim terutama Surabaya dan Gresik!! untuk berprilaku sopan santun serta etika kpd konsumen, saya Dua kli digresik naik GOCAR mndpati driver yg marah2 tidak sopan hanya hal yg spele yg skrirnya itu mnjdi prioritas konsumen tapi malah marah2 gjelas!? kdua digresik juga ini sya mndpari driver yg tidaK sabaran, bda dgan INDRIVE DAN MAXIM JGN MNTNG2",1
okay,5
sumpah sakit hati banget 2 kali order 2 jam gw nunggu pesanan makanan gw gak Dateng Dateng tulisan nya sedang mencari driver trus tiba tiba pesan di batalkan fix gw gak bakal rekomendasikan gojek ke temen temen gw sorry - gini ya lu punya apk gak mau di cancel dadakan makanya kasih waktu ke Cust 50-60menit menunggu - sedangkan Cust sudah nunggu lama berharap setelah 50-60menit bisa langsung makan tiba tiba lu cancel MANUSIA MANA YG GAK SAKIT HATI MANA KONDISI UDAH LAPER NUNGGU LAMA TRUS LU CCEL,1
driver ramah...berkendara dengan baik...hanya untuk wilayah cangkringan Sleman kurang jangkauan,5
sesuai keperluan...,5
ngebantu banget,5
ok,5
"masih ada aja driver yang malak² penumpang, sengaja minta saya cancel orderan pas ditengah perjalanan yang tadinya seharusnya bayar pakai promo 27.500 jdi bayar 40.000",1
gooood,5
aplikasi terbaik dari yang terbaik🤓👍🏽,5
Alhamdulillah beruntung bngt pke aplikasi gojek🤲🥰🫶🤗🙏,5
"jelek, nunggu lama",1
Mantappp,5
baguss,5
good,5
jos,5
"sorry ya deh drivernya pada minim attitude banget, apalagi driver gocarnya, padahal kita bayar loh",2
"jingan gua mesen gofood ,driver udh info resto tutup ,masih gabis di cancel kasihan driver nya gblk",1
ok,4
pelayanan sangat baik,5
aplikasi gojek sangat membantu,5
"bagus,,puas",5
sangat memuaskan layanan gojek,5
good job,5
Wow,5
"pengalaman yang sangat menjengkelkan, lagi laper banget udah nungguin sejam lebih malah di cancel karna gak dapet driver harusnya gojek lebih ketat lagi penerimaan mitranya, sok banget pada cancel semua",1
mantulll,5
BAGUS SI,5
cari driver lama banget sampe nunggu satu jam gua,1
ok,5
aku mau unstal aja gojek nya gak ada yang mau gerak,1
untuk di pulau jawa trbantu bgtt tpi buat kita yg di pulau timur tuh ckup susah yah bahkan nunggu makanan dan driver bisa smpe 4 jm sendiri semoga bisa di tingkatkan lagi yah baik dari kualitas pengiriman dan driver,3
ga bisa di gunakan,1
oke sangat bangus,5
"Tolong di evaluasi lgi ongkir gofood nya buat driver..jgn kasih driver ongkir 5000 😇 sy pesen gofood sering di cancel driver,karena ongkir murah..pelayanan gojek makin RUSAK KLO BEGINI !! HARGAI LAH ASET KALIAN,JGN CARI UNTUNG TERLALU BESAR.",1
"aplikasi gaje cuma mau login aja susah nya minta ampun, masukin otp sudah bener salah Mulu, ketika ganti otp malah di suruh nunggu 60 menit, kacau dah",1
"NYARI DRIVER SUSAHNYA MINTA AMPUN PADA GAMAU DAPET ORDERAN DRIVERNYA KEBANYAKAN MILIH"" TARIF, PADAHAL TARIF YG NENTUIN APLIKASI!!!",1
"kenapa gojek sekarang susah banget nyari driver? mana nunggu cancel nya lama banget, udah make express tetep aja gapernah dpt driver, bukan 1/2 x aja kaya gini, tolong ya pihak gojek",1
sngat bagus,5
bagus sekali,5
mantul,5
terima kasih gojek,5
ssiipp,5
jelek,1
bagusss,5
"Minta tolong perbaiki, dikarenakan telpon driver pertama nyangkut di driver ke 2, jadi di aplikasi telpon gojek saling bertabrakan dan membuat binggung driver ke 2.",1
Ok,5
"Bagus, berguna di saat tepat",5
bagus,5
ok lah,4
sangat membantu 👍,5
jago dlm transportasi,5
Memudahkan,5
mantaffff bedulll,5
semoga tahun 2026 gojek berjaya,5
adanya fasum online memudahkan saya untuk bepergian,5
melayani dgn baik dan mudah,5
"Penanganan akan case masalah pengiriman tidak baik, respon customer care lamban hampir 20 menit saya menunggu di chat room namun tidak ada tanggapan & solusi yang solutif. Buruk sekali tidak ada komunikasi sampai mana penanganan casenya, estimasi penangannya berapa lama tidak diinformasikan dan mengabaikan chat pelaporan customer. setidaknya diinformasikan atau setidaknya balas jika memang masih membutuhkan waktu untuk pengecekan atau membutuhkan waktu untuk konfirmasi kepada driver terkait.",1
ok banget,4
orderan gofood nya boleh deh di cantumin outlet yang berlabel halal,5
bagus,5
ok bg selalu ramah sama konsumen smangat,5
mantap,5
sangat evesions,5
APK go jek membantu memperlancar aktivitas kami.,5
naik gojek ....aman dan tepat waktu,5
Bagus,5
Nice bgt pokoknya,5
sangat baik,5
ok,5
haduhh..tolong perbaiki versi ini deh. cuma mau review tarif n lokasi malah hampir booking untung bisa segera ku cancel..yg versi lama lebih enak..yg ini bikin bingung,1
Mantaap Good,5
senang,5
tidak bisa berkata apa-apa pokoknya aplikasinya luar biasa gojek menyala bossku,5
"akun saya di blokir , padahal mau order gojek , ga jelas banget ni apk",1
"payah bgt dah saya dulu driver di gojek, dan pakai aplikasi gojek sudah lama, tapi sampai sekarang saya tidak mendapatkan yang nama nya gopaylater dan gopaypinjam",1
ok,5
👍🏿👍🏿👍🏿,5
oke,5
cepat.banyak promo,5
"kenapa ya skg cari driver food susah area semarang.udah sering banget seperti ini. kualitas gofood gak seperti dulu. dulu hujan badai driver ambil,sekarang boro2.bahkan pihak resto harus nunggu berjam2 akhirnya gak ada kepastian.",1
"Tolong dihapus aja gofoodnya, nunggu cari driver ko sampe 1 jam, tolonglah agak dikaji kembali waktu maksimal pencarian drivernya.",1
"perbaiki sistem pencarian drivernya, masa udah dapet driver dia bisa cancel dan sekarang user harus nunggu sejam baru bisa nganter orderan. buat agar driver bisa mengecek orderan sebelum mengambil orderannya, jadinya adil driver bisa ngecek orderan sblm di ambil dan user jadi g perlu nunggu lama utk cari driver yg baru",1
membantu sekali,5
"Gila ga ngotak banget, pulang kerja yg biasanya ongkos 20ribu doang, mendadak di getok jadi 105k sama aplikasinya padahal waktu di cek 20k, setelah isi gopay ke refresh sendiri harga berubah drastis ga masuk akal, kecewa berat, gajelassssss !!!!",1
"ngga bisa login krn lupa pin. mau reset pin jg ngga bisa karena servernya error, dan ini jg udh lama erornya, ada sebluanan. fix your goddamn server. * still didn't help with anything. how bout you guys fix your server or something? that might help",2
jelek banget driver gofoodnya udah 3 jam Gonta ganti resto ga ada yang mau ambil juga,1
"Mohon agar Gojek menambahkan fitur pembayaran via aplikasi Dana, supaya pilihan metode pembayaran lebih beragam, terimakasih.",5
oke pokonya,5
good,5
gojek 👍,5
"mengecewakan, lokasi sering gak tepat.",1
apk ga jelas uda tau driver lama dpt nya disuruh nunggu spa setengah jam lebh. di cancel g bsa. memalukan sekali. kasihan driver nya nanti disalahkan. klo memang g ada driver jgn di aktifkan apk nya. bodo,1
"saya naik goride setiap minggu sudah 3 bulan, harga nya 12k, tiba² harga nya jadi 15k",1
mantul,5
lama ga pake aplikasi ini buat perjalanan biasanya cuma buat transaksi doang,5
sangat kecewa di saat perlu dan mendadak orderan lama banget..,1
good,5
"gimana mau nyaman, sistem kalian semakin kesini semakin amburadul.driver selalu jemput jauh,argo gofood pelanggan bayar mahal driver trima 5-6rb hapus lah penjajahan era digital.jangan kaya caleg iming2 kesejahteraan tapi kalian merampas hak upah layak tuk driver",1
"miris layanan, tambah lama tambah ga karu karuan",1
luarbiasa gocar mantap,5
Lumayan membantu,5
"Sok-sokan pasang tarif pengiriman termahal dari aplikasi ojol lain. Tapi nyatanya Gojek tetap tidak bisa memastikan dapet driver di setiap pesanan. Selain itu, batas waktu untuk bisa cancel juga kelamaan, keburu restonya tutup. Tolong komentar saya ini bisa jadi bahan perbaikan",1
gile gofood nya lama bener hampir 1 jam,2
🤝,5
tolong sistem auto accept pesanan gofood itu di hilangin aja. ini pesanan saya di Terima padahal resto udh tutup gabisa dibatalin harus tunggu 1 jam. perbaiki lagi,3
lelet,3
"selama ini selalu nyaman pakai gojek, lebih murah jg 😊",5
mantap,5
sangat membantu disaat jam mepet,5
"baru kali ini mesen gojek sudah dapat driver tertulis 7menit tiba namun sampai sejam lebih saya menunggu tak kunjung tiba alasan macet, 20-30 menit oke GPP tapi sampai sejam lebih pdhl dan saya pakai apps lain di jalur driver gojek tidak macet aneh, bikin rugi waktu...",1
gojek tolong map nya di benerin karna sering gosend salah titik kasian drivernya,2
aplikasi nya mengecewakan,1
aplkis gbk jrak 2 mter aja kena 50rb kondisi hujan tp ya jngn kek lintah darat,1
pengalaman saya order makanan terlalu mahal semua nya di restonya jadi pemakaian aplikasi gojek sepi para pelanggan pengguna ojek makanan,1
tolong dipermudah dipercepat proses perbaikan gopay,5
"applikasi ok,driver ok",5
"rating saya begini karna sehabis update ongkirnya terlalu besar untuk gofood, dan saya langganan 3 bulan di gojek+ cuma dapet vocher 10rb buat ongkir gofood padahal ongkir di gofood sampai 20rb lebih dan sekarang di gofood tidak bisa memilih pengiriman express, reguler, dan hemat, harga ongkor terlalu memberatkan saya, semoga bisa di kembalikan fitur opsi pengiriman",3
mls ga dikasi promo.,1
SULIT NYARI DRIVER,1
sangat membantu mesan makan yg lagi mager hehe,5
pelayanannya jelek banget asli iyuh dah bener' apk dongo,1
nunggu driver untuk go food bisa 2 jam makin parah gojek,1
"BELI MAKAN JAM SEMBILAN SAMPE JAM 12 APAKAH GAK MATI NUNGGU 3 JAM PADAHAL YANG JUAL MAKAN CUMA 900 METER,",1
"aplikasi tolol, dibatalin tiba2 udh nunggu lama, mana cuma minta maaf doang! 3x dicancel dengan waktu tunggu. kenapa g dibikin langsung eror klo memang lg g bisa? bener2 bikin kesel!",1
aplikasi tidak berguna susah nyari driver di keadaan mendesak,1
"gk jelas nih, dapet drivernya jauh mulu",1
custemer di rating??bayangin aja beli di indomaret lu di tolak karena mungkin gak ramah?siapa yang jualan jasaa??toong ya gk banget,1
pesen ga datang2 ujungnya suruh batalin,1
oke,5
TOLONG TAMBAHKAN DI APLIKASI UNTUK BLOK DRIVER,5
"Aplikasi tolol. dibandingkan dengan grab dan maxim gojek jauh di bawah. sudah mahal, susah bener dapat driver. pada kondisi yang sama grab dan maxim bisa langsung dapat. aplikasi anak bangsa apanya, malah macam sampah.",1
"Pesan gofood tidak bisa dibatalkan karena status tidak jelas, walau sudah nunggu 1 jam dan chat ke CS responnya sangat sangat kurang",1
"gojek di purwakarta butut, susah dapet driver",1
"Gojek sekarang aneh, tiap order makanan dapet driver lama banget sampe 1 jam lebih. ga langsung di cancel sama resto. sekali nya dapet Driver di cancel sama driver nya. harusnya Gojek kasih peringatan ke driver biar jangan cancel orderan. rejeki ko di tolak. tapi ngeluh SEPI, buktinya driver suka cancel CUSTOMER.",3
double order tambah lama nunggunya bagi Customer,1
"Mengecewakan, driver cancel terus karena pilih2 pelanggan dan lokasi tujuan.",1
sipp bngt,5
okay bagus,5
kelamaan,3
TERBAIK!,5
"MEMALUKAN, ujan sudah berenti dari jam 4 sore, jalan ga macet, masih jam 7 malem susahnya nyari driver dpt driver 10menit gak gerak, dichat dibaca doang, jarak driver ke lokasi jemput cuma 1.5km driver chat bilang jauh banget jemputnya lemah sekali driver anda dikasih duit kagak mau padahal udh dichat bakal saya kasih tips akhirnya pesen maxim ga nyampe 2 menit udh sampe dan semangat berangkat, beda sama gojek merasa sudah terkenal namanya tp pelayanan 0besar dan sistemnya buruk",1
saya harap lebih banyak lagi promo gojek untuk goride,5
Kurang baik aplikasinya. Ada kendala dalam mencari driver. Saya menunggu selama 75 menit dan mau berangkat ibadah setelah nya tapi saat waktu sudah tiba drivernya malah sibuk katanya disuruh order lagi. Mohon dibenarkan lagi ya untuk drivernya. Saya nunggu lama nih malahan. Untuk saat ini saya kasih bintang 1 dulu karena masih banyak kendala hingga kadang salah alamat. Terimakasih.,1
selalu pilihan masyarakat,5
sukses selalu buat gojek,5
"kasih saran aja deh ,klu bisa dalam pemesanan Makanan atau minuman ,bisa ggk yah ongkir nya jangan mahal2 ,sering2 kasih diskon ,tapi jangan yg khusus gopay klu bisa yg bayar tunai jg 👍",5
"banyak driver tolol, nerima orderan tapi ditungguin gak jalan jalan",1
parah telat terus kalau beli go food,1
"sekarang nyari driver susah banget, padahal banyak di sekitar tapi gak ada yg mau pick up",1
kenapa musim hujan begini malam tahun baru susah sekali pesan gocek udh 5x saya batalkan karena menunggu terlalu lama pasti bukan karena ga butuh uang,1
top,5
saya selalu pake gocar tdk ada aplikasi lain. tapi hari ini sy kecewa hrs batalin 3 kali saat hujan driver susah banget. dan hampir semua kota,3
"sebenarnya aplikasi nya ini sangat bagus, cuma untuk pelayanan pengemudinya kurang bagus layanannya kadang-kadang ada yang malas kadang-kadang ada yang ngak, mohon diperbaiki lagi sebagai Pengemudi yang baik, makin maju dan jangan malas",3
mantap,5
mantap dahhhh,5
semoga selalu jaya,5
LAMBATTTT SUSAH DAPETIN DRIVER NYA,2
"ga dapat driver, pesan lagi malah naik harga nya ngerampas ini aplikasi",1
ok,5
good tranportasion,5
"lakkai gojek, nyaman aman,",5
trimkasih sngat2 membantu..,5
"kecewa pelayanan driver hari ini! bilang lokasi jemput jauh dan malah suruh liat maps, pdhl sya tau lokasi driver ke lokasi sya ga terlalu jauh dan jalanan pun hanya tinggal lurus bhkan ga macet dan gaada lampu merah. paling sebel pas dia nyuruh baca maps ke saya pake emot ""😅"" itu sih ga sopan menurut syaa. nolak cust caranya aneh .. gamau jadi driver mah gausah daftar. mending tidur aja dirumah 😌",1
"DRIVER LU PADA LEMOT , BANYAK YANG CANCEL DAN GA AMBIL ORDERAN",1
Yaman amanah ramah,5
"suka salah kasih map, harga juga suka naik sampai 200%",1
koneksi ke jaringan lama dan lemot padahal lagi mau diuse nyaa buru buru.....,1
aplikasi ga becus pesen driver ga dapet dapet padahal udh pake harga yg paling mahal,1
"diperhatiin lah driver""nya, sering bngt dpt driver muda yg cabul, apaancoba, ngegoda"" trs nnti blg byarnya dkit apalah",1
oke,5
sangat membantu,5
"kebangetan sop nya. udah verifikasi wajah berkali2 tetep gagal login, mau jd pelanggan gojek lagi, malah geser mulu ke grab gara2 system ini. payah. jd kesel, jd 4thn lebih gk pake gojek, 31 des 2025 mau login, masih gagal2 juga. kacau kacau.",1
"proses pencarian driver sangat lama, padahal saya pesan go food dari daerah yg banyak driver mangkal. sebelumnya tidak seperti ini, semenjak kemunculan MJD baru seperti ini. tolong lah masa perusahaan sebesar gojek gabisa ngoptimalin aplikasi nya sendiri",1
lambat...,1
ok bangat,5
good,5
ramah 🗿,5
sering delay dan sulit dapat pengemudi,2
ok,5
pendapatku bagus,5
"aplikasi gak guna, cs nya gak guna sama sekali, buruk dalam semua hal5t",1
"setiap pesen di gojek selalu dapat driver yang baik, tingkatkan lagi kualitas nya",5
mantap baru pake kedua kalinya,4
mantap,5
"sangat membantu saat membutuh kan kendaraan,, sukses buat gojek",5
"aplikasi membatalkan orderan tiba-tiba karena driver keluar dari jalur peta penjemputan karena mengantar penumpang lainnya sementara driver menerima orderan baru lagi, lalu saya pesan gocar lainnya dan pergi tapi driver yang pertama tetap datang ketitik penjemputan dan uang tetap dipotong langsung sama aplikasi .. lalu kenapa dia masih melakukan klaim sepihak sementara dia tidak mengantar saya.. ???",1
cocok aplikasi ini sangat bagus dan baik,4
saya ngulang pesanan tapi ga lgsg kebatalin sm pihak gojeknya alhasil pesanan saya double,2
Fery good..,5
Kali ini aku benar - benar mendapatkan diskon lumayan banyak setelah aku instal kembali. Dulu saya pernah download tetapi diskon hanya sedikit jadinya uninstall.,5
Keren,5
anjay bagus,5
oke,5
Murah dan Supirnya sangat membantu,5
aplikasi lancar jaya,5
Banyak Promo,5
aplikasi ampas susah buat hubungin cs live nya,1
aplikasi yang sangat membantu,5
👍,5
bagus 👍,4
aplikasi sadap data,1
"di kolom pencarian kok gangguan melulu yah... saya mau mesen makanan pas di cari "" maaf lagi gangguan"". kalau di menu gofoodnya masih bisa di klik dan tidak gangguan, tapi mahal² tampilannya aja yang -50% discount tapi gak sesuai fakta dan kurang banyak menunya!!!! tolong diperbaiki kolom pencariannya, jangan gangguan melulu !!!!",3
"nyusahin, mo log in pake harus vermuk segala, mana gagal terus ,",1
bagus,5
sangat membantu kegiatan sehari-hari,5
driver gocar banyak pilih.. mau nya ambil Cust. Tanpa bawa barang.. pelayanan nya sangat buruk.. minta uang tambahan kalo ada Cust. yang bawa barang.,5
byk promo makin seneng blanjanya,5
kemana mana jadi mudah,5
serba mudah,5
"pesen gocar malah di cancel sama drivernya, klu ga niat kerja jgn kerja bro. tidur di rumah sana",1
sip mantul,5
"demi apapun, aplikasi nya kayaknya harus di perbaiki ke depan nya, langganan gojek karena murah buat anter RS mama seminggu dua kali buat cuci darah, setiap dapet driver, driver gk respon wajar sekali kita cancel dong karena mau ke RS, eh gara2 kita banyak cancel karena driver yg gk respon kok akun aku sering nya di banned, lah konsep nya gmn kita yg dirugikan, kita pula yg kena akun nya, terakhir ini di banned udh lapor tetep aja masih GK bisa, percuma ngetik capek2 compalin, gk ditindak lanjut",1
"aplikasinya sangat membantu, bahkan tengah malam pun para driver masih ada yang bekerja, semoga diberikan rezeki para driver nya, cuman kekurangannya driver kalau pas ujan susah sekali bahkan yang driver mobil.",4
"Yang butuh Kendaraan cepat, akurat & terpercaya. MANTAAAPPP.",3
bagus. terbantu sekali,5
Welldone. Harga ga masalah. yg penting sampai tujuan dg selamat. driver komunikatif. oke lah,5
good,5
Alhamdulillah dgn adanya Gojek yg tidak bisa nyetir sendiri bisa pergi kemana mana dgn selamat mksh Gojek,5
mantapppp,5
mantap,5
bagus,5
cepat aman,5
Ok bagus cuman suka agak ngelag agar terus diperbaiki,5
sangat membantu saat akan pergi tidak ada kendaraan pribadi,5
"mau apapun jadi sat set tnpa ribet bersama gojek, memang andalan.",5
terimakasih Go-Jek,5
makin mantapp,5
"senang pakai Gojek, suka banyak promo 👍",5
nyaman,5
"udh tau buru² driver batalin tanpa bilng padahal udh setengah jalan itu kocak kocak ni gojek, harus nyari driver lagi dan itu ga langsung dapet nunggu 5 menit an",2
Bagus banget aplikasi ini (⁠≧⁠▽⁠≦⁠) 👍🏻✨✨,5
oke dan cepat sekarang nggak banyak lagi promo nya,5
sangat terbantu oleh greb karena aku kemana mana ga punya kendaraan,5
mantap,5
"terimakasih, menyediakan aplikasi yg sangat bermanfaat",5
ok,5
pelayanan mantab,5
bepergian lebih praktis,5
excellent,5
"Makin hari, tarif gojek makin mahal. malah jadi 2 x lipat. padahal udah make yang hemat",1
tepat waktu,5
"suruh nunggu selama 20 menit untuk tahu ujung ujungnya driver ga mau jemput tapi ga mau chat, buang waktu dengan sistem kaya gitu,",1
sungguh luar biasa aplikasi gojek..mksh,5
luar biasa,5
mantap,5
"saya sudah pake gojek dari tahun 2023 sampai sekarang masih setia menggunakan layanan ini karena di bandingkan dengan kompetitor yg juga tak kalah hebat bagiku gojek memberikan layanan yg baik dengan harga yg lebih terjangkau, saran saya mungkin bisa di tambahkan fitur ""about customer"" yg bisa di tulis langsung oleh customer misal aku orangnya jarang bicara di perjalanan( kecuali di tanya tentang jalan dan tujuan) dan lebih suka menikmati perjalanan,agat para driver tau kalau aku itu introvert",5
aplikasi yang sangat membantu 😍😍😍,5
"31 Desember 2025 jam 01:35, saya pesan makan 3 bebek goreng dengan harga Rp.35.000 diaplikasi dan totalnya Rp.105.0000, dengan pengantaran express Rp. 22.500, total 1 pesanan Tunai Rp.127.500,.. setelah ±30 menit kemudian, harga diaplikasi tiba"" berubah dimana pesanan 3 bebek berubah total harganya jadi Rp.120.000 ditambah pengantaran express Rp.22.500, jadi total yg harus saya bayar Rp.142.500.. TERIMA KASIH GOJEK, SAYA KAPOK BELI MAKAN DI APLIKASI GOJEK, NEXT SAYA AKAN BELI LEWAT APLIKASI GRAB",1
"drivernya gaada yang mau pickup pesanan, padahal kita nunggu udah lama banget",1
good,5
apk gopay saya tidak bisa buat transfer ke bank qris dan lainya.tolong dong bantuanya,1
perasaan dulu customer order langsung nyantol ke resto dan drivernya sekarang harus nunggu dulu selama satu jam lebih lama banget anjir 😡,1
banyakin promoo atuh,5
Makin mahal ongkir,1
"kecewa banget dengan estimasi jam kedatangan..sdh nunggu lama, malah gak dapat driver.hingga waktu terbuang..dan akhirnya ter cancel otomatis. gila waktu di anggap main2,malah lama pulak cancelnya..",1
ok,5
saya suka,5
sangat mantap,5
bagus aplikasi nya😀😆,5
dijam²ramai selalu di cencel terus. kecuali kalo harga tinggi baru diambil.,5
"saya selalu saja lambat menemukan driver di kota saya bahkan bisa lebih dari sejam dua jam dan itu sangat bikin frustrasi, terlebih lagi saat saya lagi lapar dan sedang sibuk tidak ada waktu memasak makanan. bahkan saya pesan di resto yang sepi pembeli tetap tidak ada yang mau menerima pesanan saya",1
"Sekedar cerita sedikit atau keluh kesah di saat kondisi darurat, drivernya ga pada mau ambil orderan padahal banyak yg dekat dari titik lokasi saya, posisi lg gerimis doang, alhasil pake aplikasi laen langsung ada yg mau ambil. Terima kasih",1
sukses slalu buat gojek,5
"bagus,suka pakai aplikasi ini,tapi suka kesal sama driver gocar kadang kalau tak mau jemput sering tak mengabari,tiba tiba mobil menjauh,jika memang tak bisa jemput setidaknya mengabari biar bisa cancel.",4
"hari ini saya pesan gocar ber5 dgn anak, sopir kurang sopan agak marah karena kami pesan gocar biasa, saya tidak tau sebelumnya jika harus pesan gocar XL, dgn pedas pengemudi bilang saya harusnya pesan gocar XL krn ber5 walaupun 1 orang anak saya bayi tetap dihitung 5, saya sudah lama berlangganan gocar, tapi baru kali ini ketus sekali pengemudinya, mau sy batalkan kasihan jg dia udah jalan ketempat kami, jd saya mengalah saja, mohon sediakan kami untuk blokir sopir yg gak kami mau",1
lama banget dateng nya telat sampe 3 kali,1
"cari driver pas hujan go food lama bener, udah kelaparan nunggu dari jam 6 sore sampai 10 malam nunggu driver itupun berulang kali pesen makanan ditempat yang sama",1
mantap,5
menyenangkan,5
kadang driver nya ada yg ramah ada yg gk,4
Menyenang kan,5
bagus dan mudah,5
agak kecewa krn double order tnp info,3
"Padahal udh nyaman udah enak bgtt tpi kok makim sini makin susah cari drivernya, selalu lamaa, pdhal bukan fitur hemat juga, tpi suka lama teruss gaapernah ada yg nerima😔 tolong dong pihak gojekk",4
mntap,5
"sudah coba langganan,makin jelek lagi, kapok ah,kapok selamanya",1
sangat membantu disaat butuh makanan,5
enak banyak canda,4
permainan ini sangat seru jika kita memiliki byk pelanggan tapi sering sepi dan costumer aneh' tolong kedepannya update agar lebih sering dpt costumer nya dan tidak aneh' juga potongan yg cukup kecil🥰,5
"10x memakai kurir by gosend buat antar barang dari toko pembelian,7x kecewa kendala putus komunikasi kurir gosend setelah barang tiba di lokasi. alasan dari kurir semua sama nomor tidak bisa dihubungi.",1
"saya pesen gocar dengan harga yg menjangkau tiba"" dicancel sama gocarnya suruh pesen lagi malah dapet harga 2 kali lipatnya tolong jarak ga jauh tapi harga dikali 2 kali lipat",1
Banyak driver yg mulai gak kompeten,2
sangat membantu,5
sekarang kualitasnya jelek masa nyari driver lamanyaa 1 jam lebihh ntah gofood atau gocar lama bgtt nyari driver yg lapar sampai kelaparan asam lambung naik! tolong ditingkatkan lgi kualitasnya,1
"awal² bagus sih, tapi lama² aneh. susah dapat driver, padahal kondisi lagi gak hujan dll, plis tolong perbaiki sistemnya. buat waktu nyari drivernya cukup batasin 15 menit aja, habis itu udah kalau lewat 15 menit gk dapat driver pesanan bisa di cancel. biar gak usah lama nungguin. tolong perbaiki lagi sistemnya",1
sangat memudahkan saya dalam beraktifitas,5
"asli pesen gofood pas ujan harus sabar"".. pernah pesen jam 8 malam datang jam 10 malam padahal dket cuma 2-3 km an.. sampe hujan terang dan jalan kering baru dapat driver.. padahal klo pake grab food aman klo ujan paling lama"" 1 jam an itu pun jarang jauh diatas 5km.. entah lah jadi males make gojek klo ujan dan resto pun sudah pada paham klo gojek klo ujan pasti susah dapat driver..",1
ini bagus aplikasi nya tapi tidak mahal 😘👍👍 tapi kalo Maxim gak bisa kayak gini memang hebat gojek 👍👍👍👍👍👍,5
"orderan makanan saya dibatalin berulang, saya sudah menunggu lama padahal",1
"pencarian driver lama, udah dibatalin malah driver udah datang, aplikasi g bermutu",1
"driver nya pd kaya,kek gampang banget cancel orderan pembeli😊",1
kereeen,5
pengiriman nya cepat sekali,5
"pake promo dilama2 in, giliran pake yang mahal langsung berangkat wkwkw. akal2 an",1
puas bagus,5
"go send dari palmerah ke stasiun kalideres, lumayan mahal bang kadang 75k atau 50k akhirnya kita ke tiki dah bang",2
pelayanan driver baik,5
pelayanan driver kebanyakn kurang ramah,1
pajak lebih besar dari pada biaya perjalanan bikin rugi🤬,1
akun gua kena banned perkara promo kalo ga mau kasih promo ya jgn promo dongo,1
sangat mambantu n praktis,5
baguss² sajaa,4
Nice App☝🏻,5
"tolong beri kita akses agar bisa chat ke tokonya disaat makanan sudah diterima, atau enggak kasih kita sebagai pengguna agar bisa mengembalikan makanan jika resto keliru, seperti saya sekarang ini. karena makanan yang saya terima tidak sesuai.",5
gojek sekarang drivernya udh bisa memanipulasi waktu ya? yg katanya makanan sampai dalam 6 menit hampir 20 mnit nunggu tetap nggk gerak gojeknya... mending nggk ush bikin estimasi waktu,4
memudahkan,5
ok,5
"sangat mudah dan tepat klo sedang dlm ke adaan darurat, mempermudah perjalanan kemana pun tujuan kita...",5
cepat.ramah dan aman 👍,5
"saya kecewa dengan sistem refund gojek, di aplikasi mengatakan saldo sudah di refund tapi yang du refund cuma jumlah tip yang saya berikan untuk driver saldo yang seharusnya saya bayar untuk pesanan tidak ada mssuk ke rekening saya, padahal yang membatalkan dari pihak resto. ketika saya chat cs nya disuruh menghubungi pihal bank sendiri yang dimana prosesnya ribet banget, harus menggunakan surat pernyataan bermaterai, dll. sampai sekarang saldo saya belum kembali",1
Servc ok,4
Mantap pakai Gojek,5
Alhamdulillah aplikasi gojek banyak membantu,5
Saya puas pake gojek. Pelayanan cepat - bagus,5
okeh sip mantab,5
mantap,5
"kecewa banget sih lagi butuh cepet malah harus nunggu 30 jam buat daftar, untuk pendaftaran mungkin harus diperbaiki lagi seperti 1 jam or something",1
excelent service,5
driver nya suka ambil double customer,3
👍👍👍👍👍,5
kadang bbyak diskon kadang gada,4
tarif nya Uda seminggu ini knp mahal trus. sy rutin bolak balik ktr kerumah biasa paling mahal 15 rb tapi ini diatas 21 rb. kenapa ya,3
jadi gausah keluar rumah buat makan,5
ok trimakasih banyak promonya.,5
the best,5
kok skrng malah susah bgt ya dpt driver? pada kemana ini driver nya?,1
makasih,5
aplikasi yg memudahkan kita,5
pelayanan customer servicenya buruk sekali...mengecewakan👎👎,5
baru kemarin naik gocar dan itu yg pertama kalinya .tapi gak disangka sopirnya bilang harusnya ibu pakai yg XL karna bawaan banyak .laa saya kan cuma sendiri kalau XL itukan untuk 7orang .mentang mentang aku ngangkut baju banyak dibilang suruh pakai XL .toh aku sendiri juga yg angkat bawaanku.tolong lah gojek gojek pelayanan itu jangan pilih pilih .kalau penumpang gak boleh bawa barang buanyak harus nya di kasih kapasitas bawaan 5kg gitu aja lh sekalian atau penumpang dilarang bawa barang gitu,1
"aplikasi bermanfaat, mudah digunakan juga",5
aplikasinya bagus,5
menikmati,5
ok,5
bermanfaat,5
kenapa dapat drivernya mesti jauh apa gak ada yg dekat,1
safetynya bagus,5
sangat membantu aktifitas harian saya,5
"Akun Saya Gak sengaja pesan makanan, karena iklan gojek di YT, ini karena saat pembayaran di gojek tidak ada pengamanan seperti diminta PIN Atau kunci biometrik.",1
cepat dan pasti,5
"Driver ny pada songong, pake voucher dari gojekny pas di pesen gk mau jalan jalan, Maxim mah gk gitu",1
"Gojek enak, asyik jalan-jalan, meski harganya waw bersahabat🎺🤠",5
sangat membantu saat ortu sakit bisa mempermudah pengantar,5
mantul mantap betul,5
nyaman,5
sangat membantu,5
"Lagi kecewa sama gojek,ada driver yg minta biaya tambahan yg gak sesuai aplikasi.malah gak di proses,katanya driver mau kasih kembalian customer nya gak mau.padahal jelas2 drivernya sendiri yg bilang,klo biayanya gak sesuai aplikasi!!!",3
sangat puas,5
"memudahkan kaum kaum ngojek untuk ngojek tanpa harus kee pengkolan ojek,dan memudahkan juga bagi tukang ojek untuk menerima tumpangan",5
cari driver gosend aja susahnya minta ampun rugi kalau gini terus nunggu driver berjam jam,1
"Saya kasih 5☆ blm nyoba sii, tp kalo ngecewain pelanggan langsung akuh turunin 4☆na! n` uninstall Oke.. 😹🙏 Ternyata semakin eror saya copot&turunin jd 1☆na Maapkeun.. Gojek semakin kesini semakin reze, tolong perbaikin! Agar pelanggan banyak yg tak kecewa😔 maapkeun aq turunin 4☆ 👉Saya saranin spt itu&1 lagi bisa dipindah apkna ke memory bayar lebih longgar internalna kak.. 😊 Nhun.. Minta update, m-mulu HBSin kuota.. otw hapus atuh•!🙏🥺",1
"kocak,tiap mau pesen makan..sebelumnya ad promo diskon bayar pake superbank,tp pas tiap mau dibayar,promo nya langsung ilang 🤣 udah beberapa kali kek gt mulu 🤣",5
bagus aplikasinya.,5
aplikasi bagus lanjutkan,5
baik,5
Aldllah semua driver baik ramah sopan,5
aplikasi ini mudah dipahami,5
okkk,5
luar biasa,5
apakah harga di aplikasi bisa di nego,1
awal2 murah. tapi makin hari tarif nya makin mahal. padahal dengan jarak tempuh yg sama. rmh kantor. kantor rumah tiap hari kek gtu tarif nya makin naik aja setiap hari heran itung2an nya gimana kali. awal 10.500 naik terus menerus sampai sekarang jadi 16.500 . padahal jarak tempuh sama dn cuma kesitu situ aja tujuan nya tapi tarif makin mahal.,1
keren,4
"gercep, ramah, amanah",5
aplikasi aneh ganti detik ganti harga nya extreme,1
sangat membantu,5
keren,5
sangat membantu ^-^,5
Sangat membantu dan memudahkan ketika ingin pergi kemana saja. Thanks Gojek,5
"mudah ada dimana mana, sukses selalu",5
semoga jaya terus,5
okey bangett,5
"masa saya batalin transaksi pakai auto debet bank mandiri, saya udah lapor berkali2 di email dan udah lebih dari 1 bulannnn dan laporan nya cuma dijawab ada diluar kendali pihak gojek?????? dan tanggung jawab pihak bankk???? padahal saya sudah datang ke pihak bank dan kata pihak bank sepenuh nya tanggung jawab gojek, karena pihak bank mandiri tidak bisa melakukan apapun karena yg melakukan pengembalian dana ya pihak gojekkk, TANGGUNG JAWAB BALIKIN DUIT SAYA RATUSAN RIBUUUUUUUU",1
gojek is the best cukup klik di apl ini lebih simpel dan semuanya bisa di klik aja deh gojek sllu di hati,5
aman dan lancar jaya,5
aplikasi tolol sudah betul dapat driver,1
jelek,1
sangat menguntungkan dan berguna setiap hari. membantu banget,5
Ok,5
"tagihan receh nagihnyaa kaya cacing kepanasan Wkwkwk, belom Jatuh tempo udah panik 🤣🤣🤣🤣",2
gojek pelayanan bagus,5
udh lama pake gojek..tapi gk pernah bisa pake paylater nyaa,1
bagus,5
Alhamdulillah.. sangat terbantu... Berkah Selalu Para Pejuang,5
Pelayanannya sopir gojek rata² memuaskan,5
mantap,5
oke banget dan banyak proonya. bisa makan makanan favorit dengan harga miring abisss. mkasih ya Gojek,5
josss,5
setiap pesen paket pake GO-SEND selalu lamaa,2
kenapa pas butuh banget di kasih driver rada jauhan? pas santai di kasih yg deket?,3
bagus 👍,5
Sangat membantu untuk transportasi,5
selalu di tolak,1
"3 jam mesan ga ketemu driver ,orang lapar!",1
good,5
satisfied,5
mantap,5
"Gojek sangat membantu saya dalam media transportasi,sangat bagus,joss",5
aplikasi cacatttrtttttt,1
"Aku selalu pakai Gojek, aman, nyaman,.pengemudi ramah",5
good,5
sangat memuaskan,5
good service,5
oks,5
"sedih bangett ga dapet dapet driver hampir satu jam, mana posisi lagi capek banget... ☹️☹️☹️",1
driver baik dan terbuka jujur,5
"yg di stasiun, harga murah dengan model input kode tidak bisa di input. php doang",5
sangat membantu di saat kita ada keperluan mendadak,5
Good,5
mantap 👍👍👍🙏,5
"driver ramah dan cepat, mau sabar menunggu, terimakasih 🙏🏼",5
"Gofood dapet driver tua bangka, udah deh tamat.. nyari alamat muter² bloon",5
menunggu dapet driver suruh nunggu 1 jam.. bayangin deh perbaiki lah sistem nya kalo gak dapet driver 10 menit langsung cancel aja..,1
bagus pelayanan cepat,5
GG sekarang bisa naik innova ribon 😁,5
cepat,5
good,5
rekomend makanan tidak ada yang discon,4
Sangat membantu,5
sangat membantu,4
apk sering close sendiri,1
memuaskan,5
bagus,4
ok,5
bagus dan bisa jadi solusi kalok mager,5
sangat membantu saya,5
aman dan amanah,5
membantu,5
paling murah,5
bagus,4
sering2 evaluasi driver.. biar gak rasis dan punya mental kesehatan yg baik,3
oke bang,5
mudah di gunakan,5
pengiriman cepat.. driver ramah,5
driver nya lama ga sampe²,3
"pesen go food suka lama, apa karna sekarang sistemnya gitu ya? padahal mesen makanannya yang ga perlu dibuat dulu, tapi tetep aja lama",2
Saat hujan tarifnya mahal.,1
solusi transpirtasi yg tepat,5
bagus,5
banyak ngasi promo. terima kasih sudah banyak memudahkan pengguna dan memberi lapangan kerja para driver,5
sangat membantu,5
"setelah no telfon di blokir karna alasan yg sebenernya bukan salah aku di aplikasi sebelah, akhirnya beralih lagi ke gojek. ternyata emang lebih nyaman pakai gojek dari pada aplikasi sebelah",5
"kalau memang ga dapet driver, harusnya 20 menit bisa batalin. kelamaan nunggu udh gitu ga dapet voucher sama sekali sebagai kompensasi membuang waktu saya",1
"ramah,sopan",5
gacor,5
sangat membantu,5
membantu sekali.,5
aplikasi gojek sangat membantu saya,5
sangat membantu,5
sangat membantu,5
penolong kaum mageran,5
Saat pesen gojek datang nya cepet bnget 10 menit udh nyampe,5
pokoknya aplikasi yang bagus. makin sukses gojek,5
supirnya baik dan ramah,5
amazing,5
mantap,5
bermanfaat,5
ok banget sangat membantu...maju terus gojek Indonesia,5
banyak potongan dan haega promo,5
"apapun keperluanya,gojek selalu ada",5
mantap,5
memudahkan dan nyaman,5
pesen gojek angkutan 1 jam lebih belum dapat driver. lama2 aplikasi tidak membantu sama sekali.,1
Gojek Ok..,5
wow limitnya gede tp cuma 6 bln....syaaahduuuu ngeri2 sedap,2
murah dan bagus,5
kemana aja jadi mudah dan cepet,5
ok,5
rudet,1
ok,5
iki aplikasi pekok bgd pilihan pickup trll smart. driver sdm juga trll tinggi menyusahkan cstm,1
"pesan apa saja susah dapat driver, dan pada jauh2, padahal disekitar banyak driver dekat2, aplikasi ga guna",1
asik,5
bagus,5
cocok yang g mau ribet kalau pergi dadakan,5
murah,5
"map gojek kacau,, seharusnya bisa sampai dalam 10 menit ini map nya sengaja dibuat jalannya agak jauh biar ongkos apk banyak dan dengan alasan jalan Mulu tapi kenyataannya map gojek parah jelek . sudah mahal map nya kacau mendingan pakai Maxim atau grab aja yg lebih murah dan map jelas . hadeehh gojek jelek",1
selalu siap kapan aja. sopan. mengantar dgn rute yg tepat,5
"sekarang drivernya pada gak bener, apalagi go food, kami bayar sesuai tarif di aplikasi",1
Nyaman dan aman,5
PERHATIAN UNTUK PELANGGAN GOJEK KALO KALIAN MEMANG GAK SENANG SAMA DRIVERNYA LEBIH BAIK DIAM GAK USAH PAKE RATING2 JELEK.KRN RATING KALIAN ITU MEMPENGARUHI AKUN DRIVER YANG BERSANGKUTAN.INGAT DRIVER JUGA BISA MEMBERIKAN RATING KEPADA CUSTOMER.LEBIH BAIK GAK USAH KASIH RATING DARI PADA BIKIN SUSAH DRIVER.,5
mantab,5
"untuk sekarang ku kasih bintang 2 karna skrg tgl 28/12/2025 jam 13.23 WIB blm nemu driver, sulit nemu driver! ga sampe malam jg dong drivernya sibuk ini bener bener keterlaluan! ga nemu driver! sampai jam 01.45",1
full bug,1
gojek is the best..,5
apk sampah,1
"apk nya mantap pokok,y",5
"gojek ini aplikasi pelayan jasa yg titik alamat akurat dan tepat.. byk promo2 yg ditawarkan , semoga seterusnya menjadi yg terbaik",5
nih gojek bbnr bnr kelewatan proses pngemblian dana smpe 1 bulan blm di proess juga dkarywan makan gaji buta kali ya pihak mercant sudah setuju pngembalian dana woiii tollol knpa smpe 1 bbulan gini blm balik saldo saya kerja apa enggk itu admin admin nya!!!!!,1
sangat membantu,5
kadang2 suka eror,4
menyenangkan,5
dulu banyak promo enak sekarang malah paling mahal di antara apk food yg lain payah,1
"finding driver teros sampe 1 jam, ini finding driver apa finding NEMO ?",1
"Alhamdulillah aplikasi gojek lebih mengutamakan kepuasan pelanggan.tanpa harus tau berapa isi penumpang,,, soalnya sebelum ini kami sudah ditolak 2x dbrand kuning alasan nya penumpang kepenuhan.",5
maaf,5
gokill,5
"Tolong dibaca untuk management yang mengelola Gojek saya pesan goride dari masih di dalam mall lantai 2 sampai saya jalan keluar titik jemput taman sakura Aeon mal BSD belum jalan juga driver nya pas saya chat jawaban nya ""saya kan tadi chat titik jemput nya sudah sesuai atau belum soalnya kalo muter jauh"" saya tau mungkin driver nya pernah dapat cust seperti itu tapi bisa ga gausah di sama ratakan? Titik yang saya taruh di aplikasi itu tempat ojol biasa pickup lohh.",1
exellent,5
membantu kalau gk ada yang jemput balek sekolah,5
"Setiap di jam malam susah cari driver untuk mengantarkan makanan, mohon diperbanyak driver food nya dong!!! mana sering cancel orderan driver nya!",3
ok bgt,5
"drivernya parah skrg mah, yg deket ga mau ambil KLO ga rute Deket msa hrus pake tol.",1
aplikasi tolol kalo emang gak ada driver konfirmasi kek apa kek nunggu 2 jam tau taunya driver sibuk giliran mau pesen lagi toko nya udah tutup aplikasi gila,1
aplikasi nya lumayan bagus tapi kurang untuk saya karna ga bisa chat di jd,5
lambat lambat,1
payah ini aplikasi gk bisa beli tiket KRL padahal dh pake versi terbaru🤣🤣🤣🤣🤣🤣🤣🤣🤣,1
tolong notifnya diperbaiki sering muncul,4
Good,5
mantaff,5
ok,5
"Parah banget, pesen gofood sampe nunggu satu jam malah gagal alesannya karena driver sibuk! Pdhl sebelumnya udh dpt driver & udh ngchat jg klo dia udh d resto. Mau batalin pesanan krna stgh jam nunggu gk dtg2 tapi gk ada opsi buat ngebatalin, giliran nunggu sejam malah batal sendiri! Ini kalo org lg lapar banget pasti kasian d phpin sama aplikasinya. Tolong maklum kasih bintang satu & maaf banget gk mau pasang lagi, kapok!",1
Antar dengan semua armada baik dalam pelayanan,5
"cari driver lama mau dicancel takut maag kambuh gabisa,otoriter sekali ga mikir kesehatan orang.bahkan gak sengaja kepencet pesanpun gabisa dibatalkan.kayak tanda2 mau gimana kalo seperti itu ni perusahaan",1
"Sistem Gofood yg dobel order itu nyusahin customer! beli makan yg langsung jadi jdinya luama gra"" driver harus nunggu di resto satunya. biasanya 15 menit udh sampe ini smpe sejam lebih! MAKIN LAMA MAKIN NYUSAHIN",1
"pesen goride gocar 1 jam gak dapet2, Driver pada kemana",1
DRIVER selalu menolak mengambil pesanan di area pontianak ke JL pemda,1
sistem pemesanan makanan dan maps sering error terutama saat setelah hujan. Saya menunggu pemesanan makanan > 1 jam. Saya tidak dapat menghubungi resto dan bertanya bagaimana kondisi pesanan saya dan di sistem terdeteksi masih mencari driver. saya harus menunggu chat bantuan dengan cs yang cukup lama. Pelayanan sistem yang buruk,2
good apk,5
"pembatalan nya susah, pernah kurir telpon ternyata restonya tutup tapi mau batalin susah banget. terus driver gak dapat2 dan harus nunggu 1 jam, keburu orang kelaparan bjirr",1
jelek banget aplikasinya lelet lagiiii,1
"NAJIS BANGET PROMO NYA HILANG HANGUS HANYA GARA GARA DI BACK DULU BUAT TOP UP?, GAJELAS",2
"Sebenernya bagus, cuman ga suka sering langsung ke klik cari driver, padahal lagi liat alamat dulu, coba klik konfirmasi nya lebih jelas, biar ga pusingin orang tua",5
"saya bingung untuk gofood, saya sulit dapat driver, apakah alamat saya bermasalah, beda kalau goride & gocar cepat, padahal gofood kita perlu pas lagi tidak bisa keluar rumah. tks",3
"Akun dengan NIK Driver jangan hanya untuk satu nomor HP, biar bisa bikin akun lagi dengan nmr HP lain, supaya bisa transfer ke akun milik anak si Driver,yang belum bisa punya KTP(NIK).",4
"perbaiki untuk carnya jangan pilah pilih orderan , bikin hancur nama baik gojek aja .",1
"tidak rekomendasi sering kali driver gocar tidak jalan di hubungi juga tidak di angkat kalau bisa sistem nya band orang"" seperti itu",1
"terimakasih dengan promo""nya terbaik",5
Good additional fast transportation when crowd,5
mempermudah PERJALANAN,5
bagus,5
sering-sering promo gede-gedean di gofood ya.. makasiii,5
"bepergian mnjadi lebih mudah, tq gojek.",5
tolong sediakan customer service yang bisa dihubungi tidak hanya pesan cepat. dan jika ada perubahan harga tolong jangan membuat customer harus memasukan kembali alamat tujuan. terimakasih,3
aman,5
mantap,5
baguuuus bngt...,5
"sedikit masukan dengar cerita driver kerja di jalan panas hujan di alami bahkan bertaruh nyawa dan penghasilan tak seberapa tapi klo lebaran ga dapet THR , sedangkan kantor"" gojek yg kerja penuh kemewahan serba AC dan fasilitas dapet THR, setidaknya separuh dari 1 bulan gajih UMR di berikan dari pada tidak sama sekali ,,",3
sangat puas selama pengguna APK INI,5
mantap,5
"not rekomendasi, pesanan satu jam GK ada drivernya.. udah keseringan, bayar pakai gopay, tentu di hapus lagi aplikasinya..sekalian juga apk gopay di hapus, buat sampah saja.di hp. . 👎👎👎",1
excellent transportation in Indonesia especially Denpasar City Bali,5
"pengajuan gopay pinjam selalu di tolak, padahal sudah tidak punya tunggakan beberapa bulan.",1
"so far ngebantu gw bangett,, 8th pake gojek",5
aplikasi kalau pesan gak sesuai titik,2
ok,5
mantap promonya,5
mantappp,5
"suka dengan promo-promo nya 😁, tapi kalau terlambat bayar go printer ampun-ampun dendanya ngeri banget 🥵",5
tolong diskonnya,5
respon cepat.,5
mudah digunakan,5
"klo dpt promo gojek/gocar murah gada yg mau ambil, pdhl butuh, driver pada pilih pilih",1
mantap lanjutkan,5
mantap,5
prima dan flexsibel,4
"Aplikasi paling buruk diantara semua aplikasi food delivery, sudah biaya mahal, mencekik driver, dan juga tidak bebas membatalkan/mengubah metode pengantaran. Saya perlu menunggu kopi saya selama 1 jam untuk toko kopi yang kosong ketika saya datangi langsung",1
membantu banget! aplikasi yang nemenin aku kemana mana.,5
"semakin kesini kalau driver jarak dekat jarang ada yg mau.. kalau saya tanta driver potonganya gede makanya gda yg mau,, nah kalau sudah gini saya sebagai customer merasa dirugikan!!! yg bikin promo siapa malah customer sama driver yg dirugikan,, tolong bnerin!!!",1
sip deh,5
top,5
"oke,ckup membantu",4
selalu saja tidak bisa mendapatkan driver apa guna apk kalau tidak bisa kasi pengaduan ke halaman CS nya?? saya bingung dengan Apk ini saat belnja dan mencari driver selalu tidak ada driver nya,1
lewat jalur belakng banyak org bisa lewat aplikasi gk bisa kecewa,1
mantap,5
"coba tolong jangan ada driver cewe atau gofood cewe. Udah beberapa kali order itu yg cewe lelet, ada masalah lah minuman tumpah. gak gesit tolong hanya cowo aja bener benr risih",2
mantaaaap... mudah digunakan,5
lumayan bagus kebantu banget sama driver ee,5
cepat dan tepat,5
pesab gofood untuk makan anak saya 1 jam lebih tidak dapat driver dan tidak bisa di batalin kecewa banget ... gojek parah langsung uninstal,1
lof deh,5
oke,5
online dari kemarin gak di kasih orderan maksdnya apa,1
"Aplikasi sangat berguna, terimakasih pak driver , driver sangat ramah",5
"untuk driver lebih profesional lagi kalau malam hari,jangan tiba tiba di cancel.",4
aplikasinya membantu untuk yang tidak ada kendaraan,5
"senang pake aplikasi gojek, mudah cepat pelayanan bagus.",5
opratornya sangat sigap,5
"pencarian drivernyaa lama, musti makan waktu kisaran 30 menit baru dpt.",2
terimakasih gojek,5
"saya pengguna setia gojek selama nie nyaman cuman saran kasih menu tuk chat CS bukan boot gojek smakin ke sini semakin jengkelin driver mnta cancel,alasan agro gk cukup trus nego hrga. . yang netapin aggro siapa..?!!",1
"kami rasakan kemudahan setiap menggunakan gojek, terima kasih",5
mntap,5
ok,5
ramah,5
amanah,5
"abg ojeknya berprilaku tidak sopan bicara nya, saya enggak terima dengan bicara nya Dengan berkendaraan motor Yamaha NMX, plat BK:4120AMO",1
makasih,5
oke,5
sangat membantu,5
saya sudah menjadi langganan pa gojek karena merasa aman nyaman aja,5
mantap,5
"Setolol ini, ada riwayat pinjam dan chat DC yang sama sekali ga ada adab sesama manusia, telat 2 hari dan masuk denda, tapi chat sangat keji, saya pikir pelayanan seperti notif, ramah dan sopan, tapi nyatanya bikin sakit hati. Lapor OJK lebih baik",1
oke rekomendasi untuk ojol ayo pake gojek,5
"sangat membantu, cuman ada bbrp driver yg lupa kalau dia bergerak di jasa layanan. jadi ya aneh2 gitu deh.",5
ok,5
makin lama makin bosok aplikasinya,1
mudah digunakan dan drivernya berintegritas,5
👍👍👍,5
baguss dan akurat,5
bnyak promo diskon skrng,5
oke,5
bagus dan jepat sampai,5
bolelahh cukup paham dan keren #cintaproduklokal,5
memenuhi kebutuhan transportasi sehari2,5
ga ngotak nih operatornya..... jauh² bangetz driver nya.,3
aplikasi gojek emang te best dari dulu,5
driver nya lama,1
saya membeli tiket krl masa 15menit langsung hangus,1
bagus,5
cocok iwak ndok....,5
"penjmptn cepat,sikap driver sopan👍",5
oke bangat,5
Kren makin simpel,5
"lag banget woilah, UI + Animasi nya di kurangin, minimaliskan UI nya, memang keren kalau kompleks, tapi kasian yang handphonenya engga kuat buat semua itu, saya hanya memberi saran.",3
"telah pindah email hp.lok.propinsi t.pernah bermitra driver Gojek dijkrta,dpt undangan utk aktifkan aplikasi mitra driver Gojek. trms.bpk ibu admin Gojek Medan",3
kemurahan jek,2
mantaap,5
ada sopir gocar kurang aja. sdh nunggu lama. tiba2 dia batalin dan ngechat . naik onta saja atau jalan kaki namanya resky atessa plat B 1957 HOZ. langsung uninstal ajalah.. sdh ngak nyaman pakai gocar parah,1
Apk Gojek keren dan murah sangat dan untuk mencari rute tercepat pakai gocar aja di apk gojek,5
andalan,5
kok akun saya nggk aktif,1
ndk sanggup sm aplikasi ini ni lebih mahal ongkir dari pada makanannya,1
aplikasinya terjangkau,5
mantap 👍👍👍👍,5
"bagus sih bagus, tapi suka error kalo, lg pesen go transit.. kuota msh banyak, aplikasi yg lain msh jalan, tapi gojek tb² nge lag, tb2 gbsa di gunakan, alasannya internet mati, tapi aplikasi lain msh jalan, WA, IG msh ada notifikasi masuk, tp gojeknya gak ada internet.. kan aneh",4
ramah driver nya,5
"titik antar di aplikasi tidak sesuai sekali dengan titik di google maps, sehingga menimbulkan kesalahpahaman antara driver dan penumpang, sehingga driver menurunkan penumpang di titik yang salah dan tidak sesuai",1
"lancarrr banget sangat memudahkan dalan segala aspek, lapar, jalan, transaksi muach love youuu semoga menjadi lebih terbaik dari yang baik",5
"apk gajelas, udh nunggu 1jam malah dibatalin sistem, lucu² yaela 😂😂",1
pelayanan sampah,1
"senang naik gojek, karena selalu siap setiap saat😊",5
makin kesini makin gak jls. lama bgt kalo mesen gofood.. hampir sejam ga dtg² dan berkali kali ganti driver,2
bagus pelayanan,5
"gofood lambat bgt, mesan nunggu 2 jam gk ada di proses"" statusnya disiapkan doang, dibatalin gk bisa""",2
GOJEK KENAPA PAYLATER KU DI TOLAK? SEDANGKAN DULU SEBELUM GANTI NOMOR BISA DIPAKAI? APK GAK JELASSSSS,1
"parah banget sistemnya sekarang. udah berkali kali pesen pakai gojek selalu nunggu ordernya sampai 1 jam, lalu tbtb dicancel sendiri, berulang ulang kaya gini dari saya order pukul 18.00 sampai jam 21.00 masih sama aja. Tolong ya gojek diperbaiki sistemnya, saya cari makan sampai kelaparan, ini merugikan customer banget. apalagi ga bisa dicancel sama pelanggan kita dibuat nunggu lama tapi ga dapet apa apa.",1
"kecewa banget ketika order makanan tapi pas sampai dalam keadaan dingin. bukan karna penjualnya, bukan karna drivernya, tapi karna sistem double order yang masuk ke driver jadi pesanan pertama harus ikut nunggu pesanan kedua. Tambahan biaya untuk yang express juga tidak bergunaaa karna datengnya pun lama",1
dompet saya di ambil driver,1
Kelamaan nunggu....,2
Gojek memang nomor 1 bikin mau kemana pun mau makan apa pun jadi gampang,5
"kalo hari hujan susah cri driver padahal banyao driver yang stan by, padah kita butuh cepat klo gini cara gk usah aja pke aplilasi ini lagi",1
sangat membantu,5
driver ikutin sesuai titik order dan efekmacet minta tambahan biaya rp50k,1
"masukan buat gojek, tolong mitra gocar nya, kalau memang tidak mau ambil orderan karna jarak dan harga tidak relevan di aplikasi jangan diambil. sudah diambil tiba-tiba dicancel atau karna alasan jauh, kalau memang tidak mau ambil orderan jangan dipencet, kesannya php, apalagi dalam sekali order saya sudah di cancel 4 driver",1
Gojek uang 5,5
tolol,1
"kalo misalnya dari awal gabisa nganter pesanan tolong dong dikasih tau penyebabnya sama tombol cancel, haduh gmna sih ??",2
"ini gojek kenapa selalu nyari driver yg jauh si padahal driver disekitar kita tuh banyak, jadi buang buang waktu buat nunggu, dari sisi driver jg kasian jemput sampe 2km, ini IT pada bisa kerja ga sih? kalo di grab ga jauh drivernya, lebih baik grab efisiensi waktu dan harga jg lebih hemat grab",1
kak.. barang saya ada yang tertinggal dj gojek.. saat saya ngechat drivernya gabisa.. padahal itu barang penting.. mohon sarannya ka,1
"ini kenapa apk nya,klo mesan gofood jadi double orderan,abis waktu jadi kelamaan nunggu krna double orderan,mohon diperbaiki kak🙏",3
"pada saat memesan gocar alamat tujuan salah lebih jauh (13km) jadi tarif lebih mahal, bukan nya secara otomatis memperbaiki harga saat perubahan rute tujuan (hanya 5km padahal) saat di jemput driver 😑 merugikan costumer, mau niat cancel driver gak tega, tapi tolong untuk otomatis merubah tarif setelah merubah Sampek kapok untuk sementara pake aplikasi ini edit : gak makasih, 5km untuk 167k :) saya kapok.",1
saya kecewa pas saya mau pesan kok ada tanda eror apakah kalian juga?,1
"susah banget ganti ke pencarian berdasarkan menu, setiap nyari seringnya yang ketemu nama resto, padahal saya mau makan menu spesifik bukan nyari resto spesifik, tolong diberi opsi lah, masa kadang doang muncul opsi pencarian berdasar menu, kasih di filter gitu kek, nyebelin banget sumpah",3
"sdh 6 tahun pakai ini tapi dgn kejadian ini saya sangat kecewa,. Gojek tidak bisa menindak mitra yang Kotor • drTransaksi Gofood TF ke REKENING BCA tidak dianggap SAH Karena Tidak sesuai dgn nama Driver(mitra Go-Jek) tidak besar nominal,. tapi amat sangat KECEWA & tidak akan pakai Jasa Go-Jek lagi",1
jelek banget semenjak donwload ulang jadi lag dan selalu terkeluar paksa dari aplikasi,1
sangat membantu dan puas untuk semua pelayanan nya,5
banyak diskon....sangat membantu,5
"Gojek tujuannya adalah mempermudah mobilitas masyarakat. Tetapi semakin kesini dari sisi driver yang semakin banyak yang seenaknya sendiri (dengan beralasan dapat upah sedikit dari gojek) jadi memilih² dalam mengambil pesanan dengam berbagai faktor (cuaca, jenis barang, berat barang walaupun memenuhi kriteria) ketika cuaca hujan susah sekali daoat driver harus ada kebijakan dari pihak gojek",1
fitur scan QR nya benerin kek dari kemaren scan lemot banget udah ngepas juga masih diem aja buset,3
cari driver buat pesen makan susah minta ampun nunggu lama ga dapat dapat,1
sangat membantu setiap hari,5
"dikota kendari rider sudah tidak ada. pesan makanan, tidak dapat driver sampa 2 jam... tolong gojek ditutup saja kalau memang sudah tidak ada rider. Harga juga ngk ngotak, jarak dekat grab cuma 9rb tapi gojek 17rb... aplikasi yg aneh",1
saldo saya 3 juta TDK bisa diambil parah gojek,1
"ko mahal sih tiba""?? aku kena charge 44rb padahal biasanya 26-27 rb gila. masa lebih mahalan drpd transportasi bus? error atau emng kurang ajar?",1
sangat membantu perjalanan...thanks gojek,5
promo² gak menarik mahal pula ongkir nya,1
gaada cs bot tolol,1
gampang sih dan mudah dengan gojek ... tapi sayang 2x gopay pinjam di tolak Mulu padahal gk pernah telat,3
baik,5
"verifikasi wajah eror mulu dari bulan kemaren, jadi gk bisa login",1
sangat baik,5
lebih muraaahhhh kinjaaaaa,5
"saya kecewa dengan sistem perubahan pin gopay yang tidak bisa terus menerus , selalu gagal karena gangguan teknis itu maksudnya gimana ya? saya sudah mengadu lewat bantuan tetapi tidak ad sama sekali respon dan perubahan.",1
sangat baik dan membantu,5
"Aplikasi aneh akun saya tiba"" nyangkut di akun orng lain Udh di lepas g bisa"" tolong di perbaiki",2
"mesan makanan make reguler sm yg express sama sama lambat terus nge bug di 31 menit (udh 1 jam pesan tapi menit masih di 31) malah tb tb di cancel, keburu laper nunggu 1jam an terus",1
"kenapa sekarang kalo dibuka sering lama loadingnya ya, padahal jaringan bagus, tolong diperbaiki lagi masalah lag nya,",5
bagus pol pesen makanan jadi lebih praktis,4
aplikasinya jelek pelayanan buruk susah sekali cari driver setiap pemesanan tidak bisa dibatalin dan driver jarang ada,1
"sangat buruk,payah masa jawaban cs bot",1
praktis dan cepat secepat kilat,5
"apk hama, gw isi saldo main sedot sedot aja, lu pikir isi saldo ga pakai duit? gw ga ada sambungin ke apa apa tiba tiba ke sedot saldo",1
LAMA BGT DAPETNYA KALO UJAN,1
sangat membantu dan memudahkan,5
"bayar lancar, limit di block! setiap sabtu minggu tarif gocar naik 100% ! karya anak bangsa : mahal!",1
"apa punya ku aja yaa, saat mau pesan GO-SEND tidak muncul yang untuk chat hanya saja tersedia tlp?",4
bagus,5
sangat membantu sekali,5
pakai asuransi segala,2
"Ngapain beli gojek Plus kalau langsung dimahalin.... biasanya anter makanan 2 km 5k sekarang 18k dipotong 12,5k jadi 6k sama ajj.",1
👌👍ok,5
senang menggunakam gojek🙏,5
"buruk banget sama layanan gocar-nya.. setiap kali pesan, minimal 3x dicancel terus sama drivernya.",2
"masa hampir 2 jam menunggu driver , lamat bgttt saya harus bolak blik buka aplikasi",1
mantapp,5
Pengalaman terbaik & terseru naik Goride Comfort Motor Listrik...,5
thank you,5
"kok gojek ga ada fitur pembayaran pke qris ya min, gabisa ditambahin fitur qris nya, biar mempermudah juga orang2 yg lg terdesak dn gabisa ngisi ulang saldo GO-PAY",2
"mapnya benerin, udh tau drivernya ribgan tangan kasih rating jelek, minimal fitur²nya lebih reliable sedikit gitu",1
semangat kebersamaan untuk sejahtera,5
"cepat dtng nya..tdk tunggu lama, jd saya kasih bintang 5",5
bagus drivernya,5
adem,5
cepat tanggap,5
"driver kebanyakan manja, bilang macet macet eh pas gw kesana nyatanya ga macet",1
saat membantu saya saat berpergian kemana mana,5
sangat mudah untuk transportasi,5
good,5
asik,5
langsung anyep ya,5
sangat terbantukan disaat dibutuhkan,5
"Kok makin gak jelas sih nih aplikasi Menu untuk gopay ,gocar,goride kenapa gak ada???????? Makin hancur aja",5
klo lg hujan susah bgt dpt nya. suka pd cancel jg pdhl pesennya go car. bikin telat sampe 30 menitan ga ada yg ambil pdhl banyak go car yg deket di sekitar rumah.,1
sangat bagus dan ermanfaat,5
mantap aja pokok nya hehehe,5
gojeg mantap,5
sangat baik,5
nyaman gampang,5
"bapak driver nya baik ,nyaman bawa mobil nya",5
"susah bgt ngehubungi customer service manusia, jd gabisa jelasin kendalanya, diarahin ke boot aja, padahal mau ngetik pertanyaan sendiri",1
sangat membantu dalam operasional,5
"gak sengaja kebeli orderan karena layar hp yang rusak suka ketekan sendiri, sudah coba batalkan sampai laporan juga lelet banget pelayanannya.. bilangnya mau dihubungi segera, ditunggu gak ada balasan sama sekali.",1
mantaappp,5
"alamat di grab ada di gojek gak ada, aneh",1
sangat membantu bgt❤️,5
good job,5
bgussss,5
MAKASIH YA UDH JADI PENYELAMAT CEWE AKU PAS LGI LAPER,5
driver di map kadang ga gerak gerak,3
great,5
cepat dan bagus,5
aplikasi nya bagus membantu. tapi ada sebagian driver mobil yang di order tidak bergerak bahkan di hubungi tidak respon. pdahal buru² mau ke Rumah sakit. harap saring lagi driver mobil yang ga niat narik,5
Bagus,5
sangat membantu di waktu darurat,5
ok,5
keren abiss,5
menyenangkan😘,5
Mantap,1
saya suka gojek,5
mksih penjemputan baik,5
"Please banget! Sediain Fitur ""SKRINING VALIDASI"" Soalnya udah beberapa kali kecewa dengan Goride, Motor yg di apk beda sama motor yg datang. Udh bayar mahal tapi gak sesuai ekspetasi. Mau di Cancel juga gak enak. Motor butut & jok keras bikin badan sakit. Kesel banget!!",2
agak lelet ya🙏🙏,5
mantul,5
"baguss banget, pokoknya gercep deh",5
mudah2an lancar lagi ya limit gopinjamnya ya min. dr mulai diksh limit 800 loh.,5
"sistemnya makin aneh! pesan gofood gadapet driver lebih dr 1 jam gabisa dicancel dan gabisa chat resto utk minta cancel dr resto juga. bener bener gbisa gerak cuma disuruh nunggu lama banget. seenaknya suruh nunggu lama, pdhl kalau di cancel dan refund kami bisa pakai uangnya utk segera pesan yg lain. sistemnya aneh banget dan merugikan yg bayar pakai gopay. Chat sama CS juga ga membantu krn sistem udh kasih patokan nunggu sampe jam yg lama, jd chat CS juga ga dapet bantuan apa apa.",1
Luar biasa,5
mungkin boleh ada fitur tambahan untuk pilih driver yang wanita..,4
simpel banget dalam penggunaannya,5
Aplikasinya bagusbangetttt...!!!!!!!!!!!!!!!!!,5
"Cepat, aman dan nyaman.",5
ini gimana si sistem gojek gimana pajak ya gede banget ongkos ke driver berbeda kasihan sama abang driver ya dari kita hargo ongkos ya 17k kok ke driver ya hanya dapat 6k tolong dong operator kasih an Mitra anda driver butuh pekerjaan buat kebutuhan keluarga ya tolong kalo buat driver ya boleh kasih potongan tapi potongan ya jangan gede banget biar pelanggan yang lain gak kecewa karena pesanan ya gak di anterin karena apa ongkos ya itu beda jauh tolong lah saya lihat ya kasihan ubah potonganya,5
"saya sangat kecewa atas pelayanan driver!!!.terkadang saya mengunakan voucer makanan/gopay coin kenapa kok gaada yang mau nganterin MAKANAN SAYA????,terus sia sia dong saya dapat voucer makanan/ngumpulin coin gopay",1
tanggapan yang cepat,5
"lama2 driver kalian gocar itu pada belagu, maunya yg trek pendek hargo mahal.. kalau hidup pengen gampang terus jangan hidup mati aja.. tolong di evaluasilah para drivernya, jangan terlalu belagu manja².. namanya nyari duit ada tantangan nya.. masa ngeluh macet,hargo murah,itukan tantangan jadi driver.. yg nentuin hargo juga bukan pemesan..",1
"drivernya walau jam 8 malem udh pade maless,, ga dapet driver susah banget,, buruk lah sistemnya",1
berguna bngt tapi tolong yah menurut gua tambahin kurir cewek biar nambah Joss heheheh,5
dipikir order makan cuma mau buang duit aja kali ya. sini lapar woiii makanya beli makan. nunggu sejam belum juga nunggu perjalanan ga bisa cancel. aplikasi ga jelas system nya. orang2 serakah,1
"aplikasi ngacok , nunggu orderan makanan hampr 2 jam , driver boleh batalin orderan customer , customer ga bisa malah disuruh nunggu , jangan ga mau rugi dong , custmer juga ad waktu kali",1
hemat dan murah,5
puas sangat penting untuk kebutuhan²,5
apk yang bermanfaat bagi umat manusia,5
chat keluhan ga nemu solusi udah asal di akhiri .chat sama ai buat apa,1
okeh,5
Driver nya seleb tidak mau nerima orderan,1
"untuk area brebes tolong gofoodnya di percepat waktunya .. ada orang pengen makan sampa nunggu 50-70 menit , makanya sekarang untuk pesanan banyak pindah ke shopeefood . salah satu salasannya shopee lebih cepat pengirimannya",2
"Sangat berguna buat naik kereta tanpa kartu,pesen ojol,laper tinggal klik gojek intinys the best bgt woyyyyyy",5
Senang Sekali dengan Pelayanan Ketepatan waktu dalam Pesanan,5
potongan nya jangan gede gede kasian driver,4
sangat jelek map tidak sesuai,1
sangat membantu terutama saat kondisi genting,5
Dibatalin terus,1
sangat cepat,5
kak saya pesan amanda 4 kenapa 1 diriver kenapa ko mucul 2 ojek online sekaligus ka gara kaka saya harus mebayar 2 ojek sekaligus total habis 20000 ribu ka,1
"pelayanan jelek, driver susah ditemukan udah 45 menit nungguin GK Nemu Nemu mentang mentang pake pembelian ekonomis dikasih pelayanan yang paling buruk 👎",1
Cukup Baik,5
mantap 💪🏻,5
"pesan gojek dan gofood, udh dapat driver kenapa sama drivernya bisa dicancel, ga ada notif lagi, serasa di php udah nunggu driver datang lumayan lama udh sempet chat juga lah kok malah pencarian driver lagi, buang buang waktu aja.. udah beberapa kali kaya gini, buat driver kalo ga niat terima order jangan narik!!",1
Estimasi sering lama sekali dan juga tidak ada opsi membatalkan.,1
bagus,5
mantap,5
tidak sesuai pesanan,1
iklan yg mengganggu,1
Sangat Bermanfaat,5
PENDAFTARAN DI TOLAK TPI GA JELAS BERKAS APA NYA YANG SALAH ?,1
aplikasi tolol uda bangkrut aja,1
ok sangat membantu,5
"memudahkan kalo mau pergi2, banyak potongan harga jugaaaa",5
pake gofood express tetap aja lama! hampir sejam lagi. tolong cari drivernya jgn lama juga! dari tadi stuck di menit yg sama terus buat cari driver doang!!!,2
bagus sekali,5
mantap,5
iklan nya gk ngotak hp saya jadi ngelag,1
oke banget,5
tidak bertanggung jawab,1
pasti terpercaya,5
mantap,5
terbantu banget,5
bagus,5
kadang kadang mahal,4
lebih baik dan disiplin,5
sangat membantu,5
semoga semakin sukses,5
pengiriman lambat,1
tidak kecewa dalam pelayanan selama saya menggunakan aplikasi ini ....mungkin buat org lain beda pendapat tq,5
ini ko gaada trs gojek hemat ya? biasanya ada gojek hemat skrng ko gaada motor gojek hemat,1
sangat membantu,5
terimakasih,5
mantaf sopan,5
josss,5
tepat waktu dan ramah,5
ok,5
"murah, mudah, aman",5
sangat membantu,5
"Alhamdulillah udh bisa login lgi. dlu gabisa login karna harus verifikasi pake nomor yg lama, sedangkan nomor yg lama udh ga dipake/ilang. sekarang udh bisa login pake email yg skrg dan verifikasi nomor hp skrg, bagus",4
Sangat membantu,5
dari awal penjemputan sampai tujuan berjalan aman ..kondisi mobil pun bersih,5
aplikasi paling buruk sedunia,1
gojek minta tolong diperbaiki aplikasinya ya. ada fasilitas telpon tapi mau angkat dipencet ga bisa di geser juga ga bisa .. lah kasihan drivernya kalau nyasarr... tolong ya gaes,4
sangat mbantu 👌👌👌👌,5
"aplikasi sampah kebanyakan notifikasi aslinya fitur"" gak berguna",1
aplikasi recoment,5
cepat dan dipercaya.,5
awal awal harganya naik gojek murah di 10rbu makin lama harganya naik sekrang 18rbu dengan jarak yang sama,3
jelek banget lama dapat driver padahal udah express,1
"iklan mu ganggu, berulang dan selalu ke pencet sendiri, annoying, minimal gausah mencet"" sendiri biar ga nginstal apk nya, maksa bgt",1
bagus,5
🔥,5
"salah satu driver ada yg minta bayaran lebih,karna saya menmbawa penumpang lebih dari 4 minta tambah 20k,dari sini saya mikir udh ga masuk akal,lalu si driver mengantarkan sodara saya namun diluar apk grab,tadinya yg dari saya saya kasih 100 dngn totalny jdi 70 ktanya si driver baru narik pesenan,jdi dia gada kembalian,abistu dia nganterin sodara ak,sekitar 4km lah itungannya Deket,driver minta tmbh uang 50k,bener² g masuk akal,pungli,tolong ditindak lanjut",1
Gimana Ya Caranya Untuk MELAPORKAN driver yang Membatalkan pesanan SeENAKNYA SENDIRI.... gimana nie??? jangan cuma minta maaf aja si admin tapi gak ada solusi🤦🏻‍♂️🤦🏻‍♂️🤦🏻‍♂️🤦🏻‍♂️🤦🏻‍♂️🤦🏻‍♂️,5
dari dlu sudah pake apk gojek seneng bgt.. Terima kasih,5
aman cepat,5
sangat bagus cepat,5
"Banyak promooo,fitur juga manteppp🫰🏻🫰🏻🫰🏻",5
sudah gampang sekarang gojek,5
Semangat dan Sukses selalu amin,5
nice,5
saya suka,5
mantaap,5
knpa harus vermuk yg cs nya,1
"dengan adanya apk gojeg ,gofood semua jdi mudah , TAPI sekarang kebanyakan yg gofood pada ngambilnya orderannya banyak"" satu orderan aja Lom klr ni ngambil orderan lagi , itu yg bikin castemer emosi , nggk Kya dlu satu antr kelar Bru ambil orderan lagi , mohon di perbaiki lagi buat para dreferny ia ,",3
mantap,5
lemot donlot gojeknya,3
ok,5
good apl,5
bagus 👍,5
ok,5
akun bisa pesen makanan sendri sama pesen perjalanan sndri. keamananmohon diperketat,1
"gojek the best, tapi sayangnya di massage bisa masuk spam dari nomor luar dan mengganggu banget spam2 pengancaman",5
bagus,5
mantap,5
sangat senang,5
top,5
Uang 30k mau pesen makan 1 biasanya cuma 13k pesen lewat gofood jadi sampe 28k sendiri😂,3
membantu sekali,5
kenapa kalo pagi2 tidak bisa menggunkan pembyrann via qriss,4
mantap,5
"login gojek pun sudah betul pinnya, katanya salah pin, klik lupa pun dari 3 hari ini server sibuk terus, giliran gak sengaja klik pembayaran iklan tik tok kok berhasil bayar padahal ga masukan pin, error banget aplikasi pembayaran gopay mencurigakan dan bikin jengkel.",1
mantap,5
terimakasih mas,5
bagus,5
drivernya ramah ramah,5
sangat membantu dlm setiap perjalanan,5
40 menit gak dapat2 gocar,1
Sering ngadat. peta sering tidak sesuai,1
ok,5
keren banget nih apk,5
saya sangat puas menggunakan aplikasi gojek dan banyak manfaatnya,5
aplikasi yg baik dan sangat membantu kami 😎🙏✌️🫵,5
lah ini kenapa saya pengguna baru menggunakan email saya tapi malah masuk email lain.. bener bener gajelas,1
Jozzz gandozzz...,5
masih mahaal,4
ok,5
memuaskan,5
ok aja,5
bagus,5
mantappp,5
"TOLONG ADAIN FITUR CHAT DENGAN RESRO LANGSUNG, TANPA NUNGGU RESTO CHAT KITA, Ini udh 3x order gacoan yg berbeda stuck di cari driver, udh dpt malah gak jadi, endingnya gk jadi beli gacoan, bahkan beli makanan yg lainpun msh sama, cari driver terus, mao dibatalin gk bisa, perut udh laper, chat resto gk bisa, karena gk ada fitur cht lngsng,.",1
menonaktifkan limit gopaypinjam saya secara SEPIHAK pdhal pembayaran TIDAK PERNAH TERLAMBAT!!!,1
"sudah nunggu gofood lama, ujung2nya di cancel",1
bagus bagusin ajh,5
"ga banget,",1
terbaik,5
pelayanan cepat,5
good,5
ni gojek malam ini lagi kenapa ya gofood nya??kok susah sekali cari driver????tolong dong buat nunggu batalin pesanannya jangan terlalu lamaaaaaaaaa.,1
"mengapa aku tidak bisa upgrade nih applikasi, padahal aku buat pakai harian perihal keluar masuknya uang aku,",5
kalo gerimis dikit aja driver ga ada yg mau ngambil ga gojek apa gofood nya sama aja udah prioritas juga ga pengaruh,1
muantapppp,5
"Sya sudah beli pulsa Axis pakai Gopay Coins seharga 12k, tpi yg sya trima hanya 1k. Sya rugi! Sya minta gnti rugi! Kalau klean ga gnti rugi, sya akn viralkan hal ini!",1
Alhamdulillah...selama ini mendapat driver yg baik dan sopan,5
"Gak adil sih kalo ada system rating ke penumpang tapi penumpang gak bisa tau siapa yang kasih rating dan berapa ratingnya, sedangkan driver bisa seenaknya aja kasih rating ke penumpang, giliran penumpang kasih rating langsung dah drama mematikan rezeki orang lain.",3
mantapzzz kaleee,5
"tiap hujan susah bgd dpt ,pdhl udh pke yg comfort sedihh ihh",5
bermanfaat,5
my idol,5
tolong dong drivernya disuruh ramah,2
"aneh banget sekarang, g di kasi waktu buat ngebatalin pesanan sebelum di konfirmasi restonya!!! kecewa berat",1
menunggu pesanan lama banget.. gua ampe telat ke rapat,1
Sangat memudahkan untuk transportasi dan pesan makanan,5
minta tolong dong kalau mau beli gofood bisa pasang Lebel halal / non halal disemua toko . biar kita nyaman. terimakasih,3
"HALAH DIKIT' INTERNET MATI INTERNET MATI, SINYAL AJA KAGA JELEK. GILA NI APK JADI LAMA BUAT PESEN NYA",1
sering nemuin driver nolak orderan dengan cuma jawab iya pdhal jarak cuma 500 meter KRNA argo receh dan saya dari rumah sakit banyak driver yg g maw pickup akhirnya pake Maxim donk driver ramah,1
Susah milih titik apabila manual suka pindah otomatis untuk pemesanan goride/gocar,1
bagus,5
bagus,5
laporan barang tertinggal berupa kartu tol nggak ditanggapi serius. laporan langsung ditutup.,1
bgus,5
mantab,5
selalu suka kalau pesan grabcar dsni,5
"gak usah dijelasin ya banyak point nya, bintang menjelaskan",5
👌Oke,5
parah banget driver gosend paket gak seberapa harganya di sepelein,1
"paylater tolol, ga akan seringw lg deh aku pakai gojek, kalo bisa aku pake grab aja. gojek ga jelas bikin rugi terus",1
nice banyakin promonya dong,5
memudahkan,5
gojek mantap,5
Oke,4
pelayanannya buruk,1
"bagus bisa antar jemput, tetapi saat saya di gonceng saya di jamping jampingin sampe hampir jatuh, tapi gapapa asik juga👍",5
"sangat membantu dan sangat berguna,Terimakasih🙏",5
selalu merasa aman dan nyaman dg driver2 gojek dan smp tujuan dg selamat,5
bagus,5
Sulit dapat driver..,1
aplikasi cepat tepat saat kita dlm keadaan buru-buru,5
suka error whtasapnya,5
top,5
good servis and many discount,5
sangat cepat,5
perusahaan tersadis kepada drivernya karena punishment yg di berikan terlalu berat dan konsumennya pun asal ngasih bintang 1,1
memuaskn,5
sangat mudah dan sangat membantu,5
mantap,5
ok,5
mantap joss,5
very good,5
bagus suka,5
mantap joss,5
sangat baik👍,4
gopay later ga bisa digunakan maaf saya kasih bintang 3,5
terbaik,5
sangat membantu,5
Andalan saat bepergian di luar kota,5
helpful,5
drivernya ramah,5
"sekarang jarang promo bahkan buat goride nya yang padahal paling murah biasanya, bye ganti applikasi ijo satunya",1
"tidak bisa di gunakan, aplikasi sampah, gabisa tangkap sinyal anehhhhh",1
bagooos,5
"Disaat ongkos kirim makanan aplikasi sebelah (gr4b) cuma 2-5rb, aplikasi hebat ini matok ongkir 15rb keatas 👏👏",1
simple and helpfull,5
mantap,5
aplikasi ini sungguh keterlaluan memberikan punishmen kepada drivernya...hanya karena perbedaan plat motor yang di laporkan oleh konsumen driver harus menerima hukuman 7 hari pembekuan akun...padahal jika di fikir gojek tidak menggaji driver nya melainkan hanya menerima pembayaran dari konsumen...dan jika di fikir perbedaan plat bukan suatu kesalahan karena segala sesuatu driver yang punya modal😁motor ya motor sendiri...bukan gojek yang kasih dan perbedaan plat bukan tindak kriminal,1
sesuai harapan,5
recomended buat transportasi nyaman dan murah,5
Mantap sangat membantu,5
ok,5
gila baru saya pesan mie balap 8 bungkus tapi yang datang 4 bungkus.. ni nth toko atau gojeknya yg mata nya ketutup bayangan hitam x,2
sangat membantu,5
setiAp wekend dan tgl merah tarif hemT selalu hilang d app,1
mantap,5
"pelit, ga pernah ngasih voucher gratis ongkir untuk go food, gpernah ngasih diskon gede²an lagi kayak dulu. skip ah",2
praktis.,5
bagus sekali jadi pergi ke mn2 jadi asik,5
good,5
jarang² pake tp nyaman dan aman,3
saya mengalami kecelakaan motor karena Abang gojeknya yang tidak memerhatikan jalan. hingga menabrak pembatas jalan bus dan tidak bertanggung jawab dan meminta uang pembayaran.,1
mantaf,5
mudah,5
sangat membantu sekali 👍👍,5
sangat membantu .,5
keren,5
ok,5
"dari kemaren server padat merayap teruss, padahal lagi butuh banget",1
mantap semakin canggih,5
"bagus driver nya ramah"" dan ngerti etika, kalo ngobrol sama penumpang juga tau batasan mau beralih netap di sini aja, soalnya di kuning bnyk pelecehan untuk cewe ga bisa di hindarin klo mesen ketemu org itu lagi :(, semngat buat gojek",5
aplikasi gampang2 tapi di coba malah ga bisa buat minjam,5
"mudah digunakan suh tapi sayang tarif ongkisnya selalu kemahalan masa biasanya 10 rb, sekarang 17 rb terys jadi malas saya ngegunainnya karna kemahalan padahal jaraknya dekat",3
"Hebat ya gojek sekarang, parkir bisa dipakasakan ditagihkan buat penumpang. Padahal parkir layanan umum 5 menit langsung keluar kan gratis, nice fitur bro.",1
mudah kemana selalu tepat waktu solusinya gojek mantaap,5
mantap,5
mantap,5
"potongan biaya aplikasi 1000-3000, potongan dari ongkos yg dibayar penumpang 20% kadang lebih, sekarang aplikator yang bikin promo hemat kalian potong lagi 12.500 perhari, apalagi GRAB potongan buat driver yang ikut program hemat sampai 34.500,, mau diperas sampai sebrapa drivernya ??? paket internet, jaket, helm, servis motor semua biaya driver sendiri",1
memuaskan,5
bermanfaat BG nusa n bangsa,5
"pas checkout lag, sinyal bagus padahal",1
Gofood nya selalu lama,1
bagusss jangan lemott jaringan ajaa,5
tolong di sop lagi driver yg tdk punya etika.,1
mahallll,4
pelayanan nya sangat memuaskan pelanggan,5
tolong dong kalo nya kami sebagai pelanggan memakai gratis ongkir dipercepat dapat driver nya ini lama banget looh gak tau orang lapah apa,5
"Saran dan masukan perihal kenyamanan baik buat driver serta passanger agar lebih di perhatikan kembali, Terutama di musim penghujan. Terimakasih",5
good,5
asik,5
"kasih segini dulu, fitur chat ke toko ga bisa. driver di tiap kota masih dikit. pesan jadi lama",2
bagus,5
punya gopay 25rb..order 30..ga bisa nambah cash 5rb..harus tunai semua... males pake gojek lagi,1
membantu,5
lebih mudah untuk pesan gojek tranportasi ya mudah banget semua gofood yang lain,5
memuaskan,5
driver pada sok jual mahal,1
pesan makanan dibatalkan terus,1
mantap dan cepat,5
tks atas pelayanan drivernya yg on time 🙏👍,5
"kenapa gojek tiap akhir tahun tarifnya naik banyak, kek saya yg tiap hari kerja naik gojek jd berasa berat. yg biasa 20ribu-22ribu , jadi 26,500 sampai 37 ribu, saya bayarnya jd minimal 30 ribu soalnya saya klo bayar mesti saya genapin.",3
terimakasih banyak aplikasi ini sangat membantu dan memudahkan segala aktifitas sehari hari,5
"bner bner GK bisa di pake masa gojeg Skrang, pelayanannya bner bner mnjengkelkan, 4 kali psen jauh semua mna supirnya di hubungi GK ada yng nyaut, sklinya nyaut Sruh di btalin....🥱🥱",2
sangat membantu,5
aku pesan ke kabupaten di jam 8 malam. udah 10 driver minta cancel karena alasan gak mau terlalu jauh dan udah malam. akhirnya akunku yg bakal kena imbas di block karena harus cancel mereka yg sengaja gak cancel dan biarin aku nunggu lama. padahal mereka yg gak mau cancel. 2 driver lain datang cuma mau bilang secara langsung kalau mereka gak sanggup ambil orderannya dan minta cancel. sop drivernya dibenahi dong❗❗❗❗❗❗❗❗❗❗❗❗❗❗❗❗❗❗❗❗❗❗❗❗❗❗,1
sangat gercep,5
mantap,5
keren,5
"ini server gojek ada masalah apa sih, udh berminggu2, ganti device, ganti internet busuk banget performa nya, app lain aja ga kayak gini loh. semenjak langganan gojek plus juga voucher yg dulunya banyak malah disunat jadi kecil semua",2
pilihan mudah disaat darurat,5
Mantap,5
"pesan makanan, tidak sesuai estimasi.. malah di arahkan batalkan, padahal sudah nunggu lama dan lapar aplikasi kurangvajat",1
mantap,5
permudah perjalanan,5
mantap sekali,5
selalu tepat waktu dalam pengantaran dn penjemputan,5
Bagus,5
mantap,4
"dear GoJek tolong di filter kembali untuk driver terdekatnya. saya mencari driver gocar selalu mendapat lokasi yang cukup jauh untuk menjemput, lalu mereka selalu menolak untuk menjemput saya dan meminta untuk mencancel dari pihak konsumen. jika tidak ada driver terdekat lebih baik beritahukan konsumen bahwasanya tidak ada driver terdekat secepat mungkin, agar kami tidak menunggu!",1
mantap kita ke bantu,5
Aplikasi saya nga bisa beli pulsa...di blokir terus.. Sudah lapor juga tidak ada solusi,1
keren,5
apk sering bug,3
mantap pelayanan nya,5
pesen gofood perkiraan nya salah mulu lol mending grab,1
sangat membantu,5
bagus aplikasinya,5
sesuai ekspektasi,5
mantap pooll bosskuu,5
gojek yang terbaik pokokee,5
mohon bantuannya kak gopay dan gojek saya gak bisa login keterangan minta aplikasi resmi padahal udah download di play store,4
jos,5
good,5
lama bet pencarian driver nya,1
👍🏻👍🏻👍🏻,5
best,5
puasss bgt pokonya,5
"saya pesan go car tiga malam yg Lalu sampai 8 orderan baru di respon driver nya terima orderan tapi ga datang datang ketika saya tanya kepada driver yg mau terima orderan saya,,itu di Sengaja pak soalnya kebijakan aplikator yg tidak berpihak ke driver",1
the best aplikasi,5
so..dia aplikasi yang menemani ku kapan saja aku butuh,5
Drivernya sopan,5
bgs aj,5
bgus,5
"aplikasi payah, masalah ga beres, customer nunggu makanan sampai 3 jam tapi ga ada solusi",1
oke,5
mantap aplikasi berguna,5
ok,5
ok,5
"saya kasih bintang 1 mohon maaf untuk driver go-jek daerah batam diperbaiki lagi..baru dgr saya driver klo bawa anak motornya bisa rusak.. blm lagi dpt driver ny Karna kesalahan lwt jalan jadi putar terlalu jauh malah saya yg dikasih rating jelek,jadi susah dapat driver saya .. saya nih bawa anak,klo knp2 Gmn ?? mau tanggung jawab??bertahun2 pake go-jek baru ini yg reseee..kecewa saya..",1
perbaiki jarak lokasi driver penjemputan dan penumpang,5
"GILA GAK ADA PENYELESAIAN KALO PAS LGI KENDALANYA TIDAK MENEMUKAN DRIVER, DARI JAM 11 SIANG SAMPE JAM 2.30 LO 3X ORDER PADAHAL HUJAN UDAH RED tetap gada driver, MANA UDAH GOJEK PLUS LG",1
driver gak ramah,1
sangat membantu untuk pesan makanan dan ojekk,5
"apk sampah driver cancel semua 40 mnt sia"", kalo banyak duit gk usah cari nafkah di ni apk",1
good,5
Alhamdulillah sangat baik,5
"Mau kirim barang, multi trip memang, tapi 1 arah, udah dapet 4 driver, semuanya ngebatalin, mana nyari drivernya susah, saya bukan sekali dua kali pesen gosend, tapi makin sini makin susah dapet driver, sekalinya dapet di batalin drivernya, padahal saya ga pernah ngasih kurang dari bintang 5, semua saya kasih bintang 5. mana mahal banget sekarang, masih murah aplikasi sebelah, makin sini makin payah. sorry saya kasih bintang 1.",1
"Terlalu berisik banyak notif! kalau saya paksa matikan notif aplikasi, pas pakai jadi tidak notif. Sangat mengganggu notif2nya. Cukup satu kali sehari. gaperlu 3 sampe 4 kali perjam! apa se engga laku itu sampe sebanyak itu notifnya?",2
"aplikasinya sangat membantu sekali apalagi ketika sedang traveling keluar kota sendirian, nggak khawatir mau naik apa. bisa juga buat pesan makanan.",5
good promo tambahin.,5
"gmn sih ini, mau log in pake akun sendiri malah otomatis ke akun orng lain!?",2
semoga bermanfaat,5
aplikasi ini miss pemberitahuan!,1
udah males sm gojek,1
baik buat pelayanan nya,5
"Aplikasinya bagus sih, cumaaa aku kurang suka drivernya terutama yang motor. Sering banget naik ke trotoar, aku jadi malu karena sering kena tegur sama pejalan kaki, di sinisin sama pengendara-pengendaea lain dll. Drivernya juga sering telat, jadinya aku sering telat 5 menit ke tempat kuliah.",4
sangat membantu,5
baik pelayanannya,5
selama pake aman tanpa kendala,5
mantap suka sama sikap nya ramah,5
"Dulu sering dapat voucher/potongan harga tapi sekarang ko ga pernah dapat lagi padahal saya berlangganan sdh lama dan hanya pakai gojek saja, maaf, trmksh",5
aplikasi mantap,5
"Assalamu alaikum wr wb. cs. gojek yth. memberitahukan bahwa akun Madia Laksana mengalami kendala login dan perbaikan segera. bintang dua dulu setelah akun saya bintang lima,demikian terima kasih. salam, Madia Laksana",2
ok,4
Perjalanan lebih mudah....thank you gojek,4
mantab jiwa,5
"praktis, mudah, cuma kalo bisa lebih hemat lagi. heheh..keren sih gojek.",5
bagus,5
kereeeen,5
berguna banget,5
drivernya ramah cepat dapet driver,5
sangat membantu,5
bagus,5
👍,5
good aplication,5
"tolong bgt inii sediain fitur driver yg agk lebih cepat, sy udh pesan dr jam brp dan lama bgt pas di perjalanan, ya oke klo pelan tp yg g pelan bgt donggg etdeh bikin telat Cust kemana'🤦🏻🤦🏻 udh disuruh tolong agak cepet masih sama ajaa hadehhh",3
ok,5
nyaman n mudah,5
oke,5
bagus,5
"ini gmn ya mau lupa pin gopay malah bacaan nya ""server kami sedang padat merayap"" dr sore saya coba gt mulu,trs d coba lg mlm,sama aja td pgi d coba lg sama lg,tolong dong d perbaiki lg,saya mau buka gopay lupa pin",1
very good,5
"guna gak guna, kalo dapet driver sering stuck , pada gak jalan jalan padahal udah nunggu lama, sebenernya kalo emang lagi ga butuh butuh amat jangan ngehidupin gojek, kasian penumpang, dikira waktu penumpang yg buat nunggu driver tuh ga berharga kali, giliran nunggu lebih dari 15 meniit dicancel, problematik bgt",3
"Mudah pergi kemana mana, biaya ringan",5
gojek top,5
"Alhamdulillah memudahkan, kasih banyak discoun lagi dong...",5
"banyak driver gocar tapi tidak ada satupun yang mau ambil, ambil malah cancel mulu",3
environment yang oke bgt bareng jago gopay kredit pintar,5
selalu yang terbaik gojek dimanapun berada 👍💖,5
"kalau udah diatas jam 2 malam susah sekali dapat driver gofood,,",3
nice,5
"masih ada driver yang gk bisa pakai google maps, agak merepotkan, kalo skill driver nya gk di upgrade, lama2 perusahaan anda akan kalah dengan pesaing, biasa beli food di oren gk drama, sekali nyobain gojek, drivernya muter2 gk jelas, padahal lokasi saya tertera di google maps",2
"klo nyari driver jangan yang kelewat jauh lah, mana abis itu ga di jemput'",1
Good Apls.,5
ok,5
terbaik,5
sangat membantu saya,5
kerennnn,5
mantaaab sangat baik puooool,5
the best lah,5
"udh tau pembelian makanan kurang di gofood dan udh fotoin semua bukti masih aja lama di proses, gak kayak dulu cepet di prosesnya skrg lama bgt",1
belum mencoba lg,3
asyiik,5
pengemudinya banyak alesan buat tidak jemput,2
sangat mudah digunakan dan selalu bisa di andalkan,5
ok bagus...siip,5
tiap ada masalah gapernah ada solusi👎👎,2
ok pokoknya,5
pernah pesan makanan,5
"tolong lah kalo ga dapet dapet driver sekitar 10 menit langsung ada opsi cancel, gw nunggu dapet driver dari jam 7 sampe jam 9 ga dapet"", trus kalau mau cancel order harus setengah 10,yang ada orang mati duluan sebelum dapet driver blog",2
bagus informasi nya mudah di pahami,5
"Mantap,promonya banyak,diskonnya gede cuuuy",5
gojek tidak bisa melindungi data diri dan nomor telp pengguna ... di akun saja ada teror dari DC debt colector yg saya bahkan tidak tau munculnya dari mana ... aneh skali,1
"bener"" payah",1
terimakasih sudah membantu ya...,5
mantul,5
oke banget,5
Good,4
keren,5
Nice,5
drivernya ga mau ambil pesanan terus,2
sangat menolong,5
bagus aplikasinya sangat membantu,5
driver ramah,5
"baru pengalaman pertama pakai aplikasi sdh di bkin kecewa, sdh nunggu 1 jam driver belum jga ketemu, yang awal nya orang lapar jadi kenyang gara gara nunggu driver doang",1
sangat membantu dalam proses belajar,5
cepat,5
mantaap,5
"Pesen gojek susah nya mnta ampun Giliran ga dapet orderan pada demo, aneh DRIVER BANYAK YG STANDBY, TPI PDA GAMAU AMBIL ORDERAN HERAN",1
"pelayanan sekaramg buruk, driver nya sekarang banyak yg malas malas",1
sangat menyenangkan,5
sangat membantu,5
banyak driver mobil nolak jadi siang2 nunggu Berjam jam,1
woi ngiklan yg bener,1
sangat membantu 👍👍👍,5
"Keseringan lemot, jelek banget aplikasi ini di jaringan 4G dan 5G gatau kenapa, sampe² gw harus telat ketinggalan kereta karena pake aplikasi gotransit di aplikasi ini.",1
"mau ke stasiun kereta tapi ditolak terus sama drivernya sebanyak 5x, posisi udah panik kalo ketinggalan kereta, tapi untungnya ada online ojek yang satunya sedangkan selalu ditolak driver kalo di gojek. Pas mau transfer gopay ke sesama gopay pun masih disuruh verifikasi ktp padahal udah berulang kali verifikasi, ribet banget, bikin stress, bukannya lebih praktis malah bikin idup makin pusingg, ga recommend samsek, mending online ojek yang satunya. 0/10",1
"Setiap kali driver sudah nunggu di restoran selalu tulisannya makananmu hampir siap, padahal setiap kali saya pesan malah pesanan saya baru dibuat. harusnya di-update tulisannya, kalau makanannya baru dibuat ya tulis baru dibuat, kalau sudah mau jadi ya tulis kalau sudah mau jadi",2
"Dalam seminggu minta Pembaruan beberapa kali maksudnya apa? jarang pakai, tapi minta Pembaruan Melulu, Meressse Kuota konsumen aja , cukimai .....!!!!!!!! udah orderan sepiiii.... kaya kuburan. pake otak.",2
buruk,1
benar-benar dah map nya kacau,1
"Aplikasi yang sangat membantu kebutuhan kita sehari hari. Sukses selalu, Gojek Indonesia 👍",5
aplikasi yg sangat membntu tim mager sperti aku,5
"tolong dong kalo emg posisinya emg jauh atau dia lagi ada kendala dijalan apa ngomong jngn diem aj, perna aku pesan gojek buat berangkat kerja pdhl aku ud mesen pas aku liat posisi abang y deket bngt dri rmh aku pas aku tunggu ada kali 15 mnt ga dateng aku chatting ga dijawab pas dijawab tau y dia belum jalan samsek karna alasan yg menurut aku yauda gapapa tapi maksudnya tuh ngomong dari awal jd aku ga harus nungguin dari tadi sampe telat berangkat kerja yg awal y aku g bakal telat malah telat😢",2
no khawatir.. ada gojek.. kemana2,5
lama banget cari driver nya,1
"tolong dong kenapa setiap masuk aplikasi,selalu keluar sendiri.udh sy restart dan instal ulang",4
drivernya lamak,1
bagus cakep selalu jadi andalan,5
saya kecewa karena sudah menunggu lama dalam keadaAn kepala pusing. tanpa alasan yg jelas driver tiba-tiba membatalkan pesanan saya.,4
APLIKASIII SAMPPAGGHH,1
"Gojek bukan sekadar ojek online — tapi “super-app” yang mengintegrasikan layanan transportasi, pesan antar makanan, belanja kebutuhan, pengiriman barang, pembayaran digital (GoPay), dan lainnya. Banyak pengguna menyukai kenyamanan ini karena tidak perlu instal banyak aplikasi berbeda.",5
"ok, cepat datang sesuai map",5
"apaan ini aplikasi lama² gajelas susah banget dapet drivernya, gw rasa kegedean potongan aplikasinya deh jadi mitranya pada males ambil orderan dan lebih milih ambil dari aplikasi lain.. makanya jangan dzolim sama mitra.. mitra tuh cari duit juga lebih keras panas kepanasan hujan kehujanan.. sengaja gw rating jelek di aplikasinya gak ke drivernya.. karna driver sebagai mitra juga berhak milih.. aplikasinya aja yg kocak",2
sangat membantu,5
bilang cepat padahal lama gak bagus,1
"sebenarnya cukup terbantu untuk bbrp hal, tapi ya belakangan ini saya gocar nya itu lho, driver sudah ga respon, yg tadinya jaraknya sudah dekat tb2 jauh dan ga ngabarin. sering ga gerak akhirnya waktu saya sering terbuang sia2 menunggu driver yg tak jelas. kalau kalian bilang cuma bbrp oknum ga mgkn cuma bbrp saja, minimal saya 2 kali seminggu(4x perjalanan) keluar pakai gocar dan 2 x pasti begitu kelakuan driver nya. tolong drivernya ditingkatkan kualitasnya dong.",3
"mau mesan makanan,gak sengaja keluar,diskon nya malah langsung hangus",4
"mantap deh,kayaknya naik 100% tebet - halim",5
langganan gojek plus. tapi gofood nya gak ada logo p. gak guna,1
sangat terbantu,5
Bagus dan tepat sasaran,5
tahu jalan,5
"jangan bangkrut dlu ya gojek, soalnya aku kerja pke gojek truss, karna gabisa motor😭",5
sehat selallu dan semogga rezekinya lancar ya😊🙏🙏,5
"saya uninstall, sangat sangat kecewa dengan Gojek sekarang.",1
membantu😁👍,5
oke dan armada yg bagus,5
bisa membatalkan sepiha tanpa keterangan,3
baru nyoba,5
Alhamdulillah drivernya ramah dan amanah,5
penjemputan dn pengataran barang cepat... driver sangat bagus sigap tanggap cepat nerima panggilan tlp... trima kasih driver mas rizal rinaldy.,5
"ga jelas masyaallah biasanya ga gini dah, mau login aja di persulit apalagi lagi buru"" malah disruh nunggu trs ttp di sruh nunggu lagi krn bnyk percobaan, tapi gapapa kali ini sja saya sulit login lain kali saya coba lagi terimksih.",3
cukup bagus dan sangat membantu,5
layanan goried Hemat saya hilang dan tidak muncul di aplikasi castamer .kalau seperti ini terus mending pindah aplikasi lain,1
excellent,5
Aplikasi Transportasi online yang bener bener Nyaman dan aman,5
sering transaksi pembelian bayar pake aplikasi ini sukses tapi toko belum terbayar..nyatanya saldo gak kembali,1
sangat baik dan user interface nya bagus sekali,5
update gopay diaplikasi selalu gagal,1
"sekarang makin mahal, biasanya rp.7.000 sekarang jadi rp.11.000 padahal sama alamat nya",2
keren!!!,5
bagus,5
"kadang jeleknya driver suka membatalkan pada saat gosend yg instan hemat apa bila gak ketemu alamat atau salah nomor alamat sedikit ,tidak mau bertanya kepada customer main langsung di batalkan saja seperti saya tadi",5
keren dan mantap,4
map selalu bermasalah dan tidak sesuai real time,1
mantap,5
"susah order GOcar,slalu di cansel driver,sekalinya dapet driver nunggunya lama sekitar 30 menit,itupun driver blm sampai,muter muter tambah jauh dari titik penjemputan,akirnya saya cansel aja,ganti aplikasi si kuning,ga sampai 2 menit,driver sudah sampai",2
"Udh lama pake gojek, baru kali ini topup gopay malah gk masuk. turun b1 aja lah, masa iya disuruh nunggu 48 jam? edit : sudah di lapor dari hari pertama, di ulur2 terus di suruh nunggu hari kerja. tiba2 hari ini LAPORAN DITUTUP. saldonya belum masuk, tidak ada refund, saldo di bank kepotong juga. pelayanan macam apa ini?! edit 2 : gopaynya sudah masuk. mohon kedepannya kasih kejelasan alur pengaduan. jangan asal tutup laporan, asumsinya jadi seolah olah laporan di abaikan. terima kasih",4
gojek kenapa sih driver drivernya malah suka pake rute jauh plus macet. kaya ga banget.,3
titik penjemputan sesuai pesanan,5
kalo pakai grab nyaman,5
"mungkin untuk driver Cikarang dan sekitarnya,lbh baik lg(sopan)... berbeda sm driver2 jkrt yang pd sopan2",5
kenapa saya kasih bintang 2 karena sya kemarin naik gocar di aplikasi saya 27 tapi di sopir 39 anaeh bgtt ini siapa yg salah sebenarnya aneh,2
oke,4
drivernya baik,5
good,5
sangat membantu sekali,5
Kemana-mana gak usah khawatir gak dapet transportasi lagi. Aman dan nyaman kendaraannya. Drivernya baik2 dan ramah2.,5
terus ditingkatkan,5
bagus pelayanannya,5
biar cepat proses review paylater nya ya,5
ok,5
awesome,5
"pemilihan rute suka beda"" driver jadi bingung liat maps nya dan berakhir nyasar bikin penumpang telat.",1
"Lancar, selamat sampe tujuan",5
"masih bingung seeh. krn jarang di gunakan. pernah order, perasaan order sekali ternyata yg datang 2 driver. kata abang drivernya saya 2x transaksi, kok bisa y??? saya jadi merasa bersalah sama driver 1 nya karna aq liat dy jg dikit lagi sampai.",4
"pelayanan bagus, waktu penjemputan cepat",5
"tarifnya makin mahal padahal dulu murah aja padahal jarak deket, kecewa berat",1
good,5
gojek pwis pwisss diriku ongkir nya 12 ribu bisa di murahin seperti biasa lagi tidaa😭🙏🏻,5
bgus,5
semoga lebih baik lagi Tuhan Yesus memberkati,5
tolo aplikasi,1
manta,5
cepet sat set,4
cukup bagus,5
mudah didapat n harganya ekonomis,5
Sagar baik dan para gojek rahmanah,5
"tolong dong yang adil, masak cuma driver doang yang bisa liat rating cs, kami sebagai cs juga pengen liat rating driver",3
👍,5
bagus,5
aplikasi yang sangat membantu,5
sampai saat ini nyaman pake gojek,5
"gimana sih gojek ini kalo udah malam sering banget nih driver"" gak Nerima dan jarang respon...kita juga penumpang mau nya yg baik"" saja..di respon kek walaupun gak bisa Nerima..kita jadi tau kalo dia bisa atau enggak nya..gak harus nunggu"" ...kalo carik driver mending yang niat"" kerja saja mau nyaaa...",1
"ini gmn dh ko pemberitahuan nya beda,makanan udh di jalan tpi pemberitahuan nya msh di restoran,tolong untuk di perbaiki lgi ya biar gada kesalah pahaman,ojek nya kesian udh muter"" cri lokasi saya,udh gitu saya ga lngs dpt chat dri abang gojeknya,di sangka nya saya susah di hubungin",2
sangat membantu...,5
terlalu exclusive buat penumpang,3
"Untuk mapnya sumpah buruk bngt udah di pasin masih saja mlenceng hauw, biayanya juga berubah, tidak konsisten, admin mahal, ngk seperi dulu bakar2 duit, hahahahaha gofood nya gila2an biaya penangan lebih dari 20, driver dapat apa...",1
Cukup dibutuhkan 👍👍,4
kasihan driver gofood cuma terima 5000 gojek terlalu banyak ambil untung memeras keringat driver,1
sangat mudah sangat nyaman sekali,5
pke gojek GX ribet,5
parah dapet ojek nya susah banget,1
"banyak promo nya, dan sangat membantu pas lagi ga punya dana untuk keperluan 👍",5
low respon banget ini pihak gojek chat via aplikasi gojek engga bisa lewat email ga ada balasan ? lebih cuek dari cewe 🤣,1
puas sekali,5
"DRIVER LELET, ONGKIR MAHAL",1
sangat membantu🙏,5
ntap,5
Bnyak promo diskon voucher ok mantul,5
makasih kak atas respon nya...semoga kedepan nya tarif gojek lebih terjangkau..terimakasih,5
gojek sangat puass,5
ok,5
"kapok si dan gw gkakan pake gojek lg..gilaaa bgt gw dikerjain, pesen makan dr jam 7 mlm sampe jam 21.40 gkada kejelasan, gonta ganti driver belasan kali, saldo gopay jg bolakbalik ke potong tb2 dibalikin, gajelas! byee gojek",1
"kasih bintang satu dulu , penjelasannya adalah ketika sedang memesan car selalu tidak sesuai dengan titik maps kita selalu salah dan sering terjadi cekcok antara pemesan dan driver dikarenakan kesalahan titik jemput",1
puass dan membantu,5
kalo ke mal CP susah dpt gocar slalu dibatalin sm sopir n klo dpt jg gocar comfort,1
mantap,5
sialan banget sering banget go car nge cancel. susah banget mo mesen aja di cancel terus. sangat tidak puas dengan gojek.,1
bagusss 👍🏻👍🏻👍🏻👍🏻☺️,5
"Update terlalu lama, berulang ulang. Ribet",5
Mantapppppp,5
Bagus buangeetttt.......,5
bagus,5
goride hemat nya ilang 😭,4
"maaf bgt gojek aku kasih bintang 2, sering bgt mesen mkn ga dpt driver dan dikasih estimasi waktu utk pembatalannya lama bgtt, hrusnya sekitar 30 mnt ckup(utk pencarian driver)kalau gdapat driver langsung bisa dibatalin, biar ga buang buang waktu dan bisa buat pesanan baru. lah ini 1 jam lebih baru dibatalkan otomatis. Tolong diperbaiki lagi yaa kelamaan soalnya kalau nunggu segitu. Semoga bisa jdi lebih baik lgi kedepannya jujur sukaa dgn apk gojek ini sangatt membantu 🙏🏻🙌🏻",2
"admin Gojek Tidak perdulikan lagi ulasan Kita & Drivernya mau positif/negatif Mereka tetap Bodo amat, Kuncinya kasih Ratting 1 terus Gausah gunakan aplikasi gojeknya, Saya sudah pindah alih ke maxim harga bersahabat & memanjakan Customernya",1
memudahkan pelayanan,5
aplikasi ini merugikan pengguna.,1
Aplikasi yang sangat berguna untuk berjalan-jalan dan membeli makanan atau kebutuhan saat tidak bisa pergi ke tempat pembelian tersebut.,5
susah amat cansel padahal Bru Bbrpa detik pesen lupa pake voucher lmyan beda harga stngahnya anjir,1
"kenapa harus 2x potongan biaya admin? padahal dari virtual account sudah sama biaya admin di transfer ke gopay, tapi sama gopay di potong lagi seribu???",1
"gajelas, gabisa buat chat tpln driver bintang pelanggan udah 5 tp mau matiin bintang",1
memudahkan dalam segala situasi,5
Dengan aplikasi gojek kita dapat kemudahan belanja dan bepdrgian,5
"sekarang males pake gocar, kemarin di jogja di cancel terus sama drivernya, 6x di batalin terus, yg bikin males malah suruh naik becak kata divernya kan anjiiing. padahal kalo naaik selalu aku kish tips dan bintang 5 terus.. sudah cukup tak hapus apk gojeknya.. ga mau pake lagi kapok, skrg pindah kuning.",1
"gojek siaaaaaalaaaaan, order makanan sering bgt tau2 di batalin sepihak tanpa penjelasan apapun. kalo ada yg punya penyakit magh udh nunggu lama gmn, gila sih kecewa bgt pake apk gojek. auto uninstall.",1
Ok banget ramah dan pengalaman,5
tingkatkan terus kualitas layanan pada pelanggan,4
👍🏻,4
pokoke mantul deh,5
utk komplain ke gojek sangat lambat ditindak lanjuti..krn pengirim dr gojek ngawur...padahal alamat sdh bnar....dan dichat tdk dibuka oleh pengirim...sampe.detik ini tdk ada permintaan maaf atau apalah ke pihak yg menggunakan jasa gojek....terimakasih,5
ok,5
mantap,5
baik dan asik,5
⭐️⭐️⭐️⭐️⭐️,5
"walau aku memberi nilai 5 bintang karena gopay bersifat menyeluruh dalam google ,namun buat aku belum menemukan hasil.yang relevan dalam kebijakan privasi walaupun dalam keadaan darurat kebutuhan ataupun kelonggaran aturan walaupun kita sudah diketahui bahwa kitalah pemegang akun ,namun itupun masih di persulit kebutuhan hari hari,salam hormat dan terimakasih.🥰🥰🥰🙋🙋🙋🌹🌹🌹💐💐💐🌈🌈🌈🌟🌟🌟👍👍👍🙏🏻🙏🏻🙏🏻",5
bagus,5
semoga promonya ada terus ya,5
mantap,5
ok,5
Ringkas,5
kerenn,5
"makin lama makin ribet, wtk gofood ny keren, ilang nafsu mkn wkwk",1
"Aplikasi membantu untuk pergi kemana pun, Semoga Voucher diskon di tambah kan lebih banyak lagi",4
sangat puas dengan pelayanannya,5
lebih cepat dapat drivernya drpd aplikasi sblh..,5
gak bisa masuk,1
mantap,5
mantap joss 👍,5
mantaaaapppppp,5
"aplikasi ini sangat bagus, dan sangat membantu dengan pelayanan terbaik..",5
mantap,5
mantapp,5
bagus banget cuma jangan mahal2 lah ongkos nya murah jgn selalu mahal2 ongkos pesan gojek dan makanannya lebih murah lgi harganya di bawah 30 ongkos pesan gojek sama juga ongkos pengiriman makanannya gratis tanpa bayar kalau lgi pesan makanan di gojek biar penggunanya nyaman sama juga banyak yg minat pesan apikasil ini,5
good,5
sejauh ini bagus yah,5
tolong lah gojek buat bagaimana cara buat batalin pesanan makanan,1
"Makin hari makin mahal, bintang satu aja.",5
gojek sangat membantu semua orang,5
bagus,5
bagus,5
goride hematnya nggak ada ya min?,2
ok,4
aplikasi yang sangat bagus cocok untuk berpergian jauh,5
"lama banget nyari drivernya pdhl udah pake pencarian cepat yg 3 ribu, terus jaraknya jg ga jauh.",1
"kenapa selalu ndd kembalian nya driver ta, nblg sede jamannya mi pake gopay, yang penting membayar org to na uang resmi ji kupake",1
"Aplikasi bermanfaat, terimakasih.",5
"mesen ini sering banget di cancel tiba tiba pas lagi butuh sama drivernya. Udah gitu ga ramah beberapa juga saya lihat banyak yang merasa ga aman waktu naik gojek. bukan cuman gojek nya gopay nya pun sering kali ngeluarin saldo aku tanpa sepengetahuanku. tiba tiba aja berkurang, lebih heran nya lagi pernah mesen nunggu lama udah sampe tinggal belok aja di cancel lagi sama bapak driver. Pelayanan nya mohon di tingkatkan dong terus jangan asalan ngasih driver apalagi waktu mepet.",1
best service,5
oke baik,5
sangat bagus,5
ok,5
driver membantu menemukan lokasi,5
bagus,5
alhamdulillah selalu nemu driver yg ramah2 dan nyaman,4
"fitur kode booking tidak berguna, masa kita yang mencari driver bukan sebaliknya",1
good,5
alhamdulillah memudahkan saya mengirimkan makanan buat ibu saya dirumah sementara saya diluar negeri👍🥰 trima kasih,5
"Promo mantap, Gasspoll",4
"butut,masukin kode nya salah trus padahal itu kode baru",1
"sumpahhh yaaa saya kesel bgttt sama driver gocar,,,, udh nunggu hampir sejam gaadtg saya follow-up by chat ga dibls di tlp ga diangkat akhirnya saya cancel ,, saya Masi berusaha buat buat orderan ulang udh dpt di follow-up by chat juga gabls malah di cancel kalo emng gamau jmpt dan anter bilang aja bls cht saya jgn udh nunggu lama malah di cancel",1
"tolong diperbaiki lagi sistemnya, masa fitur goride hematnya hilang. padahal fitur itu sangat penting. atau memang mau dihilangkan fitur goride hemat nya. kalau betul, otomatis peminat gojek menurun. karena fitur itu yg sering dipake orang.",2
mantab,5
aplikasi gojek gofood gosend memudahkan banyak promo,5
mantull bisa bantu setiap perjalanan sy dg lancar,5
aplikasi gk jelas....sdh d isi gopaynya gk otomatis ke gopay payment nya. emang kita ngisi gopay buat apa?buat nabung?,2
terimakasih,5
alhamdulillah baru klik 2 mnt pengemudi sdh meluncur.. .Cepat dan murah,5
ok,5
"mahal, pindah setelah ada aplikasi kuning sama ijo satunya",2
oke..,5
god job,5
gojek mantap...,5
mantaap,5
map muter2 ga jelas lokasi sering salah,2
Baguss,5
good,5
baik,5
nyaman,5
"dapat driver go car atas nama Atep Supriatna, dengan mobil Daihatsu Sigra D1569VDP, memanfaatkan kesempatan dalam kesempitan, minta offline, kami terimalah karna takut susah driver, eh minta lebih, mana mertua lagi yang naik, udah minta di awal lebih, setelah sampai minta lebih, mau di laporin di aplikasi tidak bisa karna sudah di cancel",1
good,5
Gocar semakin tidak bersahabat drivernya..,1
mantap,5
baru ciba,5
"BAGUS TAPI IKLANYA SAMA AJA KAYAK SI OREN, NGESELIN..!! SATU"" KEK IKLAHNYA CAPE BANGET HARUS PONDAH DARI APK YG SEBELUMNYA KE APK GOJEK KALO GA DICHROME FAK",5
Mantap 👍,5
"ngebantu bgt disaat lagi gak ada kendaraan, terimakasih",5
makasih pak sehat selalu tepat waktu,5
Oke,5
pihak gopaynya gak jelas .akun say diblokir sepihak..ditanyakan alasannya GK ngasih tau dan GK mau bukak blokirnya .sangat merugikan..karna didalam ada saldonya,1
the best,5
oke bagus,5
nyaman,5
byk drivernya yg msh profesional,5
"regulasinya parah, ada oknum driver nakal, sudah saya membuat laporan di pusat bantuan tetapi tidak ada penindakan tegas dari pihak gojek. kasus yang saya alami yaitu pesanan gofood saya tidak diantarkan ke alamat saya. dan berdasarkan pencarian nomor driver di getcontack ternyata memang PENIPU. intinya saya juga kecewa sama pelayanan gojek dalam menyelesaikan masalah saya",1
"saat pesan makanan, di aplikasi tertulis pesanan cepat akan sampai dalam 5 menit.. Ditunggu mau 1 jam baru tiba",1
Diupgrade malqh g bisa dipakai,1
sangat membantu butuh perjalanan maupun delivery makanan,5
GO-PAY later sudah tidak bisa di gunakan padahal membantu,1
"aplikasi dongo. orang lagi liat harga malah tau2 kepesen. udah ga dapet2 ojek, saya ganti jadi mobil gocar, malah dapet yang motor. makan lah itu duit haram 15000",1
makasih gojek selalu mudah pake gojek dan banyak promo menarik,5
"pesan gofood sampai kelaparan, gara-gara kelamaan nunggu mencari drivernya, mau beli sendiri eh malah ga bisa di batalin",1
banyak driver yang posisi nya dekat. tapi kebiasaan dapat drivernya yg jauh .apa lagi kalo hujan .gocar yang tidak kehujanan susah nya minta ampun..di tambahnya begitu dapat jaraknya jauh .sedangkan yg driver deket juga banyak..belum lagi kalau hujan harganya naik lebih mahal..dan sekarang solusi saya adalah kalau hujan jalan ke jalan raya.nungggu taxi.dan sekarang taxi tidak pilih pilih penumpang. mau tujuan jarak jauh atau deket mau bawa...kalau gocar. udah dapatnya susah .,1
ok,5
"Akhir-akhir ini udah beberapa kali susah banget mendapatkan driver hingga sampai dibatalkan. Udahlah, gak lagi aku pakai gojek lagi, cepet bangkrut aja kalian",1
Ok,5
bukam apa apa min tapi knpa kalo dikalimantan selatan gada ya,1
good luck .,5
mkin kesini makin pelit voucher gofood padahal andalan bgt buat anak kos yg gapunya kendaraan,2
ga ketemu ketemu drivernya padahal udah nunggu sejam-an lebih. 👎,1
"saya pesan makanan dari jam 18.00 WITA dan nunggu sangat lama 1 kali pesan 1 jam lebih, setelah resto sdh siap selalu tidak mendapatkan driver, saya coba pesan ulang berkali2 tetap tdk mendapatkan driver, saya menunggu sampai jam 22.39 dan akhirnya mau membatalakan pesanan tpi tidak bisa krna resto sdh mnyiapkan, tetapi driver tetap tdk dtemukan, pesanannya saja telat, tpi tidak bisa dibatalkan, Sunggung MENGECEWAKAN sangat tidak baik dalam pemberian solusi yang diberikan pihak gojek",1
saya setuju pelanggan tidak bisa membatalkan orderan seenak sendiri tapi kalo pelanggan disuruh nunggu driver lama banget. saran aja pembatalan otomatis jangan lama² kalo emang tidak ada driver yang Nerima orderan,1
gojek lama makin lama membuat darah tinggi naik pesan sekarang menunggu lama prioritas atau tidak sama saja lemot,2
"SAYA ORDER GOFOOD, GA DAPET2 DRIVER, MAU DIBATALIN GA BISA HARUS TUNGGU 1 JAM. SETELAH 1 JAM TERCANCEL KARENA RESTO JADI SUDAH TUTUP! ORDER LAGI DI RESTO LAIN, GA DAPET DRIVER LAGI, MINTA BATALIN GA BISA LAGI, ALASAN RESTO UDAH BUATKAN ORDERAN TAPI KENYATAANNYA STATUS MASIH SAMA, BELUM DAPAT DRIVER. TRUS SAYA MASIH HARUS NUNGGU 1 JAM LAGI? SETELAH DPT DRIVER JUGA TERNYATA KATA DRIVERNYA, ORDERAN SAYA BARU MAU DIBUATKAN, JADI BOHONG KATA CS YANG BILANG RESTO UDAH BUATKAN ORDERAN SAYA",1
sangat membantu keperluan sehari hari,5
kalo cuaca hujan driver pada jauh,1
"ealahhh, demi allah ga ikhlas bgt udah dibatalin langganan 3 bulan lalu, gamau perpanjang otomatis, ternyata tetep dipotong gess.. wkwk.. karyawannya ga dpt gaji kali ya klo ga cara kotor ky gini, kocak bgt😮‍💨🤮",1
kecewa bngt dari makanan yg di bawa kabur driver sampe dapet driver yg nyolot kapok bngt jadinya !!,1
good,5
akhir2 ini orderan tidak ada yg mau ambil... banyak mobil di sekitar... banyak pemalas sepertinya,1
driver mu g tanggung jawab,2
"lamaaaaa nyau driver setannnn, gw udah laperrrrr nunggunya",1
instal gojek,5
Sistem buruk dalam memilih lokasi driver diberikan driver yang jauh ke pelanggang yang bertahun tahun setia tidak pindah aplikasi,1
"sistem gojek sangat buruk. pesen gofood udah nunggu hampir 1 jam baru ada notif bisa dibatalin, alasannya g dapat driver. Driver seharusnya dicari sejak awal pemesanan jadi customer tau ada driver atau tidak, jadi jeda cancel jangan 1jam. pikirrr dong!!!! udah laper nunggu 1 jam ternyata dicancel. kalo pesen lainnya lagi jadi harus nunggu lama lagi, ngerti g sih orang udah laper masih harus nunggu berjam2 itupun Kalo g dicancel lagi.",1
over all good,5
sangat buruk aplikasi mengecewakan,1
membantu saat dibutuhkan,5
"susah bgt sih dapet driver buat anter makanan saya udh nunggu 1 jam padahal dekat tapi gaada driver yang antar jadinya percuma sekali saya tunggu 1 jam ini , apk apa ini gaa membantu.",1
gocar skrng klo order suka ga mw ambil di diemin ga gerak chat ga di respon,1
"buat gojek, mending gak usah pakai fitur hemat deh!!! kalau cuma buat PHP pelanggan!!! kecewa berat saya!!!",1
ngga bisa di download invoicenya,3
susah sekali nemu driver Gocar saat hujan. sering dicancel,3
"sebenarnya pelayanan oke bgt,sy pengguna gojek uda lama.cuma agak kecewa sma pelayanan gofoodnya skrg ga kya dlu.suka lamaaaa kya gr**food aja bs brjam² pdhl jaraknya dkt dri rmh.kebayang klo ambil ongkir ekonomis lamanya kya apa🙃 tlg dperbaikilah pelayanan khusus gofoodnya🙌",3
"susah dapat gojek, padahal kita booking diatas 20k tolong ajalah",1
udah miskin promo,1
👍🏻👍🏻🙏🏻😁,5
menyala Go-Jek maju truss,5
lebih mudah di pesan,5
"setelah sekian lama vakum, akhir nya bs pakai aplikasi ini lg apalagi byk promo nya jd nya makin happy pakai ini aplikasi",4
driver ok,5
Pokoke 👍👍👍👍👍,5
kecewa,1
"Aplikasi transportasi yang sangat berguna dan penting, dan aplikasi ini juga bisa memesan makanan, aku berharap agar aplikasi ini semakin maju dan berkembang lebih baik 👍👌",5
sebuah saran masukan dari saya kebetulan sering banget pake gojek kalo pergi kemana mana * Promo lebih merata & adil untuk pengguna baru dan pengguna lama * * Customer service lebih responsif * * Penyaringan mitra driver yang lebih ketat karna pelayanan driver sangat berpengaruh pada kenyamanan penumpang * * Peningkatan keamanan akun dan transaksi cukup sekian saran dari saya semoga bisa bermanfaat,3
"Driver lu pada rewel amat sih? giliran gw nunggu orderan sampe 2 jem biasa bae gw giliran telat ngambil 2 menit pada rewel, hey titik rumah gw udah tepat masih aja dilewatin, drivernya lu paksa ngambil orderan apa gimana ini? kalo pada ga mau biarin aja jangan dipaksa mending pake aplikasi laen atau beli sendiri gw.",2
sangat membantu,5
aplikasi yg bagus,5
mantap,5
selalu bisa diandalkan klo lg repot,5
kurir nya pulen,5
"kalo semisalnya hujan mohon driver mobil jika tidak ada mau ngambil penumpang suruh matiin noh, saya daritadi dipersulit. saya sudah muak ini",1
Sangat Membantu.. Terimakasih,5
best,5
gila ini aplikasi perusahaan doang gede tapi bikin aplikasi kaya murahan. BERAT BANGET LOADING TERUS TIAP MAU PESEN. KONEKSI GUA LANCAR PAKE STREAMING LANCAR. IT NYA GAWE GAK NIH??,1
thx gojek perbanyak promo,5
membantu kalau kita nggak bawa kartu kereta kita bisa pakai gotransit goodjob gojek ada 1 masalah tolong kasih banyak diskon untuk gocar dan goride itu aja thankyou,5
topks,5
sangat membantu,5
ok,4
"Setiap ngeclaim gopay coins, coinnya g masuk masuk",1
baguss Sekalii,5
"terbantu si tapi kecewa juga sama driver yang jarang mau Nerima voucher hemat pdhl dkt dri titik jemput bisa gamau malah yang jauh"" yang ngambil eehhh jangenam",4
mantap,5
daerah tertent dan waktu tertentu kadang susah dapat.,5
sangat puas,5
mntap,5
"mudah kalo lagi nyari lokasi, pasti langsung ke detect",5
keren,5
"sekarang cari driver buat gofood susanya minta ampun, udah beberapa kali pesen gofood gadapet driver, mau dibatalin harus nunggu 1 jam padahal perut udah keroncongan",1
"sedikit saran, bolehkah untuk tips driver ada pilihan lain (agar bs sesuai yg kita mau kasih)...",5
good app,5
malah dikasih driver yang jauh jadi harua nunggu lama aaaahhhh sudahlah,1
"sistem gojek sekarang kenapa ya.? kasian driver dikasih kok ya jauuh. saya order di area pintu air, driver dapet di pengantin ali Ciracas. cst nunggu lama, driver kejauhan, perbaiki lah sistemnya, kasian para driver",3
membantu,5
mantep sukses buwat gojek,5
kok sering telat pengantaran. padahal resto yg di pesan sepi.,1
Pesan gofood udah nunggu sejam lebih malah dibatalin,2
bagus,5
"aplikasi gajelas makin lama di pake makin bnyk update makin g ada vocer dan makin lemot, di saat buru buru Mala sering bug dan driver ga jalan di posisi aneh",1
Sangat membantu,5
terimakasih sdh memudahkan kebutuhanku,5
sangat membantu perjalanan lebih efisien,5
ok,5
"banyak bug, gak bisa di back di pesanan proses. delay yang lumayan lama. notif juga bug",1
"tolong iklan jangan telalu pnjang durasinya, sdah enk2 nonton malah muncul iklan lho yang panjang sekali😤",5
pelangganya pada ribet nitip buat temen tp driver yg harus kontek temenya mending kalau alamatnya sesuai bukan soal tips tapi saling menghargai sesama manusia dengan mempermudah pekerjaan oranglain,1
bagus,5
lama lama semakin mahal harga nya padahal tujuan nya sama,1
driver ramah dan mobil bersih dan nyaman,5
cepat Dan orgnya ramah,5
tepat waktu,5
"sabar menunggu, baik dlm berbicara, sopan dlm bersikap, tepat waktu saat pejemputan sampai ditujuan.",5
Drivernya pada manja2..,1
Lemot,1
aplikasi nya mudah digunakan dan sangat membantu,5
"go food nya kenapa sihh, heran selalu ngasih diver yang jauh"" emang ga ada yang deket apa? tempat makan 20 menit gara"" driver jauh jadi 90 menit yang bener aja lah",1
"sekarang kenapa pelayanan gojek jelek banget ya.. saya order gocar, selalu dapat nya yang kisaran 10menit dari titik jemput. lalu para driver nya juga ga mau jemput dengan alasan kejauhan. padahal tarifnya ga murah loh, termasuk mahal. lucunya ud mahal pun tetap ga ada yang mau, sedangkan driver yang dekat daerah titik krder itu ada juga, tapi mental nya ke ddriver yang jauh. aneh",1
mantappp,5
Alhamdulillah sangat membantu,5
aplikasinya mantap sangat membantu dalam kehidupan sehari hari,5
"pelayanan yg diberikan baik, gesit, on time, sopan, sukses selalu dengan layanan yang terbaik...",5
selalu pake Go-Jek 👍,5
Bangga memiliki aplikasi gojek ini.,5
bagus pelayananya,5
Sangat membantu,5
dengan adanya Gojek sangat membantu saya... terimakasih Gojek semoga makin sukses,5
mantap,5
sangat bagus,5
mudah dan cepat,5
aman,5
"ga lagi"" pakai aplikasi gojek, lagi pengen cek ongkir gofood malah langsung ke pesan. ga bisa dibatalkan, kapok bgt.",1
cepet dapet driver tapi banyak di cancel juga sama driver dengan alasan jauh ngabisin bbm aja,4
aplikasi bagus,5
"kok sekarang semakin susah ya nyari dr ier buat gofoodnya, kadang bsa disuruh nunggu sampai 1 jam, dan ga bsa di cancel",3
Bagus sekali,5
"APLIKASI KOLOT DAN DUNGU, DIPAKSA PEMBAYARAN PAKAI GOPAY, GAK BISA CASH. APLIKASI TIDAK BERGUNA",1
APLIKASI BESAR DRIVER MALAS MALAS AN,1
bring Nadiem back,5
kecewa dg waktu tunggu yg lama.. akhirnya uninstall aja pake aplikasi sebelah..,1
"pesan makanan nya murah, kena ongkir dengan biaya penanganan dengan total 15 ribu + ongkir 15 ribu. Gojek Gojek. padahal makanannya murah loh 😏😏😏",1
"driver nya, banyak yang gak respon ketika sudah menerima order,.mogok diem, atau menjauh",1
"ia, mksi y",5
sekarang sistem gofood kek anj dah god bye aja mending ke sebelah,1
klo waktu tunggu jgn lama2.. sudah niat cancel waktu tinggal 1 menit mlh dpet driver.. pdhl udh nunggu 1jam an.,1
ini kenapa yaaa.selalu ada tulisan sedang mencari driver sampai 48 menit,5
KLO pertama pengunaan pasti semua murah murah cuma sekitar 40ribuan KLO udah lama lama jadi di atas 90,5
"saya udh setengah jam nungguin dapet driver tp kenapa kok gaada yang angkut saya sedari tadi perkara habis hujan, terus daerah sini banjir tp banjir nya juga ga parah cuma sebatas ban motor aja tp kenapa ga ada satupun yang mau ambil pesanan saya padahal saya dalam kondisi sakit kritisss tp diabaikan oleh driver gojek... untung ada orang baik yang mau anterin saya... jujur pemakaian selama ini saya benar benar kecewaaa banget sama performa apk gojek.",1
bnyak bnget gojek motor yang motoran sambil ngrokok abu dan puntung rokoknya sampe kena saya L 3736 ACK motor beat,1
makasih pelayanan nya oke,5
mantap,5
"gajelas, udah mesen nunggu lama tiba2 dicancel dri apknya, udah laper nambah emosi aja",1
udah nunggu gofood lama eh taunya dicancel karna driver pada sibuk. kocak,1
sulit sekali melakukan pembatalan di gojek,1
banyak diskonnyaa..suka deh..salah 1 aplikasi paling sering dipake,5
good...👍,4
Aplikasi yg banyak promo dan diskon,5
masa gomart ga bisa dibatalin,1
mantap,4
"dimana saya bisa buat pengaduan,saya barusan kena tipu sama driver go send",1
Aplikasi bosok...!!!!,1
"saya pesen gofood 2 kali, pesanan pertama tidak dapat driver, yg kedua juga tidak dapat driver, pesanan kedua saya sudah nunggu 40 menit tapi tetap tidak ada driver, pesanan tidak bisa dibatalkan, sedangkan saya sudah menunggu satu jam lebih, lapor ke customer service juga tidak membantu",1
terimaksii banyak gojek karena selalu perhatian ke my fineshyt yang perfect 1000/10,5
mesen go car ga dapet2. cancel pesen ulang ongkosa. naik drastis. langsung instal maxim. kapok udah pake gocar,2
oke,5
"Gak membantu. Order selalu dapet yang jauh jadi selalu dibatalin, driver juga pada gak bales chat. Buang-buang waktu padahal buru-buru.",1
bagus,4
"Pesan gopud udah nunggu sejam kena batal akibat ga ada driver , mana pas lagi laper2 nya di malam hari 🙁",1
Driver manja dan penyelenggara payah ngatur sistem,1
"gara-gara driver sameday lu ga ngambil orderan gua. paket gua dicancel otomatis sama shopee. ga jelas emg sameday lu hapus aja. rugi waktu dan uang 2,2 jt.",1
"sumpah napa si ni apk, pesen goride 1 dateng nya 2 driver coba, gini yg kasian driver ny",1
"sering susah buat cari driver, jadi delay lama buat Datang makanannya bahkan ke cancel",1
waktu hujan susah dapat drivernya..........,1
"Saya sering memesan makanan di gofood tapi kok sering selalu ngk dapet driver buat antar! Udah ditunggu satu jam lebih dan juga resto yang saya pesan juga ngk jauh, tapi pas udah dateng makanan nya jadi dingin!! Pas awal awal mesan makanan di gofood sih juga pernah kejadian kayak gini tapi masih saya maklumi soalnya ada voucher buat ganti keterlambatan tapi sekarang kok udah ngk ada!?",1
bagus sebenernya TAPI PAS UJAN SUSAH BANGET CARI DRIVER! PADAHAL PAS BUTUH BUTUHNYA! KALAU DAPET ITU PUN DI CANCEL SAMA DRIVERNYA! JARAKNYA GAK SAMPE 2 KM PADAHAL!,1
"Masa makanan saya di jalan, ntar keinjek orang dong",3
"sumpah nyebelin banget sekaranggg, masa order gojek lamaaa banget dapat drivernya, harus daftar gojek plus dulu masaa",3
good job,5
"susah kalau mau gojek lama banget padahal aku di kota bandung, pernah beberapa kali aku pesenin gojek buat mmh aku udah aku bayar di aplikasi aku lupa bilang ke mmh eh mmh aku bayar lagi dong secara tunai dan di terima gak bilang bahwa udah di bayar",3
gak bisa diandalkan,1
ADA 4 ORANG GOJEK DATANG KERUMAH SAYA APLIKASI TIDAK BISA MELINDUNGI CUSTUMER SAMA SEKALI PADAHAL SUDAH MELANGGAR PRIVASI,1
"CANCEL SEKALI TIBA TIBA HARGA NAIK, APA INI GA JELAS PT GOJEK. MINIMAL OTAK DIPAKE MALAH MAKIN BERATIN CUSTOMER YANG MAU PESEN GA JELAS. MIKIR DONG!",1
Aplikasi sederhana sangat membantu praktis dalam segala kebutuhan. fitur mudah simpel,5
"go ojek gak jelas gw d blokir cm gara gara ngebeliin pulsa anak gw, suka tiba2 ngeblokir dgn alasan yg gak jelas, alasannya pengecekan rutin kkocakkkk, trs skrg g bs loginn kocak",1
apa drivernya kok pilih pilih penumpang masak hujan nggak mau di usahakan buat penumpang ya emng butuh tumpangan,1
Alhamdulillah hirobbil alamiin dgn ada nya aplikasi gojek saya sangat terbantu keren semangat beraktivitas kreatifitas saling support mantap,5
"tolonglah pihak gojek buat semakin ketat dalam mengevaluasi driver, karna sudah banyak pengalaman kurang/tidak menyenangkan/memuaskan. seperti driver yang tidak ramah dan tidak merespon saat di chat. selain itu juga mobilnya kotor dan bau.",2
"di tingkatkan lg, aplukasinnya.",5
"diskonnya kecil, padahal pengguna lama",4
"gocar yang saya pesan di kota jogja yang notabene kota pariwisata cenderung tidak pernah ramah saya pesan 3 orang dengan barang protes padahal hanya koper 3,giliran orang lebih dari 5 prites juga sunggu gocar di jogja jelek sekali pelayanan supirnya",3
sangat bermanfaat,5
"baru 3 kali pkai aplikasi ini buat COD makanan sejauh ini ok,, kurir jg baik semua, cm hrs pinter pinter cari makanannya",5
baru mencoba,4
sangat membantu,5
baguss.. tapi kenapa saya jarang dapet vocher,5
DRIVER NYA MALAS - MALAS 7x ORDER ... DI BATALIN SEMUA SAMA DRIVER NYA DARI JAM 4 SORE ... PDAHAL UDAH PAKE FITUR PRIORITAS ....,1
ongkos kirim mahalnya gak bisa diterima akal sehat.. unninstal langsung,1
ok semua lah...👍,5
"saran bang, tolong ada fitur ganti driver pas gofood soalnya ada driver hpnya yang rusak jadinya pengantarannya lama dan jadinya ga bisa di hubungi. kan, jadi nunggu 1 jam buat di benerin hpnya dulu.",3
sangat berfaedah,5
ok,5
"kalo lagi hujan, usahakan cari yang cepet. bukan lama kayak gini.",3
"sangat membantu sekali,untuk saya kirim kirim barang,dan bepergian tanpa harus repot..hanya saja..kenapa sekarang tidak bisa kirim foto dari galery.karna saya mau kirim foto alamat rumah customer saya..agar lebih mempermudah driver,dan knp tidak bisa kirim nomor telpon penerima ny juga..",5
sangat membantu,5
the best,5
"Sebenernya udah bagus, tinggal di sesuaikan aja sama maps nya kalo bisa. Saya mesen gocar dari 8 menit ke 11 menit, abis itu lanjut lagi ke 17 menit. Makin lama, makin naik.. haduh...",4
sangat membantu🙏🏻✨️🔥,5
mantap sangat membantu,5
senang penjemputan cepat pelayanan ok,5
selama Sy dibikin nyaman sy ksh bintang lima,5
"APK STRESSSS, LOGIN LAMA BANGET, JARINGAN FULL, PAS UDAH LOGINN DI BERANDA GAK MUNCUL GAMBAR APA APA!!!! INI NIAT GAK SIH BIKIN APK?! SUSAH BANGET NYARI APLIKASI OJEK ONLINE YG GAK KEK GINI, SEMUANYA SAMA AJA. POKOK NYA KALIAN JANGAN DOWNLOAD NTAR NYESAL",1
always dissapointed with newest gojek improvement especially about the complaint & help agent they're suck and never helping customer in trouble,1
ok,5
"bagus, promonya banyak",5
"driver skrg g seramah driver dulu ,, sy UMKM dr dulu pke jasa gojek utk anter barang ,sehari bisa 3-4x ,ambil barang di gedung g mau masuk ambil ,maunya krywannya yg nganter,go food g mau ngantri ,dikasih bintang 🌟 marah2 di depan rumah , tolong rekrut org yg niat kerja saja ya ,tidak smua nya sperti itu tapi lumayan byk ,driver yg bagus kerja ambil anter no komen pasti sy kasih tips",1
"perlu perbaikan sopir dalam mengendarai kendaraan krn tidak nyaman, ajrut ajrutan bikin mual",3
"bagaimana ya? sudah milih pengantaran gofood yg tercepat bahkan katanya diberikan voucher kalau telat pengantaran nya, TAPI UDH 3 KALI MESEN DAN TETAP TELAT??? JADI APA BEDANYA PAKAI PENGANTARAN CEPAT DAN REGULAR KALAU SAMA SAMA AJA????? TAPI HARGANYA BEDAAAAAA",1
good,5
good looking cool,5
terimakasih,5
"CS tidak membantu, saya pesen gofood ada item yg tdk diberikan...driver juga sdh mengakui kalau tdk diberikan minumannya,CS tdk ada peduli nya sama sekali seharusnya diinvestigasi restoran sm driver nya...ditelpon jg tdk,lagian saya lapor jg mau meminta hak saya krn sudah beli tapi tdk dikasih payah CS nya",1
"aplikasi ga jelas, jarak Deket aja ga sampe 7km kena 100k",1
aplikasi syaiton benerin fiturnya. lu maksa fitur ga bisa di batalin . ganti fiturnya gua salah kirim alamat lu malah bikin gojek cape 2x karna salah alamat. bukan karna kita juga alamatnya ga otomatis dll. konyollll,1
Banyak Promo Diskon nya..,5
aplikasi menyengsarakan driver.. jemput ke resto nggk kira kira bisa 4kilo.. it nya bagaimana ini,1
mantap terbaik,5
makin kikirrr aj gojek plus nya minimal pembelanjaan sekarang 40k kemarin 30k aj udh pas loh. sekarang makin mahal2 aja + pelit,1
good,5
"Terima kasih sudah memberikan layanan yang sangat membantu untuk kebutuhan kita, saran untuk metode pembayaran nya bisa ditambahkan Qris, agar jangkauan pembayaran nya semakin luas.",5
dapat memudahkan seseorang untuk membeli kebutuhan tanpa keluar rumah thx gojek🤩,5
Selalu memberikan driver yang jaraknya jauh dari customer. rata2 butuh waktu 6-10enit di aplikasi,4
"gak jelas gopay pinjam nya, saldo ada 200rb mau di ajuin masa nomor rekening bank mandiri saya ( bacaannya nomor rekening tidak di temukan) kan bodoh jelas"" nomor rekening bank udh bener sesuai dr bank, GA JELAS GOPAY PINJAM",1
driver gocarnya susah banget selalu dapet yang jauh biar udh pake prioritas juga,3
"hati hati jangan simpan uang /saldo banyak di gopay /gojek karena aku gojek ku saldo gopay 2,3jta terblokir tanpa keterangan apapun dan sudah 2 Minggu tidak ada perubahan ,hati hati aplikasi scam",1
Argonya sesuai dengan perjalananya kalo bisa di pertahankan karena ini sangat ngebantu mitranya jgn seperti grepcar murah tapi mengecewakan,1
"gak bisa di telp sama drivernya, dering ada tapi gak bisa diangkat",2
aman terpercaya,5
"Masa saya mau pesen selalu bilang ngga ada semuaa, masaaaa nggga ada semua _-parah sih",2
aplikasinya membantu,5
aplikasi yg penting buat sehari hari,5
"POSISI DRIVER SELALU JAUH, PADAHAL UDAH SERING ORDER !",2
lokasi tidak akurat padahal bisa muter lebih dekat malah ambil yang jauh muternya jadi lebih mahal dan tolong adain fitur tanpa lewat tol saat pesen gocar,1
sangat baik👍,5
mantap pelayanan prima harga terjangkau ❤️,5
good,5
Ribet gak kaya apk dana..makin kesini makin sulit! verifikasi udah gak bisa pakai email..no kaga bisa diganti padahal email ingat..terus gopay udah premium mendadak keluar dan ilang harus premium ulang sementara ktp lagi rusak..intinya skrng jadi persulit banget dah! duit juga bisa goib,1
mantap pelayanan nya,5
"ini gopay nya kenapa sih , setiap mau bayar kudu pake OTP segala, mending kalau fast respon OP nya ini mah ya allah keburu boker di tempat , heran ketimbang bayar doang kata gua mah pake sandi juga udah cukup ini mah kudu OTP DI SETIAP TRANSAKSI YA ORANG JUGA MALES , MENDING RESPON MAH HAAAAAAA PERBAIKI LAGI",3
ok,5
bisa beli apa aja murah semua jadi aku kasi bintang 5,5
mantapp,5
oke,5
"Tarif tidak sesuai, ada selisih..",1
"Halo, Saya nulis ini sambil menahan emosi. saya kebetulan di waktu malam memesan makanan, tetapi restoran di dalam aplikasi dinyatakan masih buka dan lagi menyiapkan makanan. tetapi ternyata sudah 5 driver bergantian ke restonya ternyata restonya tutup. alhasil driver rugi, saya pun merasa bersalah dan tidak bisa MEMBATALKAN PESANAN. saya sudah lebih dari 10× hanya untuk melaporkan bantuan kepada CS, which is stupid. TOLONG DONG CS NYA JANGAN AI GOJEK BODOH",1
mantap,5
aplikasi gak guna,1
kok saya pakai wifi tidak bisa buka gojek. setiap buka gojek pakai wifi selalu muter muter. tolong cek kenapa di hp ini samsung a24?,5
mantav,5
mantaf,5
pelayanan yang kurang memuaskan,1
mantap,5
rute atau titik jemput sering gak sesuai sama alamat yang di aplikasi. jalan buntu kadang di terobos buat roda 4,3
top,5
ga nemu driver mulu kalo mau gofud,1
"klo emg gak mau ambil 1 motor 2 org, buatin aj yg ad fitur 2 org, klo ibu mau jln sma ank kan harus berdua dlm 1 motor, klo emg gak mau ya buatin aj fiturnya ada yg versi kapasitas 2 org buat ibu+ anak biar gak ribet dan gak di coment sama drivernya karena berdua.",3
mantapp,5
mantap,5
"Bintang satu!!! saya ajukan pinjaman di Gopay pinjam ga diajukan, uda saya aktivasi dengan benar data"" saya malah ditolak, TOLONG jangan salah gunakan data saya. saya pinjam untuk darurat",1
aplikasi sangat membantu,5
"kadang gofood pake expres tetap lama banget, udah kaya pake yg biasa, kesannya kaya percuma pake expres tapi sama aja",4
jelek pembatalan ga bisa padahal baru 3 detik,1
veri good,5
susah banget buat mesen gofood dan lama banget responnya kalo mau mesen gojek,1
"Sudah nunggu pesanan lama sekali, dibatalkan sepihak. Tanpa ganti rugi waktu.",1
Ok,5
lomot error,1
sangat membantu,5
ok,4
"gimana sih tim menajemen gak becus bnr tiap abis hujan pd hal udh lewat 1 jam lalu hujanya masih aja susahnya minta ampun nyari goride doang kalo dpt juga diatas 10menit kek siapa driver goride mau ambil ditas 10menit? jarak ke tujuan aja gak smpe 15menit. Grab aja gak kek gini tiap habis hujan, bikin nyesel isi gopaynya aja",3
aneh masukin no kartu malah gabisa bilangnya di tolak pdhl bnr no kartu sm cvv nya,1
aplikasi instan terbagus I love that,5
bisa banget,5
ga kira2 ngasih ongkir,1
terimakasih layanan nya baik,5
kenapa si nyari drivernya susahh bangettt pdhl kdng urgent😞,2
"GOJEK KENAPA SIH KLO SYA LGI PAKE HEADSET BLUETOOTH , TIBA² AJA TELPON DRI DRIVER, SETELAHNYA HEADSET SYA JADI GK BERFUNGSI, SYA JADI HARUS RESTART HP TERUS SIAKEE!",1
hai gojek ada salah satu driver yang tidak ada etika nya😅,2
bagus,5
"admin tolong dibaca!! tolong aktifkan bagian pesan/massage nya ""tidak mendukung nya screenshot dan penghapus pesan"" apl gojeknya! gua tadi nggak sengaja ngirim no wa gua dengan driver gocar nya. Dan nggak bisa dihapus ss no wa gua nya. gua takut No wa gua di salah gunakan!! demi kenyamanan saya dan orang lain juga.",5
sudah lama pake gojek.dan selalu mulussss,5
good,5
membantu,5
driver gada yang mau ambil padahal lagi darurat,1
nice app.. very helpfully,5
sangat ramah,5
sangat membantu,5
aplikasi sangat membantu.. apapun jadi mudah dan cepat.. pakai gojek,5
pilih kasih driver Nye masa jauh gamao ada yg ambil udh pke yg prioritas jg tetep lama gjls!!!!!!!!,1
buat yg lagi mager 👍👍👍,5
"driver stecu, ujan reda kaga ada yg mau ambil orderan",1
cs nya fast respon uang yang di minta driver dibalikin langsung,5
"tolong di evaluasi driver2 yang responnya lama, saya pesan 2 kali gocar prioritas di chat tidak ada konfirmasi sama sekali , di chat juga tidak ada respon ,di telp tdk ad respon, sampai akhirnya saya ketinggalan kereta karena di php 2 driver.",1
drivernya terlalu buru-buru. baru 2 menit sampe nganter makanan langsung dititipin ke suatu tmpt😓,3
"aplikasi sangat membantu, 👍👍👍 tingkatkan terus dan sukses",5
MANTAP,5
"supir nya terkadang banyak alesan terlalu jauh, murah lah, alesan gage lah.",4
SANGAT MENGECEWAKAN krn sdh dpt mobil tnyata di pending oleh sistem aplikasinya klihatan jelas mau minta naik tarif..tapi .caranya sangat KASAR DAN MENJIJIKKAN ... pakai aplikasi lain dpt lbh cepat dan murah....terpaksa harus saya buang aplikasi Gojek...hati² lah jika pakai aplikasi GoCar sblm anda kecewa,1
"tolong klo udah di pic up tpi ga jalan"" di kenain sangdi, kesel jdinya klo dapet driver yg kek gitu, alasan jauh jarak jemput nya ,heran",1
Hallo Go-Jek bagaimana jika aplikasi ini ditambah GO-Servis(tambal-kendaraan mati dsb),5
"setelah update malah trmarif di naikkan,aplikasi gojek curang. mengecewakan",1
terlalu banyak adm,1
good apk,5
sering lemot ga jelas,4
"Gak bisa masuk !!! aplikator yg mendewakan pelanggan,. wkwkkk",1
senang banget,5
kenapa gopayleter saya tdk aktif,5
Mantap,5
ok,5
"order gofood tidak ada driver yang ambil, langsung dibatalkan begitu sajapadahal orang sudah tunggu2. tolongdi upgrade lagi ya aplikasinya. kalau tidak ada driver ya otomatis dong aplikasinya carikan driver lain bukan dibatalkan begitu saja",1
makanan enak draifer ramah 👍,5
gosend Bali SANGAT MENGECEWAKAN drivernya SUKA-SUKA CANCEL orderan SANGAT TIDAK REKOMEN TERUTAMA UNTUK E-COM auto OFF KAN KURIR GOSEND INSTANT mending PAKAI GRAB,1
suka dgn gojek mau pesan dari jarak luar kota pun terjangkau ...,5
gojek terus tingkatkan ...,5
"demi Allah kejadian baru banget sebelum pulang sekolah, temen ku di jemput gojek namanya Muh. Sidiq Abid Awali, motornya honda vario. saat temenku di perjalanan, driver nya nanya ""itu yang cowo(aku cowo sendiri) boti ya"" temen aku freeze trus bilang ""engga"", tapi si driver nya kaya gapercaya trus bilang lagi "" laki cantik ya"" pokok nya aneh aneh anj benci bgt. gw diem aja di senggol 😙",1
terima kasih,5
ok,5
"aplikasi nya makin aneh aja, sekarang mau nyari duit aja di bikin jauh mau ngambil nya, padahal disana ada driver tapi kenapa mental mental, ongkos ga seberapa ngabisin bensin iya yang ada, bikin cs pindah ke apk laen aja ntar mah kalo keseringan jauh jauh begini driver juga males ngambilnya",5
Temen jajan dikala pengen jajan males ke luar rumah,5
woy ... customer...KL cuma argo 16 ribu g usah pesen taksi online lu. pesen Bluebird aj lu...bikin ribet aj lu pd,1
bagus,5
"Diskon ongkirannya udah dipake tapi driver kagak dpt2 buat apa dapet diskon kalau gak dapet driver , bikin saya telat makan aja. diskonnya gak kepake dong",1
Respon selalu cepat Driver2 nya dan ramah2,5
"sudah bagus, pertahankan... tolong apabila ada serlok dari wa biar bisa langsung ke gojek ..",5
"Pesanan saya terlambat 55 menit dan saya sudah chat cs untuk membatalkan tapi tidak bisa di batalkan, sangat mengecewakan sekali,, Pelayanan nya buruk, sangat sangat buruk sekali, harusnya ada ganti rugi untuk keterlambatan pesanan saya, tapi saya tidak mendapatkan ganti rugi tersebut",1
"cepat, ramah,",5
ada aja erornya heran deh,1
APLIKASI dan PLATFORM TERBURUK ! Order sama sekali TIDAK bisa dibatalkan meskipun sudah menjelaskan kendala dan CS itu hanya AUTOREPLY saja ! Aplikasi SAMPAH !,1
baik dan ramah saat penjemputan,5
"mesan makanan sudah sesuai dengan alamat driver malah mindahin pesanan ke tempat ke dua, dihubungi ngga bisa, chat cs cuma balasannya driver sudah menyelesaikan pesanan sesuai aplikasi ngga jelas",1
"kecewa banget sih , biasanya beli gofood pake expres pas coba pake reguler lama banget gak di ambil ambil udah nunggu 30 menit masih juga blm di angkut dari resto padahal beli lauk matang di warteg.. ini strategi biar pake instan trus apa gimana min ? parah sih",2
pelayanan ramah2 perjalan nyaman,5
"mesen gofood lama bgt, selalu telat, padahal pake express",1
tolong dong gofood ada label halalnya buat resto yg benar2 halal. & yg nggak halal minimal ada logo non halalnya. biar muslim nggak was2. terimakasih,5
"Selamat menggunakan aplikasi. GOJEK, mempermudah & semua bisa teratasi. Melayani denggan berbagai menu mulai antar/ jemput, pesan makanan, kirim barang semua cepat & tepat wkt, cepat sampai ke tujuan, pokoknya GOJEK adalah teman sejati mengatasi kesulitan.",5
betul gak ya,5
"parah di bali kalo bukan bule driver gamau ambil,mampus sekarang bali sepi ga ada bule",1
mantap pokoknya,5
driver nya jauh jauh jadi lama penjemputan,1
"setiap mesen gofood kalo lagi ujan susah bener dapet driver nya, coba dipertimbangkan untuk case ini, karna kalo hujan seharusnya banyak orang yg butuh pesanan online",1
nyoba gopay later,5
"Sekedar info yaa.. barusan aku pesan gocar.. terus tiba2 drivernya nelpon, infoin dia lagi makan.. dan nanya saya mau nunggu atau nggak..? yah sy juga ditungguin client saya.. jadi saya minta dia cancel, karena dia yg nggak bisa.. dia nggak mau cancel, suruh saya.. pantas kah customer diperlakukan kayak gitu, alasannya karena dia lagi makan..? kalau blm siap jangan diaktifin, kasian orang nungguin kamu..",1
"ini saya mau install grab, tp harus hapus 2 apk sekaligus, mana 2 apk ini yg paling saya butuhkan. plus utk Grab dipermudah lg utk bisa menginstal aplikasi 🙏",2
gopay pinjam mu mahal. kebanyakkan ambil bunga.bunga e gede. Mau bayar tagihan paylater app e nyantol gak loading2. Giliran ntar telat bayar kena denda kita yg disalahkan. Perbaiki app nya bos,1
Baguss,5
murah dan pelayanan nya bagus,5
sulit untuk mencari grab kalo jarak nya deket.,1
"sehat m sukses selalu, terimakasih",5
"kebanyakan opsi yang gak jelas, harga goride gila setara gocar, nyari driver terlalu lama padahal udah pake prioritas SAMPE SEJAM GAK DAPET! MERASA PALING DIBUTUHIN APA?",1
"udh sebulan belakangan susah bngt dpt driver kl pesen gofood. sekalinya dapet, tbtb drivernya cancel. pdhl resto deket, tp nunggunya bs sampe 3 jam gila",2
bagus bgt,1
good apps,5
"melakukan pembekuan akun yang gak jelas, kebetulan saya ingin pergi bekerja sehingga kesulitan untuk berangkat karena aplikasi lain juga sedang minim driver.",1
"sekarang gojek jauh lebih lama ga kaya dulu biasane satset sekarang harus nunggu lebih lama terutama yang gojek, kalau gofood oke2 aja . di aplikasi ditulis 2menit sampai pdhl lebih dari 2 menit",2
bagus selama saya pakai ini aplikasi,5
sangat puas,5
"kalau selesai hujan susah sekali dapat driver, gimana sih! padahal udah langganan tapi penyakitnya kalau selesai hujan gini, padahal udah mahal tarifnya tetap ga dapat dapat.",2
sangat membantu,5
BAGUS BNGTT SELALU DAPET POTONGAN HARGA WOYYY,5
"dicancel terus, padahal mau ke rumah sakit, nungguin hampir sejam ujungnya dicancel driver, aplikasi gajelas",1
"aplikasi yang sangat membantu,,, bagus dan cepa,",5
mantap sangat membantu sekali,5
layanan buruk driver nya sering cancel in,1
pilihan favorit kalo lg ngga bawa kendaraan sendiri,5
sudah bagus,5
"Dear CEO Gojek tolong tambahkan label Halal pada Go Food. saya hampir terbeli makanan yaitu daging babi. saya mengira itu daging dengdeng, ternyata daging babi. terkecoh saya. mohon tambahkan label halal nya ya pada setiap nama restoran di Go Food nya. Terimakasih 😉",1
siip,5
tolong dong driver driver nya di seleksi lagi yang bener pada gapunya atitude sama sekali.,1
ga pernah kecewa dgn apl gojek 🙏,5
kapan update night mode?,5
bagus banget,5
mantap,5
sering kurang akurat,1
"mantap, terus perbaiki layanan 👍",5
"aplikasinya bagus banget sebenernya, sangat membantu. tapi tolong dong para drivernya dibilangin jangan suka ngeyelan. maksudnya kan yang mau ke tujuan itu penumpangnya, yang hafal dan tau kondisi jalannya kita, yauda aja ikutin mau kita daripada sok pengen ngikutin gmaps tapi malah endingnya kena macet, muter², dan akhirnya ngeluh sendiri. kecuali kalo dari penumpang udah bilang gak tau jalan, baru dah silakan driver kalo mau ikutin gmaps boleh",4
sangat sangat puas,5
"woi,payah x dapat driver pesan go shop,jadi susah orang",3
ok,5
aplikasi tidak ada jalan keluar dari masalah yang kita dapat di pesanan gojek,1
mantap pake aplikasi gojek,5
ui busuk belajar dri shopedulu,1
"buruk sekali sistem gojek saat ini, saya lagi butuh cepat utk antar saya, tp bukannya driver terdekat yg dipilih tp driver yg terjauh di pilih. sehingga penjemputan sangat lama.",1
Aman nyaman,5
makin parah..lagi buru kejar kereta terakhir ..pesen go transit ..barcodenya ga bisa di buka lemot banget gilaa..tapi duit kepotong ..,1
suka,5
👍👍👍,5
bagus cepat ramah,5
mantap,5
kurang banyak promo nya,5
"kebiasaan saat2 penting malah tidak ada driver yg mau. saya kelaparan nunggu, resto tinggal mempersiapkan tp driver tidak mau ambil",1
good,5
cari driver terdekat aja susah,1
"terlalu lama menunggu driver 1jam , kemudian pesanan datang lewat dari jam estimasi.",1
Satu aplikasi untuk semua kebutuhan praktis dan mudah di pahami juga mudah di gunakan,5
Sangat memuaskan ... simple n tidak neko neko,5
"Pdhl paling sering order makanan online di gofood daripada aplikasi lain, tpi akhir2 ini drivernya agak repot ngerepoti. Entah krn pusat ngambil uang mrk lbh banyak atau gmn, mungkin mrk juga kesel jdinya di luruhkan ke customers. Sedih sih.",3
memudahkan,5
"sip mau coba sekali aj gimana grabfood tapi hasilnya lambat di tunggu sampai 1 jam ga ad di anter padahal aku di kota heduh tingkat lagi ya, bye byee",1
gabisaa batalinn pesanan daperr driver lamaa bngett,1
"Sekarang ongkir untuk go food sangatlah mahal masa makanan sama ongkir lebih mahalan ongkirnya ,jarang dapat promo , biaya aplikasi juga mahal",5
"wah aplikasi untuk gofoodnya sekarang gak bagus,Krena gak bisa lihat untuk driver posisnya dimana aneh",5
Bagus,5
Memudahkan segalanya,5
puas dengan aplikasi gojek sangat membantu dan mempermudah.. yang penting driver nya ramah,5
susah mendapatkan driver saat memesan makanan padahal pesan mode pengiriman cepat,1
"tolong di benahi lagi.. saya beberapa kali dapat yang gak fast respon sama saat pesan ojek tadinya dekat malah tambah di jauhkan. tolong ya, ini terlalu merugikan waktu untuk saya. terimakasih",1
"sangat"" mengecewakan pesan gofood Express telat lama bangat gk sekali udh sering seperti ini klo bisa langsung BATAL aja dari pada nunggu lama hampir 1 jam ujung""nya BATALJUGA",1
"klu hari ujan, lelet parah, kacau lah pokoknya",2
maps dipergunakan di apk gojek tidak sesuai masa maps gojek satu dengan orderan yg masuk,1
"kenapa sy mindahin dana gopay ke rek/dana tdk masuk ke salah satu nya? bahkan sampai skrng pun blm masuk tp saldo GO-PAY sudah kepotong, tolong untuk gojek amanah apk nya, sy tdk masalah untuk hal lain lain nya yg bnyk keluhan ini itu, tp ini soal uang, kenapa sampai skrng tdk kunjung masuk ke rek/dana!",1
langanan otomatis jirt. mana uang sisa dikit,1
"pesan makanan dari jam 17.00 sampai jam 18.45 belum dapat drivernya,setiap hujan pasti susah dapet driver,mau itu gofood/goride sama semua kurang,lebih baik pindah ke apk lain dari pada nunggu kelamaan",1
"paylater nya sangat membantu d saat tak ada uang,,,kalo bisa gopay later bisa juga buat bayar offline. pasti kueren bener",5
"aplikasi cacat , pesen gofood nunggu lama giliran di konfirmasi di toko ternyata order belum masuk , padahal sudah 1 jam aku nunggu , giliran mau di batalin susah",1
Keren,5
"kenapa kalian pasang tarif murah tapi driver ga ada yg mau nerima, kecewa",4
"ngasih menu mixue yang bener dong bang, salah mesen kan jadinya",1
mantap layanan memuaskan dan Terjangkau,3
ukuran aplikasi terlalu besar,2
"Tolong klo udah mau beli makanan ,jngan ada CUSTOM..CUSTOM yg ngribetin cust...Mana harus dipilih ,MAKSA BANGET...Bikin gregetan ,mending klo lngsg bisa...masa iya harus dipilih semua ,ngerugiin cust itu namanya..Tolonglah jngan ribet2",3
cara daftarnya kok gak bisa2 ya?,1
"driver atau toko seenaknya membatalkan pesanan , kalau tidak niat kerja gausa diterima , hapus aja aplikasinya order berbagai jenis toko dri jam 2 siang sampai jam 7 malam cancle terus gajelas !",1
"kenapa dapat driver jauh jauh, padahal ada yang deket pada nongkrong.di cancel dapat lagi yang jauh.",3
Bagus banget,5
"ongkos bengkak padahal Deket, ga worth it sama sekali, ini terakhir saya pake gojek, terimakasih gojek selama ini udh jadi ojol saya.",1
drivernya pada judes wkwk,3
joss gandos,5
mantaf lah pokonya,5
mantab,5
"6 tahun pake apps ini ,hari ini gw uninstall ,aplikasi yg tidak mengakui keberagaman.. 👎👎",1
lebih di tingkatkan pelayanan yg SDH baik.,5
mantap,5
sya mau pergi pakai gojek gk bsa padahal sdh saya aktifin lokasi di hp saya gak bsa jga kayak heng gtu,4
mantabf,5
good,5
mantap sekali,5
aplikasih yg sangat membantu keren👍👍👍,5
tetap jaga Amanah agar semakin maju,5
sangat membantu,5
ok,5
terimakasih aplikasi gojek ini sangat membantu,5
okok,5
"Orderan tidak ada masuk ke aplikasi, tampilan masih spt normal2 ketika tdk ada orderan, tau2 dicancel sistem. Kalau tidak siap jangan diluncurkan upadate versi terbaru",1
"plis jek i need this, my gojek is agak lama dan gw ga bisa pulang",5
"udh mesen dr jam berapa ngga dapet² driver, udh 2 jam mesen ngga dapet² driver jugaa anehh!",1
"suka mesen tiba2 padahal mau ngecek, kasian abang gojeknya uda jauh jauh padahal aplikasi yang pesan bukan kehendak pengguna",1
susah bgt nyari driver gosend 🥹,4
mantap,5
ok,5
Terima Kasih banyak Gojek maju terus Indonesia 🇮🇩🇮🇩💯,5
tepat waktu. sy suka,4
sangat membantu,5
suka ngelag pas mau order,2
"harga makanan & minumannya bisa naik 2 x lipat, diluar ongkir",1
nyaman tuk tranportasi dadakan 👍,5
sejauh ini aplikasi ini sangat membantu dan memudahkan urusan saya,5
aplikasi terkonyol dan terburuk sepanjang masa,1
"sekarang area bali suka pilih"" penumpang. kadang ga di jemput kadang di batalin. tapi kalo yang order bule sat set",2
bagus,5
"sistem nya terlalu jelek, di aplikasi tidak bergerak rupanya driver sudah sampai",2
W dev❤️,5
ok deligius,5
gosend 50 menit mencari driver padahal jakarta,1
best,5
"sangat bagus, semoga kedepannya makin banyak promo yang diberikan",5
"Maaf saya berkali2 saya ganti driver. Karena hujan, but animasi GPS motornya gak jalan, para driver gak chat saya apa ada kendala, padahal saya nanya. saya bingung banget gimana. Kalo dicancel akun saya jadi jelek, dapet makin jauh. Kalo gak saya cancel tunggu sistem ganti sendiri, saya makin telat sampe. Sekarang udah 1 jam saya harusnya sampe di tujuan, Tapi karna para driver jawab gak ngabarin gak, & sistem gojek tambah nyusahin user 🙏 Naik transum aja? loh buat apa ini apk klo gtu?",1
"kalo butuh gojek pas lagi hujan gada yg mau ambil pliss perbaiki dehh ,nunggu ber jam jam dibatalin semua sama driver",1
ramah asik orangnya,5
"apalah ujan² kgk ada yang mau ngambil, padahall udh make yang harga paling tinggi biyar cepet dapet, nyatanya kgk ada yang mau ambil job nya",2
mudah ga ribet pake gojek,5
selalu baik pelayanannya,5
maaf .. 🙏,1
Sangat membantu,5
"aplikasinya bagus, tapi drivernya sombong2 mungkin karna di daerah jadi tarif ongkos nya murah jadi sering di tolak driver atau driver minta offline dengan tarif mereka sendiri. tolong di sejahterakan para driver agar kami konsumen juga mendapatkan pelayanan yang baik.",5
bagusss sangat membantu,5
"alhamdulillah yng saya alami draivernya baik """,2
makin mudah,5
bagus sekali,5
"mantap, makasih",5
ok,5
bagus,5
Lumayan terbantu,5
mantap,5
responsible mantap,5
bonus potongannya tambahin dong wkwk,4
"layanan gopay pinjam kurang bagus pinjaman saya ditolak, tetepi tidak diberikan penjelasan ditolaknya itu dikarenakan apa,, jadi saya tidak bisa memperbaiki persyaratannya yang kurang lengkap itu.. tolong diperbaiki untuk LAYANANNYA",1
Bagus,5
"mau login malah di suruh instal aplikasi terbaru padahal sudah terbaru , gajelas disitu saya ada saldonya loh padahal",1
mantap,5
nyaman bngt,5
oke,5
baik,5
mantap,5
pelayanan terbaik gojek cepat amanah,5
okee good,5
mantaaappp,5
"gofood di app ini kebanyakan cancelny, driver susah bener ambil pesenan",4
Mantap Gojek.. promo gfood nya jozz,5
👍👍👍👍👍,5
"penjualnya tidak amanah, makanan yg kita pesan berkurang,cth pesan 3 cuma dikasih 2. satunya ketika dikomplen sama penjualnya chat dimatikan. minta bantu cs gofood minta foto namun gk bisa kirim foto di galeri. komplen kita juga gk bisa 2 arah. aplikasi tidak rekomendasi",1
"tentang gopay pinjam baru telat sehari DC nya udah mentang "" aplikasi shopee aja gak kayak gitu DC nya kan udah ada denda masih aja di tagih "" kayak gitu gak lagi "" deh Makai gopay pinjam",1
mantap terbantu sekali,5
apk keren di waktu mager bisa jdi opsi,5
topp,5
Good Recomend,5
"okelah walau akun aktif , tapi riwayat sama gopaylaternya malah hilanh",5
Good👍👍👍👍,5
mantap,5
"Gojeg banyak membantu saya Saat saat jam keritis, selalu siap mengantar tepat waktu dan aman",5
luar biasa,5
siip dah,5
memudahkan,5
sering kasih driver yg jauh jd kadang driver gak mau jemput gojek skrg jelek 😤😡,1
mantabbbbbbb dimana ada.gojek di situ ada solusi,5
"masa pas ujan, lagi butuh² nya di mall SKA pekan baru..ga ada satu pun gojek yg nongol jam 19.30 lho bukan 22.00 ke atas, udah 3x nya ini..apk gbl0.lk",1
"ada kekurangan dari pengiriman gofood tapi complain lama sekali bahkan tidak ada respon. padahal bukti sudah sangat jelas dan lengkap. pelayan CS nya jelek, lambat dan tidak ada pertanggung jawaban dr gojek",2
"dulu sering dpt voucher, tapi knp skrg suka gada lagi ya",4
argo enak,1
mantaaaaapssssss,5
all ok,4
udah normal,5
mantap,5
"Yusahin Mau pesen Gosend ketika copy alamat dan kontak dari chat WhatsApp langsung hilang apa yang sudah kita lakuin, aplikasinya ga bisa berganti, jadi kita harus ulang dari awal terus Asli Yusahin orang",1
sangat membantu,5
"setelah update limit gopaypinjam jadi 0 rupiah,DC nya jg kek Kon semua, giliran pemulihan lama👎pdhl pengguna lama di aplikasi ini",1
"knp kalau goofod ga bisa di batalin sihh, padahal ga sengaja ke pesen karna masih pilih menu sama diskon, kesellll banget sumpah ga jelassss",1
mantap mas bro,5
kenapa gajek GK ada di Riau sih GK adillll,3
Aman dan nyaman,5
"tolol bego kali saya kn bayarr terus gojek playlater,knp sekarang gak bisa dipake lg, gilaaa apa gojek tutup aplikasi,mau GA saya byr apa sisa angsuran nya, nasabah bagus bayar lancar diblokir,ada Shopee masih murah,ada grab lebih murah pesen grab ride,sy uninstall aplikasi gojek gak jelas",1
Mohon dicek lagi updatenya boss. banyak pengguna yg gak bisa login karena lup PIN dan stlh dpt kiriman kode OTP di SMS tetap saja minta PIN padahal nomor masih aktif terpasang di hpnya ttp gak bisa login. dan banyak pengguna yg mengeluh karena tiba2 harus ketikkan PIN padahal pengguna tsb blm pernah bikin PIN.,1
"hmm, semakin hari makin meningkat baik promosinya, diskon, bundling, trus udah berkolaborasi dengan ribuan merchant, ga kaget dah semisal GO-JEK bakalan mendunia, MENYALA INDONESIA KU 🇮🇩",5
cepat dan keren gojek,5
"Busuk. Mau pake prioritas sama pencarian cepat, sama aja susah dapat mobil.",1
mantap,5
"udah lama ga buka gojek pas mau buka harus fhoto wajah, tp berkali kali g dikenali😄 apa beda wajah sy ya dr sebelumnya??",1
"Tolong di Perbaiki Sistem Gojek nya, supaya tidak terjadi Double orderannya",5
sangat membantu perjalanan,5
Mempermudah semuanya.,5
"cepet,murah ,efisien mantabs",5
"nyari driver susah banget supir banyak doang gada yg berkualitas lama banget nyari, mau berangkat susah gadapat dapat",1
jos lah,5
good alpication,5
"dapat 1000 gopay coin dari sign in tapi tidak masuk,!! aplikasi scam?",1
banyakin voucher,5
Perbaiki peta untuk destinasi tujuannya agar bisa dititik lebih detail tujuannya. s3lalu driver yang jauh yang ambil orrder.,2
apk top,5
terbantukan and top markotop,5
joosss,5
good,5
gojekk pliss kenapa mesan makan mahal banget yaaaa 🥹🥹🥹🥹,3
lama banget sekarang... perbaikan deh.... padahal langganan dulu,1
aplikasi ga kaya biasanya lama,1
"mohon untuk kepada pengelola gopod, Untuk tidak sembarangan menyelesaikan pesanan,dari tadi ditungguin gak datang datang,tapi di aplikasi tertulis pesanan telah sampai tujuan mohon untuk konfirmasinya terimakasih 🙏",1
aplikasi tetangga 7rb nonstop wkwkwkwk,5
mantap,5
"Alhamdulillah, aplikasi ini mudah digunakan untuk tranfortasi",5
ok Lo,5
Tingkatkan terus inovasinya,5
"tolong di bontang Kalimantan Timur di tambah drivernya , susah betul dapat driver nunggu 1 jam belum tentu dapat driver ... kami cust, dan resto kurang enak dengan gojek di bontang makanya beralih ke grab,.. tolong dengarkan keluhan kami di BONTANG",1
apa sih,5
bagus,5
kenapa hbis upgrade malah gak bisa dibuka apk nya,4
sangat membantu..,5
aku diblokir,1
lemot bgt padahal jaringan nya lancar saya jdi selalu telat gegara buka apk ini harus nunggu lama apa lagi bagian go transit loading barcode lama bgt,3
baik,5
keren,4
"Baru Pertama Kali Pake Ini Aplikasi Udah Kecewa Gue, 2x Gue Pesen Buat Anterin Paket Gagal Semua, Gue Udah Cape Nyari Drivernya Tp Malah Dibatalin Taii",1
bagus,5
gojek sangat membantu,5
"asli ga pernah dapet driver ramah, dijalan juga banyak banget driver gojek yg lawan arah, jadi bikin rawan kecelakaan. tutup aja min apk nya, klo ga minimal driver nya dipilihin lah, ada kualifikasi nya. modelan brandal kyk gitu masa jd driver gojek",1
bagusss,5
biar bintang yg paham...,5
mantap,5
"Aku tdi pagi ga sengaja udh pergi naik gojek trus pas sampe sekolah aku liat ada gojek lain yg terpesan, aku mau batalin tpi ga bsa gojek nya ke rmh mrh"" dengan kasar, pas ada jaringan aku mau batalin tapi udh ga bsa, trauma.",1
ok,5
"Drivernya kadang-kadang gak bisa baca peta, jadinya kelamaan",3
"buat A reward nya apakah cuma asal swap trus dapet nya suruh coba besuk di setiap hari nya..event mistery box nya juga di daftar tidak ada kata ""coba lagi besuk""..semua nominal tapi zonk..mending 2 event ni di tiadakan aja.",2
mantap,5
"Saya hampir tiap hari pakai gojek. Selalu puas, apalagi kalau dapat diskon. apalagi mobilnya harum.",5
top,5
"Aplkasi Penjajah modern.. Mudah""an sgera modar dr muka bumi,, krna udh bnyak memeras dn mngambil keuntungan dr driver scara tidak manusiawi",1
"Banyak driver yg setting accept otomatis sedangkan posisinya lg bawa penumpang, akhirnya cancel terus.",3
lu lagi laper banget pesen pengantaran ekspres berharap makanan lu sampe 30 sampe 40 menit tapi disuruh nunggu sampe hampir 40 menit lebih lu mau batalin untuk pesen di resto lain tapi gak bisa dibatalin terpaksa nunggu sampe 50 menit dengan rasa laper terus tiba tiba resto nya tutup pesanan gak sampe perut makin laper terpaksa nyari resto lain dan pesen ulang setelah nunggu hampir sejam gada kompensasi untuk konsumen yang dibikin kelaperan dan gada sanksi buat resto yang main main kek gitu 💩,5
ok,5
paling aman walopun mAhaL,5
sangat bermanfaat dan membantu,5
"apk mnyt, org nunggu2 lama.. malem2 laper pesen food di php.. menu batalin kluar setengah jam kemudian, driver masih nyari2...",2
keren,5
saya ingin login ke no yang sudah tidak aktif karena ada saldonya,5
keren,5
gojek emang bisa bayar pake dana,5
"misi buat go pimjamnya bunga nyekik bgt saya minjam 6jt ,6x angsuran 1,393 bunganya jadi 5,600jt ya allah ribanya tinggi bgt mana minjem 6jt dptmya gak full mohon jagan Nyekik kepala bunganya saya sudah lunasin tapi manakmya teryata tinggi sekali 5,6jt",1
baik semuany memuaskan,5
good,5
suwun pak,5
👍👍👍👍,5
Good,5
ok maksih,5
"beberapa hari belakangan ini semua gojek ngak ada satupun yang terima orderan, terutama hari ini pesan di berbeda tempat ngak ada yg mau padahal cuaca bagus.. ongkos limayan besar kalau milih2 gni mending pindah ke yang sebelah",1
"Alhamdulillah selama menggunakan gojek belum ada pengalaman yang kurang mengenakkan seperti yang saya lihat di postingan orang. Bahkan saya kemarin pakai gosend pengiriman dari Kp Melayu Ke Stasiun Tebet, Meskipun Titik Antarnya Salah, Drivernya Tetap Sabar Meskipun Harus Keliling Keliling Mencari Saya. Sebagai Bentuk Terima Kasih, Saya Selalu Memberikan Tips Untuk Driver Yang Baik Dan Ramah Kepada Pelanggan.",5
ok lah,5
mu dah sekali,5
gerecep bos,5
semua ramahh,5
"Aplikasi berjalan lambat setelah di update, di android 2022.",2
menyenangkan,5
aplikasi sangat bagus dan memudahkan segala aktivitas,5
hujan kaga grimis kaga susah dpt driver nya semua argo dicoba sama aja susah gjls👍🏻,1
"Lama dapet driver gofood, minta bantuan ke cs jawabanya ga jelas. mau di cancel ga bisa",1
sangat membantu saya melaksanakan tugas,5
"udah nunggu lama sejam lebih buat makanan, tapi gak ada kejelasan sama sekali!!",1
bagus,5
cepat dan tepat,5
"LAMBAT, GAK ADA KOMPENSASI KETIKA DI TOLAK LEBIH DARI 2 DRIVER,SAMAPAI SAMPAI KU DI TOLAK LEBIH 5X SAMA DRIVER, SEMAKIN SERING DI PAKAI BUKANYA MAKIN MURAH ONGKOS, MALAH MAKIN MAHAL.. KU SELALU SARANIN TEMAN KANTOR KE APPS LAIN AJA KALO LICIK GINI!!!",1
kanapa saya nggak bisa cancel pesanan dan harus menunggu selamanya 1 jam supaya bisa cancel dan susah sekali dapat driver,1
drivernya kbnyakan -attitude dan lama dtng ke titik jemput,1
"Aplikasi gojek mudah di gunakan, gojek banyak promo nya, dan memudahkan dalam mencari driver.",5
"pesan go food udh mau satu jam, udh kelaparan ini. tapi blm juga dapat driver, padahal banyak banget driver nya.. semoga kedepan nya lebih baik lagi ya... sukses selaluu",1
sadis,1
ok Sanga membantu,5
pencariannya lama ketika sudah dapat di cancel 3 kali itu niat gasih sebenernya ngojek gimana ya kalau ganiat gausah ngojol aje,1
"Keren banget Gojek sekarang para driver motornya udah pada bagus, motornya terawat juga. Jadi kalau berkendara pun penumpang nyaman. Apalagi saya selalu langganan pakai Gojek Comfort. Emang se-nyaman itu, ga bohong deh. Good job untuk Gojek, semoga bisa memberikan driver fasilitas untuk perawatan motornya. Karena selama ini tidak pernah mengecewakan👍🏻👍🏻👍🏻",5
ok,5
Tepat waktu & lokasi👍 Salam sukses selalu untuk aplikasi ini🙏💪,5
bagus...sangat membantu,4
"notif iklan mengganggu, terlalu banyak notif iklan,untuk layanan baik,driver baik",1
mantap,5
goofod super lemod,1
"Negara Maju Lainnya produk Dalam Negeri Lebihh Fantastis Kualitas Nomor 1 nya Prioritas diUnggulkan banggakan INDONESIA Go-Jek .Saya setia dan bangga pengguna jasa APLIKASI INDONESIA OK , mitra nyaman dan driver anak indonesia makmur juga profesional terdidik . Semangat jasa online ok . Jayalah produk Indonesia , AKAB . Indonesia sudah merdeka , Gojek produk kita . Aplikasi google yang saya suka dan sudah lama saya pergunakan untuk menambah wawasan dan pengetahuan . Google thanks .",5
"GW SUKAK PAKEK LU!! LU SANGAT BERMANFAAT TAPI TOLONG!! DI CAPCUT, DI MANAPUN IKLAN SELALU LU!! MANA TANDA X NYA KECIL YANG MENYEBABKAN GW KELUAR DARI APK ITU DAN MASUK KE APK LU!! TOLONGLAH!! LAMA LAMA RISIH!!! BUT LU BERGUNA BNGT BUAT HIDUP GW TAPI GW RISIH DENGAN ADANYA IKLAN LU, NGESELIN BANGET!!",4
"laporan ke customer service sudah berhasil tetapi tidak ada respon, saldo ga balik ke m banking",1
"perumahan griya pasirmas tapi yang ada cuma jalan amal, kadang makanan GK sampai ini gimana sih, masa iya jalan perumahan griya pasirmas GK ada",1
toptoptop,5
ada limit gopay later tapi gak bisa di pake gunanya apa,1
👍,5
aplikasi. nya sangat membantu dan praktis mudah digunakan siapa saja,5
"dengan gojek mau apa2 jadi mudah,pengin makan apa aja tinggal pesen.terimakasih",5
Argo mahal kedriver tetep murah...apk dajallll.,1
bagus tempatnya,5
mntp pelayanan,5
good,5
good jop,5
mempermudah pekerjaan,5
mantap pelayanannya,5
sangat membantu,5
mantaf,5
semoga titik jemputnya lebih mudah digeser lagi soalnya penentuan titik jemputnya masih agak sulit,4
barusan psn kopi. kata ojolnya dikasih bintang 3. kok bisa????. krn dikasih bintang 3 gw. maka gw kasih bintang 3 jg,3
Sopir yang ramah,5
"Selalu ada Go-Ride hemat setiap hari, cocok buat PP pelajar 😊🌟",5
kadang murah kadang mahal semoga murah terus karna aku pelajar🫰🏻🫰🏻🫰🏻,4
aplikasi yang bagus,5
"GOJEK SIALANN, HARUSNYA JANGAN PAKSAKAN PERPANJANGAN GOJEKPLUS OTOMATIS, JADI SALDO ORG KESEDOT PADAHAL TIDAK DIINGINKAN PERPANJANGANNYA !!!!",1
"Tolong ya untuk gojek metode pembayaran nya di tambahin pakai Qris karena lebih gampang Tolong banget ya semoga tulisan ini di lihat,di baca dan di diskusikan. Terimakasih 🙏",5
bagus & mudah di pergunakan,4
mntap,5
ok sangat membantu,5
sangat membantu sekali mempercepat perjalanan,5
"ngawur gofood hemat dinaikin up to 40k, hemat darimana kocak",1
"cepat, dan hemat",5
Gojek makin kesini udah makin kesana aja.,5
aplikasi baguss,5
"baguss banget buat daily , bikin lebih gampang dan practice buat jalanin hari karena semua ada di gojek!!",5
"dulu selalu bisa cancel kalau ada kesalahan, tolong dong kembaliin kyk sebelumnyaa kasih kesempatan cancel sebelum konfirmasi ke resto, Udh chat cs masalah blm selesai tiba² diselesaikan tanggapannya, tolong gojek selain perbaiki aplikasi perbaiki Karyawan juga thx",1
ok,5
mantap,5
bagus,5
"makin parah & makin bobrok dpn resto stlh geser lgsg cancel sistem,titik awal sm penjemputan hrs di wkt",1
good,5
OK,4
"jangan pernah pake pilihan gopinjam ya kalian semua, memang salah konsumen trmsk saya sedikit telat untk membayar, tapi ga juga di terror sabar data ke judol juga dong ancemannya, denda pun di bayar dan memang tanggung jawab, pun denda ga sampe 10 rb rupiah, pinjaman ga sampe2 jutaan tapi terrornya udh kek bkn aplikasi ojk, giliran lunas balik komplen main lempar sembunyi tangan ga ada yg ngaku padahal ada bukti dri notif2 yg msuk soal otp apk yg kerjasama sama ini gojek, kjar tuh yg galbay bjir",1
sangat terbantu jika ingin memesan makanan atau ojek tapi setiap memesan makanan loading buat pemesanan nya lama banget padahal jaringan lancar,3
ngelek tolol,1
"Nyalahin jaringan, padahal emang sistem kalian aja yg jelek, aplikasi lain lancar jaya gojek doang yg gajelas loadingnya 👎",1
ok,5
keren,5
ok,5
nyiksa driver,1
mantap memuaskan,5
baik aplikasi nya,5
good,5
super duper membantu,5
sgt membantu,5
"Alhamdulillah sesuai keinginan ,,aman ,dan sampai tujuan dengan selamat",5
"benerin fitur titik jemput sama alamatnya tol!, gak singkron!!",1
aplikasinya cepat dan sangat membantu,5
"Pelit kasih voucher gofood, sekali dikasih malah ada minimal pembelian👎",1
so far so good,5
sangat membantu,5
solusi armada yg tepat,5
aplikasi semakin bobrok ...layanan ribet...lelet...pesen makanan lama dtangnya...makanan kburu dingin...,1
lebih ditingkatkan lagi,4
aplikasi paling oke tidak ribet cepat dan efisien,5
ok membantu,5
driver on time datang jemput dan antar,4
mantap banyakin promo,5
lokasi susah di temukan selalu gk akurat,1
praktis dan gak ribet...,5
"aplikasi lawak. Ambil driver jauh2 Mulu aneh, lawak lawak asli",1
di Gijek skrg makin banyak vitur aplikasinya. kereen,5
sangat memuaskan dengan layanan ini,5
best,5
good....,5
Kenapa di hp saya tidak bisa untuk mendownload aplikasi gojek .. ???,1
sangat puassw,5
"di daerah seperti Jambi kalau tengah malam sulit nyari driver gofood.. Tp di giliran di cancel ga bisa dan harus nunggu 1 jam lebih.. pas waktu mau habis, driver muncul.. akhirnya nunggu makanan 2 jam.. uda mood makan woi",1
barang aman sampai tujuan thq,5
okeh,5
tepat waktu dan sangat memuaskan,5
kalau pesan gofood skarang bisa nunggu 1 jam lebih. ga bisa di batalin lagi. jadi harus nunggu 1 jam ujung2nya ga dapat driver parah,1
snagat membantu,5
"dapet driver kadang ada yg jutek, asik, dan lucu/menggemaskan",5
baik,5
ok,5
"mudah di gunakan, aman, mempermudah kegiatan sehari hari",5
pelayanan bagus,5
tolong buatkan aplikasi gopay/gojek lite untuk android 6 kebawah karena saya ga bisa pakai aplikasi tersebut walau bisa diinstal. Terimakasih dan mohon bantuannya. atau bagikan scriptnya untuk bisa jalan diaplikasi lain,3
"gojek atas nama bia okto nieli membawa pesanan tampa nota ! kemungkinan salah menggambil orderan kober level 2 yg isi nya cabe semua suami saya sampai tidak bisa makan , dan di hubungi kembali tidak ada jawabn dari gojek !",1
penolong di saat klaperan🤣🤣,5
ilovegojek,5
"sudah jos, sangat membantu tapi alangkah baiknya bonusnya di tambah,, jadi orang order gojek lihat drivernya semangat,,",5
"mudah pengunaan nya, gk ribet, dan langsung nemu titik lokasi pesanan mobil",5
"mantab, cepat, aman",5
oke baik,5
"pelayanan nya lama bangt,kadang udah ada ojol nya malah tiba"" batal,pesan makanannya pun lama bgt datang nya,keburu orng kenyang nunggu samoe nya",1
nice trip,5
"Overall sih aplikasinya memudahkan banget , dan lagi paylaternya juga bisa digunakan disaat yg tepat . Tpi satu nih kurangy , promonya kurang bnyak .",4
inklannya buruk,1
"uang saya hilang tidak kembali setelah membatalkan transaksi gofood untuk keperluan penggantian menu, dan itu terjadi 2x dengan nominal diatas 300k. sudah dilakukan pengaduan tapi dilempar² dan tidak ada tanggung jawabnya",1
"sangat memberatakan pihak gojek.kemarin saya pake nomor lain dan nomor tersebut sudah tidak aktif dikarenakan hp saya hilang.tapi pihaj gojek mempersulit untuk penghapusan akun gojek saya sehingga akun gopay saya tidak bisa upgrade.kalau seperti itu tolong hapus smua user saya,saya sangat kesal dan kecewa",1
grab udah tetapkan bagi cs-nya yg membatalkan pesanan kena denda 3 rb gojek kpn nih ky gitu wkwkwk,3
lambat buka aplikasi gojek,2
"aplikasinya bagus membantu banget, cuman gak bisa di cancel kalau pesanan nya salah",4
mudah,5
good,5
tidak ada fitur batal setelah nunggu makan 1 jam lebih,1
apk gak bisa di gunakan gangguan tros,1
untuk wilayah Boalemo Gorontalo tolong di buka dong,5
TERLALU LAMA menunggu pencarian driver untuk pesan makanan. lebih parahnya harus nunggu kurang lebih sejam baru bisa dicancel. ribet mau ganti opsi pengiriman saja.,1
makin hari makin ga jelas,1
Makasih gojek tapi kalau hujan susah banget ya 🙏😁,5
susah bgt dapat driver.,1
"pesen gofood skrg gk bisa di batalin nunggunya terlalu lama, keburu kelaperan",3
alamat tidak bisa di ganti,1
SUSAH BANGET BATALIN ORDERAN. NUNGHU DRIVER SAMPE 40ENIT GAK DAPAT DAPAT. BUANG BUANG WAKTU PALE APLIKASI ELU. GUE OGAH PAKE GOJEK LAGI. MENDING GUE KE GRAB ATAU MAXIM,1
T. O. P tekomendet,5
pelayanan nya ramah aman ok,5
penanganan cepat,5
kenapa dengan akun saya tolong saya di kasih order pihak gopartner udah versi terbaru lama bgt di kasih,1
"agak kecewa si , susah bnget sekrng nyari driver mau di goride, gocar, bahkan gofood jg parah bnya bgt yang sering cancel",4
"lama banget cari driver nya, di tanya solusi jawaban nya gak bantu banget, makanan saya keburu hambar dong udah gak enak kalau nunggu driver lama. padahal udah pakek yang ekspres, kecewa banget sih sama aplikasi ini, maaf ya ini udah urusan perut kenapa di lama lama in.",1
ENAK,5
"semua harganya kalah bersaing dengan kompetitor,,kadang setelah order dicancel driver Tiba tiba harga melonjak sangat jauh .ijin saya pakai aplikasi lain dulu ya",2
untuk saat ini masih nyaman,5
"gilak sih ini mahal bgt. masa cuma 4,5 km hrs bayar 71rb. kapooook bener",1
good,5
pemalakan njir jdi mahal smua.,1
discountnya oke 👍👍👍,5
"urusa. koneksi tolong diurus dong gara gara masalah internet kepesan 2 driver tanpa sepengetahuan saya diakhir di cancel sama driver satunya cuman duit nya gak balik , kacau ini parah",2
kadang error :v,4
bagus apl ini,5
"lelet, boros waktu, gbisa cepet, klemer bikin telat padahal slalu di pilih buat jadi pintas kepepet. knp cba milih driver ojek yg paling di plosok ujung tepi neraka sebrang pulau? knp gk ambil yg paling deket ha? di sekitar rumah ada tampilan driver tp gk di pilih sistem pdhl bener' sebelahan berapa meter doang sama pemesan, tp sistem malah ambil yg plosok tepi neraka pinggir jurang yg kudu lewat sebrang laut ngantem hujan badai angin topan petir puting bliung kudu gelut ama ultramen kamen rider",1
"driver banyak pilih pilih, banyak gak ambil pesanan karena promo, gak usah ada promo sekalian",1
tepat wakty,5
Bgus,5
mntap,5
baguus,5
terimakasih,5
"ongkir mahal"" dibayar , pesanannya malah dikasih double ke driver jdi lama",1
keren,5
"tolong tingkatkan lagi sistemnya, masalah koneksi terus, pakai sinyal 5G, 4G sama aja. ngebug terus",1
jossss,5
"saya lagi buru-buru tapi driver yang masuk malah yang jauh padahal disekitar saya masih ada driver yang stand by alhasil hampir ketinggalan kereta, tolong diperbaiki supaya pelanggan tidak menunggu driver terlalu lama dikarenakan yang masuk driver yang lebih jauh.",3
ok,5
menu terbarunya nyusahin ja mau isi pulsa pun ribet x,4
good app,5
luar biaza lebih banyakin promo lagi :),5
Sangat membantu dan mempermudah perjalanan.tinggal.klik pesan dan tunggu.. Tpi ada sdikit masalah di wilayah saya masih kurang pengguna dan akses agak susah lama nunggu pesanan.,5
Gatau kenapa gojek sekarang susah buat dapetin driver. Sering banget pesen gofood tercancel karna susah dapet driver. Tolong diperluas dong jaringan driver nya biar gampang kalo pake gojek.,1
oke,5
Promosi disc habis2an gofood.. tapi ongkos kirim harga ga normal kayak merampok.. diaplikasi lain ongkir cuma 1000 sampai 5000 untuk pengantaran jarak 2km.. kalau digojek 17.000!! discon pun harus gunakan gopay atau kartu kredit. dengancash tidak bisa.. makinlama makin BURUK APLIKASI GOJEK.. MENDINGANGW HAPUS SAJA DAN PAKAI APLIKASI LAIN,1
kerja bagus,5
sangat berguna sekali,5
Sanggat membantu,5
"sangat membantu, ketika ketingalan dompet",5
sangat puas menggunakan aplikasi ini,5
keren,5
mantab,5
Kenapa layanan pembayaran PDAM Kab Barito Kuala tidak bisa lagi..mohon bantuannya min,3
👍👍👍,5
tanggapan cepat.aman. nyaman. banya promonya lagi...gojek emang the Best,5
ok banget,5
"tolong buat gojek , kalau berubah itu menjadi lebih baik donk, contoh ini maps untuk goride jelek bgt, parahh, bikin waktu buat nyari titik alamat JD lebih lama, plis lah balikin ke yg dulu",1
akun GO-PAY aktifkan kembali,5
"Banyak bug. padahal driver udah deket lokasi, malah balik ke lokasi awal dia nerima pesenan. ga bisa dichat buat mastiin. dipersulit. TOLONG DONG.",1
Ok banget,5
driver gak berpengalaman gak punya akal. masa nipu pelajar,1
🫰🏻,5
sangat bagus,5
bagus,4
sangat puas,5
semoga harganya bisa lebih mureehhh ya ketua😃👍,5
good,5
mau memesankan orangtua di jawa untuk ke pelabuhan tidak bisa karna saya ada di kalimantan,1
buruk.... semua buruk customer service penyelesaian masalah lelet dan sangat buruk,1
sering gagal klu mw transfer dri gopay ke rekening..,1
"Aplikasi sangant membantu dan pelayanan bagus tidak mengecewakan, rekomended banget.",4
mantapp..,5
"bosS..Gojek..kenapa diskon Gojek Plus ++ sekarang harus naik minimum 40 ribu pembelian. tidakcukupkah dari harga berlangganan yg kami bayar. padahal gofood saya raa2 warteg, dan resto ulen ketan dan gorengan u makan. mrnjadi makin berat kami harus jajan dari kebutuhan kami",5
baguss,5
apk yg sangat membantu. pokoknya mantaf,4
baik,5
"driver blum antar pesanan sudah meminta tips, pdhl tanpa di mintapun klau sudah smpai pesanannya pasti saya ksih tips.",4
keren,5
"sekarang dapet drivernya lama banget, ngeselin",1
membantu sangat,5
"nunggu driver area Banjarmasin sampe cape. 1 jam ga ada driver yang tersedia, mulai kepikiran pindah apk sebelah",2
tolong cari driver ny lebih cepat masak udah 2 jam gak Nemu driver ini provinsi masak sepi gojek ny,1
bagus dan luar biasa,5
"makin kesini makin gak beres, ngasih fitur hemat tapi disuruh nunggu satu jam, dan di cancel",1
"goride terdekat dibawah 4km argo Rp. 15.000,00 yg dibayar costumers sementara yang diterima driver Rp. 10.400,00 berapa persen kah potongan untuk aplikator ???biar costumers pada paham bonus tidak ada sejak sebelum covid dan pengambilan atau penjemputan itu bukan terdekat malah jauh, yang bikin costumers gagal paham apalagi yang pengen cepet"" belom gosend beda pengambilan dan pengantaran, begitu juga gofood jika dpt double biar costumers yang pelit sadar diri argo hemat 5k 10trip 50k jarak jauh",4
nice app,5
senang paket cepat sampai,5
"kalo ga dpt driver gak bisa langsung d batalin, harus nunggi berjam jam",1
"Aplikasi gampang digunakan, cepat dan tepat lokasi pemesanannya",5
"pencarian driver sangat sulit, dan waktu tunggunya sangat lama untuk bisa membatalkan pesanan makanan, keburu asam lambung",1
suka banget sama aplikasi gojek👍🏼👍🏼👍🏼👍🏼,5
sebenarnya ini hp saya sendiri gak ada pihak ketiga itu gak benar sama sekali,5
baru instal kasih bintang lima aja👍,5
all is good,5
👍,5
percuma ada diskon gofood kalo drivernya gada masuk,1
sangat membantu di kala laper,5
terimakasih gojek dan drivernya,5
flexible secara konvensional,4
Gojek Is The Best,5
"pencarian driver lama dan sekali dapat driver cancel sendiri, tolong diperbaiki sistemnya. kasian customer yang urgent kalo kek gini trus, ini gak sekali dua kali saya rasain",1
"tolong drivernya dikasih peringatan min, 1jam saya nungguin orderan gofood gaada yg pickup, kalo driver sudah pada males ambil pickup makanan sebaiknya tutup layanan gofood aja, fokus ke penumpang(goride/gocar)",1
"masak iya pesan makan jarak gak nyampek 5km, harus nunggu satu jam lebih, mana kita gak bisa chat resto pula.",2
sangat buruk tarif tidak stabil bahkan bisa naik 200% GILA,1
aplikasi yang ga punya empati ke driver individu 😭 malah lebih memainkan sistem untuk bikin individu hancur,1
mantap,5
Layanan sangat sering bermasalah ketika mau buka gofood aplikasi nya 100 kali keluar sendiri dan terhenti dan saya tak jadi beli,2
"kocak saya asam lambung gara gara disuru nunggu nyari driver gada yang ngambil, disuru nunggu 45 menit kaga bisa di cancel, udah bilang ke cs malah disuruh nunggu lucu",1
bagus amanah murah,4
"burukkkk, sudah lama tunggu pesanan ga ada respon, kelamaan saya sudah kelaparan",1
cari driver kok mau 3 jam gak ketemu aku pesan jam 6 sampai jam 8 Masi belum dapat driver,1
driver banyak tpi gaada yg mau ambil,1
CARI DRIVER GOFOOD AJA LAMAA,1
terbaik 👍🏻,5
"Jujur, aplikasi gojek sendiri punya kualitas dan pelayanan yang bisa dibolang buruk daripada deivernya sendiri. Izin, kurang informasi dan cara supaya customer (terutama gofood) mengetahui apakah ada driver maupun tidak ada driver yang mengantar pesanan. Dari berbagai pengalaman sebagai customer, banyak pesanan (gofood) yang dibatalkan customer karena sangat lama menunggu karena alasan mencari driver. Semoga lebih berkembang, karena menurut saya masih maklum dibilang aplikasi buruk.",1
good job,5
bgus,5
"pesan makan jam 18.35 padahal gak terlalu jauh dari lokasi tapi malah di suruh nunggu sampe jam 20.36 agak lain memang udah lapar malah di bikin tambah lapar di batalin juga gak bisa, hadehh payah",1
okelah,5
"tidak bisa membatalkan pesanan go-food karena dari aplikasi terjadi kendala dalam mencari driver, mohon buat fitur agar dapat membatalkan pesanan dengan persetujuan antara customer dengan restoran",1
semakin tidak memihak driver,1
tetbaik di indonesia,5
"semakin kesini makin buruk,",2
lama sekali waktu tunggunya lemot,1
gak jelas,1
"Sya sangat amat kecewa dgn apl ini, sya pesan gokar ternyata yg datang ojek ,sya bilang maaf pak sya psn gokar dan sya yakin sya pesan gokar, oke gpp ko bu, lalu dia menyuruh sya untuk membatalkan,sya bilang gaada pesanan sama sekali bahkan pesanan yg lalu pun tidak ada, hp saya lobet dan mati saat beliau tlp sya ,pas sya cek hp beberapa chat masuk bilang sya bego lah apalah karna sya tidak membatalkan pesanannya dia bilang, padahal sya pun bingung karna di aplikasinya pun tidak ada pesanan yg lalu ataupun yg sedang d pesan ,sya jd bingung ahirnya dan kecewa",5
wokeeeee,5
kalo psen gofood msti lama keburu kelaparan,5
cepat dan ramah,5
tolong dong gojek di perbaiki sistem downloadnya kita selaku pengguna tidak bisa ni ambil bukti perjalanan..,2
nyesel nunggu lama lokasi kejauhan gimana sih,1
"sering error,jd double orderan kasihan drivernya",4
"info penting: buat kalian pengguna gojek khusus yang menggunakan layanan gofood jngan jadi customer yg low respon, selalu cek pesanan barang kali ada chat masuk dari toko/resto semisal menu habis atau kurang biar kita sama² enak",5
"untuk pelayanan menurun parah bahkan order gofood bisa sampe 1,5 jam sejak jalan dr resto... muter2 trs makanan di bawa sampe dingin",1
salam sejahtetah TERIMA KASIH atas fasilitas yg di berikan gojek senantiasa sellu memberikan berbeda dr promo maupun ketepatan dn kecepatan dlm jasa pengantaran dn sllu kembang kan terus fasilitas nya ya agar warna nya berbeda dr yg lainnya ......skali lagi terima kasih....,5
semoga berhasil dan selalu sukses untuk bermanfaat buat kita semuanya Amin yah Allah SWT,5
good,5
aplikasi bagus,5
"biaya antar semakin mahal. perbanyak promo asli, bukan jebakan promo",3
oke,5
terbaik,5
Bagus,5
selalu mendapatkan driver dengan posisi yang jauh padahal dekat banyak driver. tolong di perbaiki sistemnya,1
overall oke,4
"suka lama dan sering ga dapet driver pdhl udh pilih pengantaran yg paling mahal, jadi kecewa nunggu lama lama",2
"kalo mau murah jangan bergantung sama gojek, bandingin harganya sama grab dan yang lainnya.",3
banyak yg suka minta nambah gede jirr.. masa udh di kasih suka nawar pengen nambah gede,1
pertahankan promonya ongkos jadi murah,5
jelek,1
"Kali ini saya KECEWA! Tolong mitranya di perhatikan dan harap kontrol sopan santunnya!!! Tadi saya order gofood, kemudian di acc lah sama driver tersebut. Lalu resto makanannya antri, abis itu driver tersebut suruh saya order ke resto lain, alasan dr driver karena mengantri. Toh tinggal antri/cancel kan bisa, gausa sok paling bener, saya juga ga ngeburu""in untuk driver mengantarkan makanannya ko. Driver A.N Arnadi dengan plat nomor (B 3406 WBG) TOLONG PROSES",1
membantu,5
burikkk bngtt sistem gofood nya sumpah orng harus nunggu 1 jam lebih buat tunggu kabar tpi ga bsa di cancel mana harga makanan nya mehong hadeh,1
sangat menolong dan bermanfaat,5
sekarang kasih B5 . karena udah lumayan gacor meskipun bnyk di cancelin customer,5
mudah di gunakan dan bermanfaat bagi pengguna jasa transportasi,5
"singkat, padat, OKE!",5
"Driver go car area medan niat kerja gak sih...? yg kalo cari driver jauh, kelewatan dari titik jemput, gak bisa di hubungi, kadang minta di cancel... aplikasi sampah...!!!",1
Mantaap drivernya,5
good,5
gofood sekarang lama dan sering cancel. udah nunggu 30 - 1 jam. malah di cancel. perbaiki sistemnya lagi,1
mantap,5
keren,5
"cepat murah,, banyak pilihan",5
ok banget,5
"tolol banget !!! saya pesan paket di shoope padahal sudah pakai pengantaran prioritas tapi malah kurirnya antar ke tempat lain dulu , paket saya di kirim terakhir . padahal itu barang urgent mau langsung di pakai . jaraknya juga dekat cuma 20 mnit",1
promo nya gak ada habis nya jadi Langganan gofood,5
Transportasi yg bisa sewaktu2 diakses...,5
kenapa setelah di update dan malah berbayar digojek plus. vouchernya jdi pada ilang dan ga semenguntungkan sebelum du upgrade. uninstal sih klo udh ga menguntungkan lagi,1
"bagus, aku selalu pakai gojek dari dulu",5
"akun susah di akses garara lupa email, padal akun ada saldonya.",1
Ok,5
banyak promo nya,5
Keren,5
setiap mau order.. selalu lama dapet kendaraan ny...,3
ok,5
bagus,5
"gojek mesti upgrade map lagi ,",2
Bagus,5
nice aplikasi,5
mga sj akun gojek makin gacorr,5
kenapa dapat driver jauh2 anjirrrr,1
mahal sekarang masak Ngagel ke Bratang 45,5
mantab,5
semakin lelet,1
good,5
keren,5
oke,5
DRIVER NYA NGGA BISA CEPAT SAMPAI AKU KETINGGALAN KERETA!!!!!! APLIKASI YANG NGGA BISA DIPERCAYA!!!!!!,1
good,5
"mempermudah aktivitas,",5
sangat mudah.dan. menyenangkan,5
"gojek semudah dan seramah itu, senangnya pake gojek",5
"aplikasi gojek sangat membantu, dan menolong kebutuhan kita semua, saya sangat senang menginspirasi aplikasi gojek ini😊",5
"adain dong min gojek step motor atau stut motor, harganya mengikuti sesuai aplikasi untuk membantu mendorong motor mogok sampai ke bengkel min",4
Sistem pembatalan yang terlalu lama dan hanya menjawab pertanyaan tamplate,2
kurang bagus,2
Sangat praktis GK pakai ribet 👍🌟🌟🌟🌟🌟😊,5
👍,5
"DOWNGRADE BUAT GOJEK, ORG KETIDURAN BISA""NYA MALAH MESEN MARTABAK SENDIRI. GOJEK LBH PANTAS DPT YG LEBIH RENDAH DARI BINTANG 1",1
mantap,5
bgus,5
"Aplikasi tolol, buka gotransit aja ga kehubung sinyal padahal sinyal bagus buat aplikasi lainnya",1
"setiap pesan go food susah banget dapat driver. Udah gitu mesti nunggu agak lama baru bisa membatalkan orderan. nungguin sejam baru bisa membatalkan orderan keburu pingsan kelaparan. 🤦🏻‍♀️🤦🏻‍♀️🤦🏻‍♀️. Sekalinya dpt driver di cancel, apa karena pake promo entahlah.",2
makasih gojek transportasi online yg luar biasa🔥🔥🔥🔥,5
pesen gocar buat ibu posisi hujan deres. banyak driver ngecancel tiba2. ada yg udh deket malah ngejauh kasihan mama saya nunggu udah 1 jam an gak ada jawaban padahal sy nanya baek2. klo ada kendala biar sy yg cancel eh udh lah di tunggu lama malah driver ngecancel. kecewaa banget! padahal selalu proud sm bapak2 gojek baru kali ini kecewa bangettt!! tolong deh bener2 di training drivernya biar ga seenaknya juga,1
jossss,5
ok,5
keren,5
"saya udh nunggu driver 2x ga dijemput jemput, makin lama makin naik harganya, drivernya ga ada konfirm. minta tunggu saya tungguin tapi abis itu di cancel. tolong ya di awasi lagi driver kaya gini. saya nunggu sama ibu saya yang udh susah jalannya di luar malem2 jadi terhambat gara2 driver model begitu.",1
Gojek saya ga ber fungsi,5
"payah, nomer HP kita dapatkan notip otpnya,whatsapp ada, lagi di kaitkan dan dipersulit ke gmail yang ntah dimana keberadaanya, padahal kemaren saya salah kirim ke gopay, dan dari pihak gijek ato gopay tidak ada sama sekali bantuannya, payah payah,",1
"pencarian driver sulit, gak ketemu dengan estimasi 5 menit / nearby selalu diatas 10menit di jam malam dan pembatalan driver malah kita di peringati terlalu sering cancel ya mau gimana? rata rata kejauhan dan kadang macet yang buat kita sering cancel malah di peringati jangan terlalu sering cancel hadehh gajelas gojrot",1
kecewa susah betul cari pengemudi,1
"kecewa dgn si ijo ini. apa lagi kalo udh musim ujan... huft, udh pasti ngk dapat driver. pesen makanan apa lagi. huft. lamaaaaaaaaaaaa... kadang ngk dapat driver food. pdhl mreka pada nongkrong di resto terdekat. heran!!!!",3
"ngebantu bangett!! kalo lagi pengen makan tinggal klik ajaa, jadi gak ribet keluar rumahh",5
aku udah lama si ya pake apk ini tapi kenapa ahkir2 ini aneh banget jujur si aga kecewa aku ngajuin protes juga jujur jawabannya ga memuaskan banget maksudnya tuh ini dalam kondisi laper sih makanya kesel ke kalo emng ga ada drivernya yaudah dicancel gitu loh jangan malah ga bisa dicancel aku udah nunggu sejam lebih g dapet2 drivernya aku udan protes ke cs ga dapet jawaban apa2 jawabnya ga jelas kemana2 aneh banget kecewa banget,3
akun ku mau dibuka ditolak terus gimana ya. mau hubungin cs nya bisa gak?,5
sangat membantu,5
"Gojek Di Batam Payah,, Padahal Jaringan bagus dan Cuaca Bagus. alasan Lama dapat driver nya supaya bisa Nambah Ongkos nya. emg Semua nya org Kaya Gitu yg habisin Uang Naik Gojek? Gk mikir apa Kami yg anak Rantau ini??",1
selalu sulit untuk dapet driver,1
aku coba dulu kalu bagus .. kalu kasi bintang 5,1
tidak bisa mengajukan pinjaman,5
good,5
drivernya asyik buat ngobrol...dan sat set...suka...,5
"tolong kasih sangsi buat driver yg udah nerima orderan tapi ga bisa di chat dan ga dtng ke lokasi penjemputan, customer dah nunggu lama rating driver 🌟 5 tapi milih2 orderan saya tau itu datanya di matiin jadi biar costumer yg cancel kan ga etis harus nya dari awal ajj jgan onbid",2
wu tapi,3
"saya pesan gocar hari ini 13 Des dari jam 17.30 - 19.00 tapi gak ada yg ambil dengan alasan mau makan, mau istirahat, posisi gak ke arah rumah saya dll yang bikin jengkel. Harusnya tidak terlambat ke acara jadi terlambat. Pelayanan nya 👎",1
"TOLONG DONK BUAT FITUR ULASAN GOFOOD BISA DIEDIT 1X. Trkadang pas mknan smpai tdk sesuai pembeli lgsung emosi dn memberi ulasan negatif ke resto. tpi bbrpa saat kmdian ada rasa pnyesalan dn kasihan pd resto, tkutnya krna ulasan negatif sya org lain jdi gk mau order di situ. Mau dihapus tdk bsa, mau diedit jga tdk bsa. TOLONG YA BERI KESEMPATAN 1X LAGI UNTUK MENGEDIT ULASAN GOFOOD DEMI KEBAIKAN RESTO🙏maklum klau lg lapar mdah emosi. stlah knyang bru bsa brpkir jernih😟",4
ya bgus,4
biak tp syng ny kalu hri hujan pas butuh pada gak bisa gocar nya jarak jauh punya,4
selalu utama,5
"jadi saya mesen gofood eh malah gak bisa dibatalin, saya mau batalin karena drivernya kecelakaan hpnya rusak dan gak bisa dibatalin, masa saya harus nunggu orangnya dulu gimana sih ini aplikasi besar loh",1
kenapa belum bisa bayar pakai QRIS,4
menyenangkan,5
Ongkir Food gak masuk akal jarak gak ada 1km masa 28k,3
oke,5
Aplikasi lemot pada saat dibutuhkan,5
terimakasih sangat membantu sekali,5
mantap.,5
"Mohon bantuannya untuk pihak gojek, akun saya tiba"" dibekukan dan mendapat laporan bahwa akun melanggar ketentuan. padahal setiap hari digunakan seperti biasa pada umumnya, dan balasan laporannya pun tidak dijelaskan apa yang menjadi pelanggaran nya. terimakasih",1
bagus,5
mantap lah,5
"keren, bnyak discount 🤭 smga trs ada discount² mnrik",4
tidak mengecewakan,5
Tolong kalo selepas hujan kenapa susah banget nyari driver yaa? Pernah lihat di suatu titik banyak driver tapi ngga nyantol sama sekali waktu order. Udah nunggu lama pulak.,4
kenapa ya gojek sekarang agak lama penjemputannya estimasi tibanya 5 menit tapi hampir 10 menit g dateng2,3
gojek love. banget,5
Kok gak ada buat pesan tiket bioskop lagi sih di go jek ? Baut lagi dong biar gak susah kalau mau booking tiket bioskop,5
mengecewakan,1
kerennn,5
"laporan bermasalah dengan CS, sudah orderan telat dan tidak lengkap. penyelesain nya terlalu menggampangkan dengan refund, rugi waktu.",1
mudah dan amanah,5
"mestinya hanya driver tedekat saja yg bisa take orderan..jgn semua bisa, pas udah ditake eh di cancel krn jaraknya jauh..",3
"setiap pesan gofood saat musim hujan selalu lamaaaaa bangettt. hampir 40 - 1 jam mencari driver. saat makanan sudah sampai, rata2 makanan sudah dingin. tolong ditingkatkan lagi aplikasinya yaaaaaw",1
bagus,5
"pesen go car atau go food lama dapat driver, padahal yang dekat banyak, kenapa dapat yang jauh.. aplikasi nggak jelas. mending yg lain pesen cepet dapet datang nya cepat.",1
best ever,5
mntap,5
maaf yh kkk makasi banyak,5
Goodd,5
Aplikasi sampah! Dari lama pakai gojek baru hari ini KECEWA berat.,1
goods aaps,5
titik lokasi sering salah. mohon diperbaiki lebih baik lagi,1
"karena dari pihak gojek tidak ada ketegasan kepada pihak resto, maka sering sekali saya pesan makanan driver nya pasti nunggu makanan belum di buatkan tp ketika saya pesan di aplikasi lain driver langsung dapat makanan sudah di siapkan pihak resto, kecuali di jam sibuk dan resto ramai pasti nunggu jg, tp di gojek mau itu jam sibuk mau itu resto ramai atau sepi tetap makanan belum di buat oleh resto... ada apa sebenarnya sih... ?",1
terbaik untuk gojek,5
"bagus,lebih banyak Adain promonya ya gojek 🙏🏻",5
"Jujur kecewa sama gojek yang sekarang,dulu kode promo masih bisa dipake contoh nya COBAINGOJEK,GORIDEAJA,GAJIAN,GOWEEKEND sekarang malah 1 pun gk ada yang bisa dipake Kode promo nya padahal sudah beralih akun baru,makin lama makin pelit gojek,udalah mahal masih mending grab 7k only.",1
yg bener dong kasi lokasi kasian pak drivernya bikin ribet aja udah maps di hidupin masih gak tepat aja,1
cukup baik padahal saya diperumahan,5
TOP banget deh,5
mantaaabbb,5
"tolong diperbaiki layanan gosend nya terutama mobil, saya ada request pick up menggunakan gosend mobil belum dipick up sampai sekarang",5
Masih suka bug. driver dah sampai tapi di aplikasi masih otw. kasian nunggu lama banget,1
Simple dan baguss,5
gojek nga ada duanya,4
"pengemudinya baik, kdg dpt promo kdg gak ada promo..",5
mahal gojeg gk pernah ada diskon promo promo di gunakan gk bisa,5
sangat membantu,5
"Driver sopan, kiriman cepat... terimakasih pak driver",5
👍,5
"alangkah baiknya kalau ada fitur gosend barang muatan diatas 100 kg, max 200 kg.",5
waktu penjemputan cepat dan tepat,5
yg terbaik selalu ngojek buat saya,5
"aplikasi cepat respon, harga terjangkau apalagi ketika ada diskon, sangat terbantu.",5
mantap dan peofesional,5
Terimakasih sangat membantu sekali,5
terbantu banget,5
nah ini dia aplikasi keren duduk manis sampai laper klik butuh dana tinggal gunakan jarimu beli apa apa tinggal qris bayarnya bulan depan or nanti paketnya kumplit recommended kk,5
praktis,5
keren,5
cepat dapat mobil. cepat dijemput.,5
"saya pesen makanan dari jam 03.40 dan di mundur mundur terus waktunya, padahal tertera estimasi sampai adalah 15-22 menit, lalu kenapa memakan waktu 2 jam baru sampe??? mana gabisa di batalin, serius dikit orang lapar tengah malam kalo emang gabisa ya buat apk nya ya ada fitur ngebatalin lah, dikira aku ga laper apa🗿😁😁😁",2
good,5
good,5
Goo jobs Go-Jek Indonesia,5
"Gak ada perbaikan samasekali,, Kacau nih apk semakin gak jelas",1
gampang dan dapat dipercaya,5
top,5
sangat puas dan membantu sekali bagus lah,5
Good,5
paylater ditolak pinjaman ditolak Transaksi jutaan di sini,1
Bagus dan baik,5
bagus,5
Aplikasi yang sangat membantu saat kita ingin pesan makanan tanpa harus keluar rumah jadi tidak perlu repot pergi mencari makanan dan juga bisa untuk pesan kendaraan online disaat ada keperluan yang mendesak maupun untuk bepergian dan masih banyak lagi fitur lainnya . Terima kasih 🙏,5
nice,5
baik,5
"tambahin fitur QRIS pls🙏🙏 biar mempermudah penumpang saat bayar mendesak min, Karna gak semuanya mau pake gopay",4
bisa gak si tiap ujan erornya jgn kelewatan?? 😭😭😭,4
Bagus,5
"proses permohonan pindah area operasional sangat cepat,mudah dan no ribet",5
ramah & sopan 🙏,5
minta tolong untuk go mart stok barang lebih di perhatikan terima kasih,4
mntap,5
murah... bnyk promonya,5
"selalu mengecewakan di gofood nya, nunggunya lama bangeeeeeeetttt.",2
"kapok sama gocar nya , diklik harga berapa driver udah jalan langsung berubah harga nya kek gilaaaa ngejebak banget",2
"bisa bisa nya udah pesan go food lalu di cancel sama aplikasi sepihak padahal udah nunggu lama dengan keterangan makanan sedang di buat restoran.. lalu coba pesan ulang, promo berubah jauh lebih mahal.. jangan gitu lama lama males pake aplikasi macam gini.. kasian juga sama driver nya.. keterangan driver sudah datang ke resto.. pasti bingung juga kenapa tiba tiba cancel... padahal bukan salah pemesan.. salah aplikasi yang tiba tiba cancel sepihak!!!!",1
"gofood 1 jam lebih ga ketemu driver, udah coab ulang"" order tetap aja ga dapat driver, mau batalin order harus nunggu lama. kondisi udah kelaparan, sudah pake yg express juga. sangat mengecewakan",2
APLIKASI GAKK GUNA,1
driver nya susah sekarang mah nunggu,5
good,4
kocak Cs bayar Ongkir Mahal Malah di kasi ke driver GOCENGG,1
Aplikasinya bagus namun terlalu memberatkan konsumen dengan harga makanan yang lebih mahal dari yang ada di restoran,3
ok,5
Overall good,5
bgus,5
Nge gofood pake pengiriman standar kayak pake pengiriman hemat sampe 80mnit pdhl resto gak nyampe 1km,3
sangat kecewa tidak mendapat driver selama satu jam!! dan tidak bisa cancel orderan yg buat saya menunggu terlalu lama dan tidak ada kepastian dari pihak cs gojek!!!!!,1
"mending apk indr1ve guys, gojek lambat ojol nya jarang ada.",1
"nungguin gofood lama"" tiba"" di batalin secara sepihak",1
"gerimis dikit driver pada ngilang,nunggu pesanan hampir satu jam",3
"Nyari driver lama banget, udsh ganti opsi ke yanb paling mahal padahal, buang² waktu padahal sering driver yang saya kasi tips 😐",1
gojek makin lama makin hancur pelayanan bnyk Driver ny males padahal lokasi ny Deket bikin kehilangan rezeki orang kerja telat trus gara² nungu in ternyata d cansel adoh ngk kek apk sebalah apk GRAB pelayanan mantap slalu tepat waktu ngk pernah ngecewa castemer,1
jos,5
baru dicancel sekali karena alamat salah jadi lama amat dapetin ojeknya,1
"pesanan tidak bisa dibatalkan, padahal sudah lama blm dpat driver 👎",1
kenapa opsi pembatalan lama sekali ketika tidak dapat driver,1
RESPON DRIVER SANGAT LAMA DAN SANGAT BURUK !!!!,1
ok,5
"akhir2 ini susah dpt gojek. sekalinya dpt gojek, drivernya jauh bgt pickupnya",1
sdh okey..diakonnya tambah ya,5
"lama , mahal , lelet lagi aplikasi nya",1
sangat memuaskan dan sangat membantu,5
"saya sudah berapa kali mengalami hal serupa, pesanan saya tdk ad yang ambil sampe 3 kali pembatalan.",2
MANTAP,5
"susah bgt dapat driver, alasan cuaca tapi berjam jam nunggu diluar ruangan dengan cuaca bagus, aneh bgt, udh sering kali susah dapat driver!",1
Mantapp dan Amanah,5
Gajelas error mulu,1
"buat bingung ,susah x cari orderan ,disaat cari gojek lain ,eeeh muncul gojek lain ,tapi laporan nya gak ada",1
Fitur chat menjadi celah intimidasi dari mitra lainnya,2
kalo udah ujan apk pasti jelek banget,1
sangat bagus dan rekomended,5
gua telat ketinggal bus gegara gda yg mau ambil pdhl lagi rame di aplikasinya hdeh,1
Cepat dan aman,5
"makasi ya gojek, aku jadi bisa makan seblak",4
slebewww,5
"tidak fair , mendingan kompetitornya",1
"Baru mau coba, jadi kasih 3 dulu y :-)",5
Gak cocok mesen Gocar buat musim hujan 🙂,1
"Alhamdulillah setelah sy download aplikasi gojek ini,, urusan apapun JD mudah.... sukses trs udah aplikasi gojek",5
"aku lebih gampang untuk mengirim barang atau keluar pergi jalan jalan, dan aku juga suka banget kalau laper tinggal pesan di gojek",5
membantu,5
sangat membantu dikala sendirian,5
"makin kesini gojek jadi banyak kurangnya, dari nyari driver yg lama, nyari driver gosend aja lama bgt dpetnya, trus juga sekalinya dpet drivernya ga jujur cuma ambil duitnya orderannya ga diselesain, thanks gojek buat taun2an ini, im stopp",1
okelah,5
keren...,5
mantap,5
apk terbaik,5
cepat dan tepat,5
ribet gak kayak aplikasi sebelah,2
Dengan adanya Aplikasi gojek sangat terbantu,5
"Tiba tiba gopaylater saya diblokir, padahal saya selalu tepat waktu bayar tagihannya",1
aplikasi aneh login aj di batasi aneh ngak jelas,1
sangat membantu,5
bagus murah meriah bisa beli makanan bisa antar jemput kemana aja,5
"good, transportasi ku tiap saat. pelayanan ok, bagi voucher gojek nya lg dong. update di Des 25, skr pesan gofood, susah untuk dapat driver nya. jika memang kondisi susah dapat driver, SEHARUSNYA Konsumen diberi kesempatan pilihan untuk membatalkan pesanan atau melanjutkan, jadi tidak harus sampai MENUNGGU 1 jam. Bagaimana jika pesanan mkanan utk org tua, harus MENUNGGU LAMA Krn mslh driverrr.",3
mantap,5
sangat membantu kalo lagi bingung mau makan apa tinggal pesen makanan di gofood,5
harga nya murah banget kasian drivernya,1
"sudah lama pakai golek tetap tidak bisa menggunakan gopayleter meskipun ada lilith, saya saran kan jangan donwload aplikasi sampah ini",1
pengiriman cepat,5
"saya baru pertama kali nyoba drive barang, tapi dari tadi lama ga di terima ojol nya, padahal jarak Deket cuma 6 menitan....",4
nyaman bangettt,5
order makanan sering telat. untuk wilayah Banjarmasin,1
Ini order go ride yg tadinya dekat malah menjauh... ada dobel order kah... nunggu uda 50 menit...bintang 1 aja dlu yaa...,1
"Kurang suka fitur one tap, prosesnya memang membantu menemukan driver lebih cepat, tapi tidak memastikan dulu apakah costumer benar-benar setuju dan mengonfirmasi pesanan. Dan selisih harganya lebih mahal dibandingkan pesanan biasa",2
"saya mau pesen tapi aplikasi eror, udah ke terima dan gabisa di cancel, ternyata driver udah dapat pesanan lain, sedangkan di saya gabisa di cancel alhasil driver salah ambil cust, tolong lebih di perbaiki lagi kasian juga bagi driver, terimakasih🙏",3
oke kegunaannya.,5
terimakasih telah membantu,5
sangat baik,5
mantabeg ceoat sekalii sampe kekampung2 plosik tempat mertua saya pun ada thx gojek ... kami nganter ke rs .. orangtua drivernya juga baik sekali mau bantuin angkatin kursi roda abi yang beratnya 30 kg ..,5
"HARGAI DONG TENAGA DRIVER, MEREKA NGOJEK PAKAI BENSIN DAN TENAGA, PUNYA KELUARGA, ONGKOS JANGAN TERLALU MURAH DAN MURAHAN. JANGAN LICIK DONG KASIHAN PATA DRIVER. COBA KALIAN JLN KAKI PALING GEMPOR YG ADA. JANGAN TOLOL JADI ORANG...!!!👎👎👎",1
good,5
"sangat terlalu rendah utk gosend karna perjalanan yg seharusnya 13 menit sampai di tujuan 54 menit, dgn alasan driver ada 2 tujuan berbeda",1
good,5
"cepat ,hemat& amanserta driver ramah bgt",5
good job,5
best,5
gojek Amanah,5
terbaikk,5
sangat bermanfaat sekali,5
Tarif lebih murah dibanding ojeg sebelah,5
"ngga ribet, trus mentingin bumi lagi🤩🫶🏽",5
jos,4
bagus,5
mantap,5
selalu menjadi pilihan utama,5
dapat membantu. bagi saya. karena. saya ngak bisa mengendarai sepeda motor. untuk berangkat bekerja. selama ada gojek. saya bisa. berangkt krja dengan tepat waktu.,5
Terimakasih Pelayanan terbaiknya Gojek 🙏,5
naek Go-Jek ongkir nya murah dan waktu penjemputan tepat waktu serta sampai tujuan nya juga cepat.rekomendasi gojek Pekanbaru,5
bagus,5
ongkos nya terlalu mahal,1
"terima kasih gojek , selama ini sdh byk membantu d saat saya membutuhkan, sukses selalu lancar terus rezeki Nya",5
PENGALAMAN SAYA SUDAH PESAN DITUNGGUIN LAMA LAMA MALAH DI BATALKAN! MAU BUKTI? ADA NIH!! POKOKNYA JANGAN SAMPAI KETIPU INI APLIKASI PEMBODOHAN PUBLIK! TIDAK BISA MENGHARGAI WAKTU!!,1
"udah bagus, banyak promo juga. tapi adain fitur payment by Qris dong, biar lebih leluasa. jadi kalo ngga bawa cash bisa pakai Qris.",5
sipppppppp,5
sangat baik seklai,5
sangat membantu saya👍👍🫰,5
"server nya perlu update. saya buat orderan go ride, ada banyak driver di sekitar saya yg dekat, tapi malah dilempar ke driver yg jaraknya jauh dari saya. sangat merugikan. saya nunggu lebih dari 15 menit.",2
baik,5
"Susah cari driver,disaat lagi buru""",2
Kesulitan mendapatkan Driver🗿,3
gojek parah...driver sering tolak orderan jarak jauh dekat harusnya diambil..pelayanan sangat buruk,1
"Tarif murah, kl dpt promo..",5
keren trimakasih,5
"maaf saya kasih bintang 1 karena menerima driver ya ada riwayat pelecehan seksual yang tidak bertanggung jawab kepada custemer yang di lecehkan, segera di phk ya saya udah kasih buktinya via gmail terima kasih☺️🙏🏻",1
bagus,5
mantap👍👍👍,5
"JELEK NYA GOJEK/GOPAY KALO TENGAH MALAM SERING GANGGUAN, KARNA SERING JUGA MENGGANGGU KEBUTUHAN PENGGUNA, SEPRTI INI TOKEN PULSA DLL.., TOLONG DI PERBAIKI LAGI, MALU KATANYA LARYA ANAK BANGSA",1
Gila banget hujan2 kalo cari driver lama banget padahal butuh buat pulang kerja malam,1
good aplikasi,5
"kecewa berat sih barusan, min. aku udah hampir satu jam nungguin drivernya dapet tapi gak dapet2. terus gabisa aku batalin pesanannya. tolong, ya. saya ngerti cuaca lagi gerimis terus kesalahan saya tadi ambil yang ada vouchernya.. pengen batalkan pesanan biar aku pesen lagi tanpa voucher malah gabisa dibatalkan. mana aku bayar lewat gopay. tolong di perbaiki lagi ya min. maaf kalau pernyataanku nyakitin, tapi aku harus speak up ini supaya nggaada kejadian2 kayak gini lagi apalagi ke aku😭",1
tidak ramah,1
"Gojek the best, dibanding sebelah",5
TOLONG LAH KALAU KITA LAGI PERLU DRIVER DI DAERAH JALAN ALTERNATIVE MOHON SUPAYA BISA DAPAT DRIVER SOALNYA KITA SUKA SUSAH DISINIH DAPAT DRIVER,5
kurang cepat buat ngasih drivernya,1
mantab,5
sangat m3mbantu tapi sayang ongkir nya kemahalan jauh dekat nya ongkir tetap mahal untuk daerah Batam dan sekitarnya,3
pesen makanan ga bisa dibatalin. tinggal pasang tombol konfirmasi YA/TIDAK ga biaa apa?,1
sumpaaaah mles bgt sama gojek aku udh pesan dr jam 19.56 pesanan pertama dibatalin sama toko nya ini pesanan k.2 juga gitu toko ttup tp digojek nya buka stelah udh nunggu 1 jam lebih bru muncul bacaan ttup plis lah hargain orang yg pesan udh nunggu lama² sampek gk makan tp akhir² nya dibatalin kasian loh sampek lapar aku,1
"Pesan gofood, orderan sudah di ambil, sudah nunggu 30 menit, baru ada laporan resto tutup. Pihak gojek tolong di pertegas hal seperti ini, menghabiskan waktu",2
ok,5
"gofoodnya lama, kasiann istrii sayaaa laper mau makan harus nunggu lamaa udah tau lagi cape",5
ok banget,5
"lambat sekali, pesan makanan jam berapa datangnya jam berapa.",1
cari driver aja susah,1
Alhamdulillah pelayanan gojek semakin baik,5
"gojek kenapa ga bisa login, padahal saya install di playstore asli bkn abal abal",3
parah banget skrng aplikasi gojek sering keluar sendiri. menu sering tidak muncul semua tlpun driver sering putus putus nyaman yg dulu,1
kenapa selalu susah dapet kalo lagi/ beres hujan lama ada 30 menit baru ada yg ambil,2
siiippp,5
kelazzzz,5
katanya udah sampai padahal belum saya terima,1
jelek bgt,1
kadang lama kalo pesan,5
ok sipp,5
"cukup memudahkan dan driver nya ga pilih2,jauh dekat di embat .keren abis",5
MASUK AKAL TELAT 1 JAM TAPI GAK BISA PEMBATALAN??? APLIKASI GILA,1
kenapa yah dg aplikasi nya akhir2 ini masak Iyah saya pesan gofood udh 2x dibatalin mulu krn driver gk ada. kesel udh nunggu lama 60 mnt malah dibatalin. aneh,2
"gasuka bgt klo tbtb bermasalah, load lama banget pdhl udh pake wifi dan dicoba pake data 5g, udh gue download ulang jg ttp bermasalah, apasih mau nyaa",1
aman nyaman dan memuaskan,5
yey,5
"aplikasi tolol. pesen gofood waktu tunggu driver 10 menit,tdk dapat driver waktu tunggu di tambah 1 jam dan tdk bisa cancel. APLIKASI TOLOL",1
baik,5
susah kalau order,1
"pesen goride. di map banyak driver terdekat. susah sekali dapat driver,, lama saya batalkan pesanan. sebanyak 3x karna tidak dapat driver. tiba tiba harga naek. padahal keburu.",2
mantap,5
Driver Gocar terkadang susah untuk nganter konsumen dengan alasan jauh lah jemput nya & sebagai nya. Inti nya Driver tidak mau jemput tapi lucu nya saat minta pembatalan harus konsumen yang ngebatalin. Pada hal konsumen mau menunggu.,4
"terimakasih, sangat membantu",5
"sejauh ini aplikasi ini membantu saya, memudahkan perjalanan saya.",5
kalo hujan jelek banget,2
sekarang mencari driver di aplikasi sangat sulit,1
mantap,5
Tolong tambahkan fitur untuk mengganti penilaian terhadap driver. saya salah kasih nilai karena hp saya sering eror,3
cukup,5
"minus nya kalo pesen gojek dalam keadaan hujan padahal saya mau berangkat kerja susah banget gaada yang mau ambil, jadi mesti cancel lagi sendiri terus cari lagi siapa tau ada yang mau eh gaada sama sekali,padahal dah pake gojek tu lama banget dan sering pesen gofood tp kenapa bagian pesen gojek susah bener kalo keadaan lg hujan jg padahal saya juga gaakan ngebiarin ngasih ongkos nya sesuai tarif, kalo gini jadi nya seakan akan saya yang jadi customer bintang 1 meren grgr suka cancel gojek",2
mantaaaap,5
👍🏻,5
makasih ya bang udah d anterin paket saya ...🙏🙏,5
bagus,5
terbantu,5
ok,5
sangat bagus,5
order kok sampai telat konsekuensi dari pihak gojeck ap udah ongkir mahal,1
baguss,5
ok,5
membantu sekali,5
saya rencana mau pulang kerja pas buka apk ada promo byar gojek 6500 sya klik lah yg harga promo tsb cuman ditunggu tunggu 15mnit belum ada penjemputan apa gni y semua gojek klo dikasih harga murah gk mau???,1
maps ngak sesuai sama yang lokasi asli,1
"ok, banyak promo untuk gofood",5
sangat membantu,5
bismillah otw Surabaya,5
super dan simpel aplikasi..🙏🙏,5
driver nya kadang ngeselin anj,2
ga da nomer custumer servicenya.. jd kurang ya. harusnya ada dunk. jd klau ada kendala cepat ditangani,4
"tiba-tiba langsung terpesan tanpa saya tambahkan promo, saya ingin membatalkan tapi tidak bisa. memang dasarnya aplikasi ini banyak bugnya dan sangat merugikan penggunanya. jarang ada promo dan biaya ongkir dan makanan yang relatif terlalu mahal untuk pelajar.",1
berguna saat barang atau mau pergi ke mana²,5
mantap driver ramah dan aman,5
aplikasi bermasalah mulu. padahal sinyal stabil 🙁,2
lokasi driver dengan titik penjemputan terlalu jauh,1
lag saat pesen,1
selalu bisa diandalkan...👍🏻,5
aman sentosa,5
terimakasih,5
"sumpah ya kalo ada fitur BINTANG NOLL, gua kasih dah NOLL coma nol nol nol, gila banget setiap mau bayar cicilan go pinjam susah banget apk dibukanya, ygada malah muncul layar putih doang. niat gua udh bagus nih mau bayar, makasih dah gojek gua ga lagi lagi pake apk ini, mending ke grab aja",1
"saya pesan gofood pake delivery yg reguler, tapi pesanan saya dimasukin jadi dobel order tanpa pemberitahuan. waktu saya terbuang nunggu makanan dengan kondisi sudah lapar. ini layanan bukan membantu tapi menyengsarakan konsumen. kami bayar penuh untuk layanan yg cepat dan efisien tapi kalian malah menipu konsumen. berhenti saya pakai gofood",1
terutama yang saya rasakan senang bisa bantuin saya dalam penjemputan anak sekolah,5
ok,5
"aplikasi gojek ini sistem rusak dibiarkan admin ..saya sudah lakukan pembatalan pd driver 1 karena harus tambah duit extra buat instant driver tapi saya gak mau lalu kecancel tapi dibiarkan admin terus dibiarkan dicari driver lagi (driver 2) lalu datang sidriver katanya aku order gojek , terus ada muncul lagi sidriver ke3 katanya aku order gojek dan aku gak melakukan pembatalan ..",1
"kadang berbenturan dengan klien di hari yg sama, beruntung dengan ada nya gosend. bisa kirim paket/barang dengan cepat 👍🏻",5
Sangat membantu,5
banyak unit,5
"sangatvmembantu transportasi jemput antar anak, dan saya sendiri",5
"sikap pengemudi,cuma jarak dekat expensive",5
"udh hampir 3 tahun make gojek, suka dgn pelayanan dan fitur fiturnya",5
ntapsss,5
"mudah aksesnya, pengemudi ramah",5
"GO-JEK sudah tiada harapan untuk lancar, harapanya menuju kebangkrutan, padahal dulu di sanjung2 sekarang dilecehkan sama banyak Mitra nya sendiri, yang dilapangan diperas habis yg dikantor enak2 cuman duduk ngobrol dan ngrubah2 sistem gimana cara Mitra yg dilapangan diperas habis, harusnya memikirkan kesejahteraan Mitra yg ditangan bukan diperas keuntungan buat perusahan.",1
ok,5
sangat membantu,5
"di area palopo klw pesan makanan, dtngnya lebih sejam an yah. buruk sangat",2
👍,4
Maju goto,5
Alhamdulillah selama pakai aplikasi go jek saya merasa puas dan Go Jek menjadi pilihan saya.,5
mantap,5
bagus aja,5
customer gojek diberi kebebasan oleh aplikasi buat ancurin performa driver dengan cara meng cancel orderan pake alasan Permintaan driver 🤣 di jaminlah performa driver jadi ancur dan jadi anyeb 🤣,1
"sorry nih om, UI nya tolong di buat simple elegan aja, ga usah lah cute cute rame lg pusing liat nya juga, perlu di catat aplikasi gojek itu aplikasi JASA bukan game cukup dibuat normal biasa agar pengguna ga bingung Terimakasih.",2
Bagus,5
mantap,5
puas,5
"Alhamdulillah driver baik , ramah , sopan , lancar",5
luar biasa,5
"kenapa beberapa bulan ini untuk gofood map pengarahan gojek ke alamat yang dituju diputerin ke yang lebih jauh padahal alamatnya sudah sangat jelas ,tolong perbaiki lagi kasihan ke drivernya jadi muter dulu dan ke custemernya menunggunya jadi lebih lama ,kembalikan map nya ke yg sebelumnya",3
good pokoknyaa,5
sangat bagus adanya ini . mau kemana mana jadi ga bingung,5
terima kasih 🙏🙏,5
"Aplikasi Skrang sangat menyusahkan driver jarak pengambilan orderannya hampir 3 km atau 7 km pas sampai ke restoran dicencel sakit hati.sudah berapa kali seperti ini kga mikirin mau untuk besar kga mau rugi..??? Belum driver lagi isi bensin,dan macet diusahakan diambil orderan nya malah di cancel sistem ....????",1
sangat baik dan nyaman aman,5
apk nya tiba tiba nyedot buat tips gojek anggg,1
selalu mentalin ke driver yg jauh mana driver nya cancel Mulu. sekarang gabisa dipake kalo buat urgent. kenapa sih gojek hadehhhhhhh,1
ok,5
Terbantu,5
"selain harga terjangkau, aplikasinya juga sangat membantu sekali ketika berpergian",5
bagus,5
gojek memang mantap,5
okey,5
"ngga driver gofood nya, ga ekspedisi goto nya, drivernya pada manipulatif!",2
keren,5
mantap Go-Jek andalan ku selalu pakek gojek best👏👍🤝,5
saya sangatt suka memakai apk gojek,5
"aplikasi kocak, driver sendri yg minta cancel malah akun saya yg kena peringatan krna terlalu bnyk cancel, driver luh tuh klo kgk mau ambil orderan kdang di diem saja, tanpa chat customer ataupun cancel sendri",3
kacau driver nya,1
good,4
Drivernya ramah... pakaian rapi - celana panjang. Motornya jg nyaman. Sukses terus ... Tuhan Memberkati,5
Membantu saya mengantar ke mana saya pergi,5
sayangnya gak bisa daftar online 😭,2
ORDER MAKIN SULIT..TERLALU BANYAK MAFIA ORDER...SETIAP ORDER BESAR PASTI HILANG PAS MAU DI SAMPERIN LOKASI PICK UP NYA,1
gojek topppp,5
Ok,3
senangenggunakan gojek .. smga kedepan makin di murahin ya untuk pesanan gofood nya hehe banyak potongan dan bebas ongkir,5
pokoknya gojek mantap,5
"cs gojek sgt tidak profesional, sy memesan go food nasi padang 2 bungkus, bungkus pertama pakai ikan mujair dan telur dadar dan bungkus kedua pakai rendang daging dan kikil, tp saat makanan dtg, kikilnya tidak ada, dan sy komplain di bantuan cs gojek tp tdk bisa di selesaikan masalahnya dgn alasan sy harus buat video semua makanan di buka dan di jejerin, sementara mana sy tau kalo bakal ada kekurangan itemnya, jadi istri sy makan dulu bungkus pertama,jd tdk bs foto semua makanan lg.sgt kecewa.",1
"mentang² pakai promo tarif murah, driver sesuka hati cancel orderan, padahal di map lokasinya udah deket lokasi penjemputan tiba² di cancel ga jelas",1
nunggu dibandara hampir sejam padahal udah order luxe gak dapet2 malah yg dateng sesudah saya pada jalan duluan,1
"Tolong sistem tunggu untuk bisa membatalkan pesanan gofood nya jangan terlalu lama. saya sampai telfon resto, pihak resto sudah setuju untuk cancel tapi gabisa karna sistem gofoodnya. sedangkan kalo masalah makanan, ada saatnya kita gabisa nunggu lama. akhirnya malah jadi double order. melindungi pihak resto dan mitra tapi kalo gini caranya ga melindungi customer.",3
iklan lo ganggu,1
"TOLONG Mitra driver Gocar yg tidak mau Nerima kalau order pas jarak dekat / pakai voucher itu di putus mitra saja. percuma mereka ga guna, kadang pun minta lebih diawal, padahal tanpa diminta pun pasti dikasih lebihan, tapi kalau seperti itu sama aja naik taksi argo, ga ada bedanya. itu udah resiko jadi mitra Go-Jek / aplikasi, kalau gamau dpat pembagiannya dikit dri pihak aplikasi, mending bikin aplikasi sendiri terus jalanin sendiri!!! TOLOL banget, mitra yg. suka pilih2 pelanggan gini",3
"order gofood lama, harga goride malah duh payah",2
untuk layanan pesan antar makanan respon driver cepat dan ramah,5
"min tolong dong sistem geser di kembalikan seperti dlu, ini sdh jauh jemputnya restonya belum dapat notif orderan masuk, apa gmn, nggu 2x ini namanya, sampai resto belum apa2, baru pake waktu lagi sangat berbahaya buat driver laju2 ngejar waktu itu, kalau lambat orderan ter cancel otomatis",3
bagus,5
"susah kali buat batalkan pesanan, sudah mahal, lama sekali pula",1
kok gk bisa daftar,1
mantep,5
good,5
"gajelas masa di tulisannya 26k pas nyampe jdi 67k,kebelet kaya nih admin",1
Good lah pokoknya,5
goodd,5
kalo jarak jauh sulit dapet driver hadehhhh,1
gojek aplikasi yang terbaik dan cepat,5
Gojek sangat membantu,5
ini yakin gojek mau lanjutin usahanya dengan aplikasi se bobrok gini gak malu apa sama pesaingnya pesan eror mulu apanya yang di update apanya bug di di benerin mendingan managemen teknisi it nya yang di ganti kalau gini terus yang ada orang gak mau belanja di gojek lagi pantesan sahamnya longsor mendingan angkat kaki juga dari bursa efek jadiin perusahaan privat aja masalah aplikasi aja gak pernah benar benar selesai hadeh.,1
"MAKIN SINI DRIVER NYA MAKIN MALAS, UDAH NAIKIN HARGA NGGA ADA UANG MAU PICK UP. KALAU SEPI NGELUH AJA..... JANGAN ALASAN UJAN, JAUH JEMPUT. UDH UJAN JUGA GA ADA YG MAU PICK UP TOLONG PERBAIKI",2
"tulisan ""diusahakan dapat driver pukul sekian..."" itu satu jam lamanya. trs makanan akan disiapin klo Uda dapat driver. bayangin brpa lama orang harus nunggu utk makanan sampai. fitur nya g seasyik dl. klo g dapet2 driver, makanan g dibuat2, harus nunggu sampai kapan. perbaiki deh. kayak dl aja",1
mantul,5
Sangat membantu pekerjaan dan lain lain,5
sangat bagus,5
membantu dan memudahkan daripada wira wiri ngukur jalan.,5
cepat dan nyaman,5
josss,5
selalu yg terbaik,5
mantaaap,5
"teman setia.. solusi cepat dan tepat ,tanpa macet,kirim sat set, no ribet ribet",5
Gojek ini sangat membantu sekali untuk perjalanan dan waktu butuh makan tapi ga ada transport.,5
kenapa tiba tiba keluar dari gojek dan gopay selalu nunggu 60 menit verifikasi wajah padahal udah benar tapi gagal,1
mitra jg perlu diperhatikan kesejahteraan nya ya,5
sangat membantu,5
The best in services..,5
sangat membantu,5
bagus membutuh kan bgt,5
harga nya berubah2 kadang murah kadang mahal banget,5
"masnya baik banget,sukses untuk masnya dan semoga mas nya di berikan kemudahan, kelancaran dan kesehatan dalam mencari nafkah aamiin yaa rabbal alamin 🤲🤲🤲",5
smgt membantu,5
mantap,5
"driver kurang,lambat dalam mencari driver",1
Aplikasinya sangat bagus,5
"sebenarnya aplikasi ini bagus, tapi saat saya pesan sesuatu tidak ada notif apa pun kalo pesenan saya dikirim, padahal sinyal saya bagus lho, jadi mohon dikonfirmasi oleh pihak gojek, masalahnya bikin tetangga repot, soalnya driver tidak tau wajah pemesannya gitu. terima kasih dan mohon dijawab",3
lambat pelayanan gofood nya... makanan saya di bawa keliling keliling entah kemana,1
gooooood,5
Go-Jek masih bisa digunakan,5
hujan berhenti ongkir masih mahal. makin lama gofood plusnya minimal order digedein jadi 40rb karena hal itu ga bisa pesen yang dikitt.,2
memudahkan perjalanan,5
percuma punya banyak coins kalo tidak bisa di pakai ... semenjak di update jadi kyk sampah aja nih coins,1
keren,5
"ni aplikasi ngeselin apalagi di iklanya ,KEPENCET SEKALI LANGSUNG MASUK APK NYA ,SNGT GAJELAS ,udh gitu kadang bnyk eror nya",1
"aplikasi Minta di Update, tapi tidak di sertai Menu dan panduan untuk Meng'Update Aplikasi'nya",1
mahal gojek itu . . aq lebih suka grab sama Maxim . . bedanya 8k sendiri . . contoh gojek 22k di grab cuman 11k gila Lo druw . .,1
aplikasi sangat membantu sy dlm melakukan perjalanan,5
👍🫶🫶🫶,5
aplikasiny lemot banget,4
ok,5
good,5
ganggu,1
ramah dan nyaman,5
dapat membantu kita untuk berpergian atau sebagainya......,5
pesan gofood.. drivernya dikasih double order jdi sampenya lama.. tolong dong gofood di benahin lg buat sistem double ordernya,2
maps nya suka eror y min?,4
ok,5
yoi,5
aplikasi yang sangat bermanfaat dan sangat membantu mempermudah hidup,5
Gojek selalu standby ketika kita membutuhkan. Mantaap. Maju terus Gojekku..! 🙏💐💐💐,5
aplk transfortasi yang dapat diandalkan dan terpercaya.,5
okehh,4
ok,5
meskipun baru beberapa kali make tp saya suka banget tepat waktu banget,5
mantap,5
driver banyak yg tolak orderan,1
Aplikasinya sekarang ngelag banget,2
mantap,5
"bilang sama driver nya kalo kejauhan/ ga mau terima order di chat ga perlu saya yg cancel atau cuma diem doang ( udah gitu ga gerak gerak pula) , oh ya kasih kasih SP dong buat orang orang kek begitu, udh tau harga naik di cancel malah diem doang drivernya harus bgt saya yg cancel, tolol banget.",1
ok. memudahkan,5
sagt bgus,5
"semakin sering pake, semakin mahal. padahal setiap banget sama gojek",4
mudah dan aman,5
keamanan pasti,5
sangat membantu saat² butuh transportasi secara cepat,5
sangat baik,5
goood job,5
"Cepat, Tepat &",5
fitur lengkap,5
"aplikasi tolol, cari driver kenapa dikasih yang jauh2? yang terdekat kan ada",1
kenapa tidak bisa di akses pagi ini???,3
mantap,5
mantap,5
bagus,5
jelek lama dapet drivernya,1
"pake gojek promo nya murah murah ga pelit kek sebelah, pelayananya mantep puoll. cs fast respon dan tanggung jawab, jadi ga mengecewakan customer. 2026 banyakin promo lg dong hehe",5
bagus,5
"tolong sediakan cancel order, makasih",5
ok,5
"pesen gomart estimasi 30 mnt sampe tp udh 30 mnt+ driver masih stuck, hampir 1 jam pesanan blm di pick up jg, kalo ga nyanggupin 30 menit gausah blg kalo 30 menit bisa sampe, lapor ke cs nya disuruh tunggu"" mulu, auto uninstall sih",1
Abang drivernya ramah..👍👍👍,5
sangat membantu...terimakasih,5
App kebanyakan update .tros bahasane inggris ....,1
oke bangettt,5
oke membantu,5
susah cari promo jir,1
betul betul bermanfaat,5
salah pesan gak bisa pula batalin,1
"dari dulu pelanggan setia gojek, apa apa selalu pesan di aplikasi gojek tp setelah akhir akhir ini. apk gojek sangat bkin saya kecewa banget.. krna akhir akhir ini saya susah bngt mendapatkan driver transportasi dn driver makanan selalu di tolak terus sama driver nya dan selalu tidak ada yg mau mengambil pesanan makanan saya di apk gojek ini.. tolong di perbaiki lgi ya sistem gojek dn driver nya..",2
mantul,5
"halo gojek saya ingin mengubah negara tempat saya tinggal sekarang di malaysia ,tpi tidak bisa di ubah ,tolong bantuan nya,urgent",5
terimakasih,5
"banyak driver lawan arus di daerah flyover taman cibodas tangerang kota, minus attitude 👎🏻 dan membahayakan org lain",1
"Sering sekali saya tidak menerima pesanan karena ulah dari driver/rider gojek!! saldo hilang, barang tidak di terima oleh saya maupun keluarga!!",1
makasih,5
"Sangat terbantu dengan Gojek, responsif dan gercep",4
"banyak hecker retas koin gogle play sangat buruk duit bisa ilang tolong d perbaiki lagi ,terpaksa saya hapus beralih ke grab",1
sudah sering susah driver. sudah agak malas² sepertinya mitranya sekarang,1
"Perlindungan konsumen sangat buruk. Untuk kasus penipuan hanya direspon oleh gojek dgn membekukan akun penipu, tidak ada follow up lebih lanjut.",1
"udah nunggu sejam gocar, driver cancel seenaknya ini seriusan gada tindakan buat driver yg seenaknya gini? minimal ada konfirmasi ke pelanggan, tunjukkin kalo kalian ber Etika miris banget sih",1
"bagus aplikasinya, pesen go food sesuai pesenan, tapi maaf aku uninstall dluu yaa🙏😭",5
ok,5
Memudahkan Perjalanan....,5
naik gocarnya ngga jadi tapi dana gopay yang sudah terpotong tidak di kembalikan..janjinya maksimal 14 hari tapi sampai sekarang belum ada pengembalian juga..komplain lewat aplikasi dibilang sudah beres..sementara di cek di riwayat transaksi gopay tidak ada masuk dana pengembalian..bikin kecewa,1
lebih ditingkatkan lg yanmas sy selalu gojeg,5
sangat membantu saya terimakasi gojeg,5
"mending grab, aplikasinya sering nge bug",1
"good, very the best",5
lebih percaya. semoga baik seterusnya,5
sangat murah dan mendapatkan promo yang banyak 🙏,5
"GOJEK SEKARANG JELEK BANGET.. GOFOOD SAMPE 2 JAM DARI PROSES DI DAPUR, CARI DRIVER, .. PANTES SEKARANG PADA KABUR KE SHOPEE SAMA GRAB",1
"layanan semakin mahal saja, anehnya ada tambahan biaya untuk mempercepat pencarian driver dan itu pun lama atau g ada respon dari driver sekitar. Kenapa mesti ada layanan prioritas kalo layanan murahnya sebagai kedok sistem untuk mengarahkan ke prioritas yang harganya mahal. Jadinya semacam layanan yang menguntungkan salah satu pihak saja untuk menutupi sistem aplikasi yang cacat.",2
ok,5
"woi sumpah, ""failed to pay"" ganggu banget. pas dipencet gatau apa yang harus dibayar, gaada arahan sama sekali. udh cek playstore di menu langganan juga udh off semua tapi ttep aja",1
Gojek cacat lemot bgt !!!,1
sering ktemu driver yg tdk ramah...,4
menu gofood ribet amat mau pesen bingung bolak balik sampe 3x 4x mana menu pesennya malah balik lagi menu custom. ribet ah,1
sangat membantu,4
"dapat jauh terus tiap pake gojek, pdhl yang deket banyak. berarti lebih profesional aplikasi sebelah....",1
oke jal,5
ok,5
mantoel,5
Rekomendasi pokoknya,5
lumayanlah,4
bagus,5
sangat puas,5
mudah cepat dpt dan murah ongkosnya,5
bagus,5
service yang bagus,5
Mantaaap mudah,5
sangat mudah,5
joz,5
"mohon kembalikan dana sebesar Rp 217.000 dan Rp 55.400 ke saldo akun Gopay saya, saya sudah dichat via WhatsApp dan saya sudah jawab panggilan 🙏🏻 mohon balas e-mail saya secepatnya, terima kasih 🙏🏻",1
sangat buruk setiap masuk ada kendala gak bisa masuk hapus aja lahj,1
"driver tidak sopan, nggak banget deh pokoknya!",2
berguna banget sih nih aplikasi,5
terpecaya,5
"order gofood sudah nunggu sejam tiba tiba dibatalkan sistem otomatis dari sistem, driver pun sudah dapat, kesalahan dri sistem apa driver ini?",2
ok good,4
apk bagus tp mitra drivernya 0erlu edukasi lagi,5
jossss,5
aplikasi yang bermanfaat dan nyaman saat dibutuhkan untuk berpergian,5
enak,5
YouTube ok,5
"kalo lagi laper pasti langsung pilih layanan gofood express,tengah malem mau cari cemilan buat ngedrakor juga cepet.love gojek sukses terus ya!!!",5
aplikasi ga jelas. org cuma cek harga malah lgs kepencet order mana kasih waktu cepet bgt sampe ngga bisa batalin lagi. pdh cuma selang brp detik doang.,1
nyaman dan sopan,5
trimakasih telah melayani dengan hati,5
"sekarang tambah mahal, ga sampai 1 km bilangmya kejauhan",5
sangat membantu disetiap perjalanan,5
"makin ke sini makin pelit promo, padahal saya selalu pake gojek dari dulu tapi sekarang tidak pernsh dapat promo lagi dan juga motor driver terkadang ga sesuai dengan keterangan di aplikasi",2
Benci banget dengan bunyi notifikasi Gojek yang baru mana gak bisa diganti anj,1
sangat membantu,5
"gercep, jujur, terpercaya plus murah karena promo",5
"CS pake Bot itu SANGAT GA MEMBANTU, hadeh aplikasi segede ini ga ada CS real yg standby!!",1
"kecewa sama aplikasi ini di kasih driver selalu yang jauh, padahal driver depan muka pada nganggur. semoga sistemnya di perbaiki lagi. late for work because I keep getting a long driver",1
"apps udh bagus,tapi minimal ngotak dong kalo ngasih harga.contoh: jarak cuma 100 meter kalian hargain 10.000 kan ga masuk akal,oh iya kalo mau buat lokasi juga yang akurat dong,gimana orang kaga bingung nyari2 driver sampe kemana2 tuh.",2
Aplikasi ndk jelas ndk bisa membatalkan atau merubah pesanan gofood auto Hapus ganti apk Grab,3
Go-Jek dengan tarif terjangkau ga bikin kantong bolong,5
sangat bagus membantu masyarakat,5
selalu update resto-restonya,5
Rata rata dah bagus service nya. Tapi kadang masih ketemu driver yg gak pasang plat belakang motornya. Ini menurut saya gak bagus.,4
"Semua yg sy perlukan ada disini... kalau ada yg kurang,,, nnti saya komen disini",5
ramah dan sabar,5
bagus,5
"Kalau mau irit jangan tergoda dengan iklan Gojek Plus, itu cuma jebakan... diskon 10% kita gak bisa gunakan sesuai keinginan... dan anehnya di bundling dengan tarif yg lebih tinggi... gak mungkin kan Kita milih tarif 16.500 biar dapat diskon 1.000 sedangkan ada yg tarif 10.500.",3
sering kali pesan go car.. lama banget.. bahkan gak gerak sama sekali.,1
Paling enak pake kalo keluar kota 👍,4
driver nya lemot.. tinggal jemput aja gak jalan2,1
aplikasi yang menyenangkan sekali,5
tidak bisa di batalkan pesenan gofood kecewe banget,1
oke,5
Gimanaa ini yaa... Ktanyaa suruhh update stlh d up date masuk ke aplikasi knp minta d up date lageee... Huuuffff.... Keseeell dechhh...,3
Duit top up nyangkut didiemin doang. Customer service gaada tanggapan. Menu bantuan ga guna.,1
"ada kendala dibagian a+ reward, koin gagal di terbitkan dari cek in dan spin",3
buka app loadinggggggggg,4
"drivernya pada lemoooottttt bukannya langsung otw, haduh...... langganan pada kapok tuhhhh",1
manteb,5
suka,5
ajib,5
sangat bagus,5
"driver nya judes, jutek, emosian! beberapa kali dapet driver yang suka marah marah ke customer, bikin ga nyaman.",1
senengnya,5
ok,5
baik dan buat lebih bermutu lagi,5
Ramah dan sopan,5
mantap,5
"GO-PAY later sy di Blokir, pdhl tidak melakukan apa apa..",1
"bagus aplikasinya, banyak diskonnya",5
"terbantu sama apk gojek,cuman gua ngasih tip ke customer masih aja di potong wkwkwk, parah lu yaa gojek 😃 tip buat customer masih aja kena potong konyol",3
Mantul,5
"Terima kasih pihak gojek yg sudah respon, sehingga barang yg tertinggal kembali lagi dan diantar ke rumah",5
"setelah kejadian ga dapet driver mobil waktu hujan, sekarang pesen makanan juga drivernya ga ambil2 sampek dateng sendiri ke resto dan pihak resto juga blg ""kalau hujan"" gojek sulit driver yg mau pick up.. alhasil orderan dicancel karena gada driver yg pick up dan jadi beli sendiri ke restonya.. tolonglah munculin tombol batal pesanan jangan bikin kita nunggu sampai wkt cancel yg dibuat sm pihak gojek sendiri!!!!",1
𝐦𝐞𝐧𝐲𝐞𝐧𝐚𝐧𝐠𝐤𝐚𝐧,5
masa iya abis lunasin pinjaman engga telat engga apa engga bisa pinjem lagi,1
keren lah pokok ny,5
sangat membantu dalam apapun terimakasih gojeg,5
"Rada susah cari driver ditempatku, yah masih maklum sih soalnya pelosok.Cuman kadang kalo dh dpt malah drivernya ngeghosting, alhasil harus nyari driver lg dan itu lama bgt smpe pesanan dibatalin. Saranku harusnya pmbeli dikasih notif / mnimal ada tulisannya gitu kalo driver gk jadi ambil psenan, bserta alasannya,biar kita tau salahnya dmna. Apakah kejauhan, atau dri pihak restonya atau apa. Jdi kan ngerti. Misal krna kjauhan kn bisa cari resto lain klo mau psen lg. Klo kya gni pmbeli gtau apa²",4
jos,5
sangat membantu,5
EROR GAK JELASSSS,1
sangat membantu sya yg pngen cepet2,5
Tolong perbaiki lagi untuk gopay later.saya bayar tepat waktu sering di blokir. tidak saya gunakan lagi gojek karena ada limit tidak bisa di gunakan,2
bagus,5
maju terus transportasi GOJEK,5
Mohon untuk ditingkatkan kembali aplikasi Gojek termasuk fitur-fitur dan performanya,5
saldo tiba2 berkurang tanpa ada pengeluaran,2
Mudah dan cepat cara pemesanan,5
"aplikasi konyol,seleksi calon driver yang bener dong.pencarian driver juga lama padahal di kota besar. harus banyak berbenah sih.dan hari ini dapat 2x driver nyasar jadi harus nunggu lebih lama, gimana nih gojek???",2
memuaskan 👍👍,5
"kok jadi ga jelas gini ya gojek sekarang, saya pesen udah dapet driver eh ada yang masuk lagi jadi kayak mesen 2, padahal saya cuman pesan 1.. tolong di perbaiki bug ini",1
promo jika sudah langganan Gojek plus promonya jadi kecil kenapa gitu sama aja kayak gojek biasa,5
lelet bertele tele,1
luar biasa,5
joss gandos,5
berguna,5
"makasih gojek, aplikasi yg sangat membantu buat sat set disaat suami gak bisa nganter.. ♥️",5
apk tolol,1
"kurangnya aplikasi gojek, kalau setiap mendung atau hujan suka dapat driver yg jauh.. kan kasian driver dan kami juga nunggu lama",4
"bikin sengsara driver, yang dimanjain yg Deket orang dalem",1
saat ini di Kota Palu bagi saya pribadi Gojek lh yg terbaik ♥️🔥🙏,5
supir banyak yg ramah. tarif murah. aman dan nyaman,5
transportasi yg memberikan efektivitas waktu dan bebas ribet,5
customer service selalu menutup obrolan yang belum terselesaikan. dan jawaban selalu template. kayak bukan manusia aja,1
"Driver jauh. tidak memberikan konfirmasi kalau gak mau jemput, padahal udah ditungguin. Pas udah deket sama waktu maksimal penjemputan tiba2 di cancel",1
betul,5
Bagus,5
mantaaaap gojek,5
mantap,5
"NDK PROFESIONAL, MASA DRIVER SEBANYAK BANYAK ITU, AMBEK PESANAN SAYE 3 JAM ND BSE BSE, ND MASOK DIAKAL DAH",1
muanteep dan ok,5
bagus,5
"driver gk dpt,tp d batal gk bisa. kyk ngjebak aja",1
𝕛𝕒𝕕𝕚 𝕝𝕖𝕓𝕚𝕙 𝕞𝕦𝕕𝕒𝕙 𝕕𝕒𝕝𝕒𝕞 𝕓𝕖𝕡𝕖𝕣𝕘𝕚𝕒𝕒𝕟,5
tidak menemukan satu pun driver,1
ok,5
"akun saya tiba2 kena suspend, bilangnya ada pelanggaran. padahal saya lagi pesan transport. aneh banget mana gak ada solusi atau responnya",2
tolol driver susah dicari tapi mau cancel gofood aja perlu satu jam,1
Sagat membatu aktivitas kita,5
Mantap... Mudah... Murah... Simpel... Terimakasih... 🙏,5
"kenapa yg saya daftar pake no hp,tapi email nya entah email siapa.gaada di hp saya,gimana dong kalo dah gini?MW daftar jadi g bisa.nih makan rating 2",2
"langganan saya sejak dr pertama d bentuk gojek hingga kini,mau goride,gosend, gofood,cuma agak kecewa dgocar aja,bnyk yg cemberut Krn ongkos murah,kita kan dr aplikasi mana tau kan y,lebih ramah driver goride lg",5
kenapa fitur kirim fotonya dihapus? :( padahal membantu banget. ribet skrg gda fitur kirim fotonya. kalo udh balik fiturnya kunaikin rate nya jadi 5 deh,5
membantu banget,5
"MALES BANGET SKRG PAKE GOJEK ,PENCARIAN DRIVER LAMA, TRUS KALO MAU CANCEL NUNGGU BERJAM JAM,... SATU LAGI MAKIN MAHAL ONGKIR NYA 😒.",1
rekomendasi pakek aplikasi ini gais,5
"siiip,sangat membantu",5
amanah,5
mantaab,5
"Pesan makanan, udah nunggu 1 jam keterangan nya masih menunggu driver, nggak dapat driver, pesanan baru bisa dibatalkan dengan batas waktu 1 jam.. Hai min.. 1 jam lo orang nunggu lapar, nggak tau nya tetap batal. Lapor ke CS pun nggak ada perubahan, Terus kegunaan CS apa kalau masalah konsumen tidak teratasi?",1
"nyari driver lama bet, udah pake prioritas juga ttp lama",1
bintang yang cocok.,1
stress gua tiap pesan gofood ga pernah dapat driver aneh banget jing!! udah 3 jam 2 pesanan belom dapat driver gilakk. otw uninstall!!!,1
harga dan aplikasi bagus👍👍🔥🔥🙏🙏,5
"aplikasi buruk, ga ada cara mengatasi masalah kehilangan data, kinerja buruk, hapus aja aplikasinya, padahal data data udh dikasih, sebagai bukti transaksi hash, perangkat terpercaya, seharusnya dari riwayat nya aplikasi bisa tracking ini beneran pemilik atau perangkat asing, kikir banget",1
Perbaiki dan Tingkatkan,5
sukaa pelayanan nyaa ramahhh,5
best,5
memuaskan,5
good,5
upgrade gojek plus pengene lebih gampang cepet n murah tp bohong. malah lebih mahal,1
kerennn Bagus... driver nya.sllu ramah dan sopan,5
semakin cepat dtngny gak pake lama...jd memudahkan,5
aplikasi paya dripr y gak jlas,1
Loding gopaynya lama bgt.,3
"bug parah merugikan konsumen tarif 7000 jadi 24000, cs ngga bantu",1
bagus pelayanannya,5
selalu siap kapan pun,5
"Saya batu mengalami hari ini padahal tidak order tiba"" ada notifikaai pesanan sudah sampai di lokasi tujuan",1
Sangat nyaman,5
sejauh ini belum pernah mengalami kendala atau kekecewaan terhadap pelayanannya..semoga semakin meningkat pelayanannya,5
good job,5
driver aneh suka menyetujui orderan double dan cs nya tidak menyelesaikan masalah dengan baik lain kali kalau ga niat kerja gausah mending nganggur sekalian Marik banget ACC orderan double bukannya di kabarin dari awal malah di kabarin di tengah tengah kalau ga perlu cepat ngapain pesan gojek aplikasi gojek sangat buruk,1
menyenangkan karena sikap drivernya bersahabat,5
"gocar diperlukan pd saat hujan, tpi drivernya ga ada yg mau nerima orderan pdhal sdh ambil prioritas☺",2
gojek super gemat banyak promo dan sangat cepat sampai,5
paket hematnya membuat irit d kantong,5
"makin susah dpt driver, mereka gamau ambil karena bayaran nya kecil, tutup aja aplikasi nya kalo masih kaya gtuu, saya ketinggalan kerja karena di cancel Mulu",1
good,5
terimakasih atas jasa nya,5
apk tolol,1
"ini nunggu driver aja lama banget sih, kalo di peta tunjukan apa adanya Jangan dimanipulasi dengan menjauhkan peta biar titik mobil supaya kesannya udh Deket sama kita.hadeh dongo naik bajaj kan gw",1
sempurna,5
bagus,4
mantap,5
mau login aja di suruh nunggu 30 jam anehh ini app,1
jossssssss banyak promo,5
drivers gocar sering batalkan pesanan,1
bagus,5
"aplikasi busuk udah lama ga di benerin vermuknya ,habis reset hape terus login lagi pake data yang sama dan kamera jernih tetap aja gagal terus vermuxnya app lain normal² aja gojek doang sama gopay sistemnya ga di bener²in",1
Biar bintang yang berbicara 🙏,5
good,5
menyenangkan,5
Nice,5
keren,5
sangat membantu,5
semoga selalu meningkatkan mutu dan layanan jg kesejahteraan mitranya,5
jossss,5
good,5
telat makanan 2jam ga bisa dibatalin!!!,1
kalo malem lemot banget dapet drivernya pesanannya lama banget nunggunya dari jam 8 malem sampe jam setengah 10 mlm baru di anter. kurang nyaman kalo dapet sama customer lain,1
Go transitnya eror,5
the real super hero indonesia,5
"sering leleeeeeet ya lwpn cache nya udh d bersihkan jg, sering update jg ...",3
semakin hari semakin mahal ongkos naik terus ga stabil ga mau pake gojek lg saya semakin cekek leher org mahalnya masih mendingan grab lebih stabil harganya,2
lancar dan aman,5
"lama bet oi, gw nunggu makan gw 2 jam diaplikasinya bilang 50 menit tapi gw nunggunya 2 jam, kalo ga niat buat aplikasinya mending apus aja",1
"Alhamdulillah ga pernah ada masalah selama make jasa gojek,,,,",5
mantap,5
"sistem kau beneri jarak jempot resto min 500 meter,kalo emng jauh balek ke semula sdh sampai di resto nyo biso jarak jauh,kalo ck ini beken rugi driver..bensin dibeli bos bkn di subsidi kau..!!segalo nyo driver modal dewek kau cmn ngambek untung,untung sdh besak maseh be nak susahke driver susah nyo pas ujan orderan mental jauh jauh apo lagi dapet resto pasti cansel by sistem ngotak dikit gojekk pahami keluh kesah driver nihh jangan nak semana mena",1
apk terbaik,4
bagus,5
"terlalu lama menunggu makanan.. bayangin 3jam makanan juga blm kunjung datang. masa ia resto proses makanan sampai 3 jam, minta di batalkan malah suruh robot balas chat, alhasil gak kuncung di batalkan, kasihan driver jadi bahan amukan cs gegara sistem gojek kurang professional",1
banyakin promo biar org sedunia pakai gojeq,4
saya pesen driver malah susah cari nya katanya pas udah dapet rating saya jelek jadi draiver mau ambil orderan saya ragu² setiap saya order itu buru² jadi kalau mau ngasih rating itu gak sempet udah ada waktu saya nya lupa itu gimna sih perkara rating aja sampai sudah cari draiver gak bisa di andelin apalgi saya lagi di kejar waktu terus pernah ada saya order malah suruh di batalin sama draiver nya🙄,2
tepat waktu,5
banyak promo nya,5
"pesen go food abang gojeknya dpt 2 order berbeda resto, alhasil nunggunya 2 kali dari biasa, tolong lah balikin lagi sistem order kaya dulu, yg 1 driver antar 1 orderan... jangan cuma mau pajaknya aja di ambilin GOJEK, kualitasnya juga di jaga...",1
ok,5
jemputnya slalu d belakang jd harus muter saya driver trus maf knp sering error,4
"cepat, aman dan mantap",5
tidak tahu kenapa baru saja isi saldo gopay langsung hangus aja itu saldo. baru juga dwld lagi setelah 2 tahun hapus aplikasi,1
good,5
"SUSAH DAPAT DRIVER, DAPATNYA LAST MINUTE BANGET TERUS HARUS NUNGGU MAKANANNYA DIBUAT? WASTING TIME JIR ORG LAPER",1
"sangatt buruk, udah 2 kali pesann, di batalkan terus menerus, kecewaa beratt",1
Sahabat setiap saat,5
Makin MAHAL aja tu Ongkosnya Pulang pergi biasa nya Naek Gojek Motor ngabisin 60 rb an sekarang bisa habis hampir 100 rb padahal tempatnya gak terlalu jauh,1
Argonya terlalu mencekik untuk driver.,1
aman,5
setiap minta jemput di censel mulu,1
sangat membantu,5
teman setiap hari,5
"Selalu dikasih driver yang jauh, driver yang dekat banyak tapi gk ada yg mau ngambil. Lama lagi nyarinya, masa kita disuruh ngehabisin waktu 15 menit buat nunggu motor?",2
OK,5
good,5
jos jis,5
"pengalaman buruk, beberapa kali pesen gocar kadang di cancel, kadang drivernya aneh, kadang drivernya lebih galak.. lebih baik ke aplikasi sebelah",1
"Gojek sangat membantu, semoga makin exist.",5
aplikasi ini aman digunakan saya suka sekali...,5
ok,5
ga bisa batalin psenan,1
sangat membantu,5
keren selalu make gojek,5
harus nyari driver yang lebih baik siu,1
banyak eror,1
"Beberapa kali dapat driver di Jember dan di Malang sikapnya Allahu Akbar sekali. Pernah pesan gofood untuk ibu dr kantor. Ibu crita kalau dibentak2 driver karena tidak segera ngambil makanan di depan rumah padahal ibu sudah renta dan jarak dapur ke depan itu lumayan, jalan pun butuh waktu. udah disautin dr dalam pun driver gak denger. Pernah dikatain dg kata2 kasar juga oleh driver gojek. Subhanallah, saya uninstall dg pengalaman seburuk ini.",1
"sekarang suka bgt sama aplikasi gojek, lebih mudah dipahami, murah, dan akurat",5
Oke deh mantap,5
good and good,5
cepet banget,5
mantul,5
"aneh bgt, pesan sekali malah dapat 2 driver 😑",2
saya senang apapun yang bisa pesan selalu datang pada waktunya...terimakasih ....,5
"suka ganti ganti alamat, masalah lokasi selalu tidak akurat jarak, saat saya pesan gofood alamat tujuan selalu berubah giliran mau batalin pesanan dengan alasan mau ganti alamat, malah gabisa..🤬",1
"skrg mh mahal ya , TRus gda yg hemat. suka eror Lg.",3
sangat ontime dan visual,5
aplikasi rekomend,5
kepencet Gofood gak bisa dibatalalin rugii banyakk,1
mantap gojek 👍,5
Aplikasi kikir 😬,2
saya mudah di akses,5
sangat memuaskan.pelayananya ramah,5
"supir ramah dan profesional,respon aplikasi cepat",5
Aplikasi gofood jd P3k klo udah laper...dpat banyk diskon jd semangat tuk pesen.. terimakasi,5
"Enak banget pakai aplikasi GO-JEK dan mudah bgt pesen makanan, dan jg banyak bgt voucher diskon Belanja👍🏻👍🏻",5
selalu terdepan,5
jlk bngt + lama,2
bagus,5
"aplikasi jelek, maksa banget suruh update ke gopay plus udah buru2 mau transaksi disuruh update mulu gabisa di close, pemaksaan!",1
👍👍,5
sejauh ini pakai gojek nyaman sya pengguna lama tingkatkan trus ya biar makin oke titik maps nya jga akurat,5
👍🏻🔥,5
akun saya ke banned padahal yang nyuruh cancel drivernya jadinya saya kena blockir apk di liran minta banding di tolak,1
👍,5
bagusss banget,5
"telat sehari bayar pay later denda 50k, ga ngotak",1
Mantap 👍 Sangat bermanfaat 👍👍,5
Mantap,5
mantap,5
good,5
"Baru make,lama banget ya Allah,gw udh pk pengiriman yang express gaada driver nya,gw udah nunggu 3 jam gaada tuh makanan",1
"update mulu, tapi gk ada perubahan",1
"cepat tiba di penjemputan, supir ramah..di Siantar ramah kantong",5
baguss dan pelayanannya ok,5
bagus,5
aplikasi terbaik di kelasnya,5
cinta😘,5
👍👍,5
sangat membantu terbaik pokoknya,5
"sangat membantu, Terimakasih sehat2 selalu buat para Gojek...",5
senang sekali memakai aplikasi gojek ini,5
PARA DRIVER SEPERTI TIDAK NIAT! ADA YANG TIDAK MERESPON PESAN! ADA JUGA YANG MERESPON SEPERTI TEMPLATE SAJA! BAHKAN DI MAPS DRIVER TIDAK BERGERAK SAMA SEKALI PADAHAL SUDAH 20 MENIT TERLEWAT!! PECAT SAJA DRIVER SEPERTI ITU! GK GUNA!,1
"aplikasi gak mutu, ada temen salah ngirom ke nomer gopay, malah ke nomer gopay akun lama, saat mau masuk ke akun tersebut tidak bisa, sudah bikin laporan 2x ditolak padahal udah pake ktp, dasarnya mau nilep duit ya gini nih",1
bagus,5
suka banget,5
bnyak promo dan pilihan yang menarik,5
bagus sekali,5
kenapa sih supir gak respon susah pake alesan segala macem kalau gak mau ambil pesanan jgn aktif.,2
"kalo abis hujan bener bener susah nyari driver, hujan berhenti dari 4 jam yang lalu padahal, kalo baru berhenti gapapa deh",1
jelekk pelayan aplikasi sering eror,1
"Tolong ya gojek ditingkatkan lagi dong layanannya, pagi pagi buta saya tiba tiba di call driver disuruh bayar tagihan gofood padahal saya sendiri lagi tidur dan ngga lagi pesan apapun (saya tidak sedang mabuk ya) sudah dua kali ya dengan hp yang berbeda kejadian seperti ini, tiba tiba apk gojeknya memesan makanan yang saya masukan keranjang tanpa pemberitahuan mana tidak bisa dibatalkannya, tolong dong males banget pakenya.",1
ga jelas aplikasi sekarang,1
"yang bener sedikit dongg... masa cuma 5km nungguin ny harus satu jam setengah baru dapat driver, kalo kerja yg bner dong sistem nya... customer yg dirugikan, mana nungguin nya lama banget.! TOLONG DIBACA DAN DIPERBAIKI JANGAN TERLALU BUAT CUSTOMER MENUNGGU KARNA SANGAT KECEWA SEKALI!!!!!",1
OK MANTUL,5
sangat memuaskan,5
good nice,5
jelek,1
"sering posisi driver tidak bergerak, batalin booking utk cari driver baru juga lama..",1
okay rasanya pedes mantul,4
mantul,5
"Tolong aplikasi Gojek di benahi lagi, masa 4 kali ulang² cari driver berjam jam ga ketemu, harus ulang ulang terus mesan makanan dan tetap ga ketemu drivernya, aneh.",1
"Notifikasi di aplikasi sering bermasalah. Pesanan makanan sudah sampai tapi tidak ada notif, jadi tiba-tiba driver sudah telpon dari depan rumah. Kalau ada kendala, seller juga chat tapi notifnya nggak masuk, jadi pesannya numpuk tanpa saya tau. Saya jadi nggak enak sama seller dan driver karena terlihat tidak responsif. Tolong perbaiki masalah notifikasi ini karena benar-benar mengganggu pengalaman pakai aplikasi. Padahal beberapa tahun lalu sepertinya tidak begini.",2
sangat membantu,5
tiba tiba menghilang,5
ok aja dan B aja,5
good,5
ok,5
ok,5
"AKIBAT KEBIJAKAN GOJEK, resto saya rugi. masa ia pendapatan kotor 750 ribu, bersihnya cuman dapat 289 ribu jadinya SEKITAR 62% Di potong oleh gojek. mengikuti promo DISKON+IKLAN . woi GOJEK GUA YANG KERJA BUKA USAHA LU YANG AMBIL UANG KERINGAT SAYA POTONGANNYA MELEBIHI PENDAPATAN RESTO. UNTUK UMKM YANG BERADA DI GOJEK SAYA SARANKAN UNTUK TIDAK MENGIKUTI DISKON+IKLAN DARI GOJEK. KEBIJAKAN GOJEK SEPERTI MENCURI UANG DARI USAHA KECIL DARI UMKM DAN Mematikan PERLAHAN USAHA ANDA.",1
"apk macam apa ini, banyak driver tiba"" cansel se enak jidat",1
Claim to bonus promo transportasi.,5
gajelas susah bgt dpt driver pdhl uda dpt diskon,1
mantap transportasi yg sangan mndukung dan terjangkau,5
oke,5
"pesen gofood pake expres 1 jam lebih ga dpt2 pengantar, minta batalin CS nya kerja nya lambat, jawaban formalitas terus, ditunggu ditunggu taunya tutup warung nya, ha ha ha makin lucu aja kalian ini, dikira nunggu itu bercanda sampe lama.",1
Secara keseluruhan bagus dan safety sampai dengan rating ini diberikan.,5
fitur gomart sangat amat jelek,1
TOLONG YA SAYA SUSAH BANGET DAPAT DRIVER !!!!,1
Aplikasi lelet apalagi gofoodnya..menyebalkan,1
"baru sekali langganan gojek plus terus ga langganan lagi, eh saya ga pernah dapat voucher lagi dari gojek",1
"tolong gojek perbaiki,kalau pesan makan di gofood kalau salah alamat bisa diedit alamatnya...krn kalau kendala cuaca buruk dan sinyalnya jelek jd titik kadang suka ngaco...astaga...jd saya harus jemput makanan saya ke titik yg ngaco itu dan gak bisa kirim link google maps untuk shareloc alamat yg benarnya......kasian juga drivernya ...jadinya sama aja pakai kurir juga tetep keluar rumah mending ngambil langsung ke restonya... tolong perbaiki ya gojek",4
lengkap banget pwis semua adaa,5
bagus,5
mantap,5
"setiap pesen makanan ada aja kalo dari drivernya ngomong yg secara ngebentak, perkara maps salah kan ga semua maps bisa bener arah rumahnya jadi gaperlu ngomong yg bikin customer sakit hati, itu aja sih",3
sangat membantu perjalanan kami,5
pesen gocar susah banget dapet driver nya pada jauh2 dan driver nya pada gak respon,1
jelek banget. pelayanan kurang optimal.,1
"apk jelek, pick up penumpang aja nyarinya lama. untuk kedepannya tolong seleksi lagi driver drivernya, mereka pada niat untuk kerja atau enggaaa. saya muak menunggu lebih dari 1 jam, di map banyak driver di sekitar tpi tidak ada satupun yang mau pick up. saya sudah muak dengan apk ini, dan saya berjanji untuk tidak menggunakan apk ini seumur hidup saya.",1
"LAMA BANGET DAPET DRIVERNYA KADANG NUNGGU 30MENIT - 1 JAM BARU KETEMU DRIVERNYAA, TOLONG DI PERCEPAT DAN DI PERBANYAK LAGI UNTUK DRIVERNYA, PADAHAL LOKASI TINGGAL SAYA SUDAH MEMASUKI DAERAH PERKOTAAN",1
"Gofoodnya mahal padahal langganan dan gabisa qris, better grab utk payment method dan shopeefood utk diskonnya",1
sistem terpercaya dan mudah di mengerti.Membuat hidup lebih mudah,5
"tolong dong gojek...kalok buat gofood...kira"" kalok susah nyari driver waktu pembatalan jangan sejam gtu..jadi biar gak php kita mesen tempat laen...takutnya kalok kita mksa tempat laen tiba"" dapat driver detik"" terakhir",4
seharusnya di aplikasi gojek nya dikasi alasan kenapa driver minta cancel orderan!!! kebanyakan driver sekarang sengaja menjauh dari titik jemput biar penumpang sengaja cancel orderannya!!!,1
mantap josssshhhh,5
"jujur ini aplikasi bagus bgt, cuma saya paling ga suka sama driver2 ojolnya...hampir dari mereka semua itu pilih pilih transaksi maunya diatas 25rb sedangkan jarak antar saya dan jarak jemput saya tuh ga jauh jauh bgt, ditambah klo transaksinya dibawah 20rb tuh sering bgt di cancel sama drivernya, terutama driver gocar. tolong min, cari solusinya agar gocar tetep murmer tpi mau gimana pun caranya drivernya gocar hrs mau!",3
fantastis,5
mantapppss,5
1 jam ga dapat juga drivernya,1
"tarif skarang sudah murah mohon dipertahankan agar bisa bersaing, terimakasih",5
recommended,5
oke...bagus sekali...,5
driver'a on time,5
sangat bagus dan bnyak promonya,5
"voucher diskon yg di terapkan tidak sesuai,pengalaman saya pesen gojek car,jujur kasian sopirnya merugikan,jadi saya bayar sesuai jarak aja,tdk mempedulikan voucher dll.",1
sangat membantu,5
susah KLO LG cuacaendung,3
sangat membantu saya good,5
"nunggu hampir 2 jam tiap dpt driver nunggu lbh dari 30menit harus nganter penumpanh lama, jelek bgt sistemnya",1
"ongkirnya ga ngotak jir, padahal ga nyampe 1km",1
nyaman menyenangkan,5
mantap pokonamah,5
gojek plus lebih mahal daripada ga langganan tu gimana coba? ngapain langganan voucher kalo ga langganan aja lebih murah😹,1
bagian chat sering nge bug,1
"salah topup tidak bisa diclaim, padahal ada bukti nya. mau lapor ke CS juga tidak bisa, hanya bisa chat dengan mesin. aplikasi terindikasi menggunakan klausula baku, karena menghilangkan tanggung jawab atas kerugian konsumen. tidak sesuai dengan UU Perlindungan Konsumen.",1
Luar biasa,5
"mantan ,aplk nya cepat . tpi tlong klo nisa diskon nya gede gedean dong , masa cuman 1000",5
"semoga promonya bisa diperbanyak, terutama di kota-kota kecil",5
ok,5
cukup membantu sekali,5
"good,,,,",5
mantap,5
pelayanan 👍👍,5
"penagihan gopay pinjam nya kurang sopan ,kasar semua ,tidak ada etika sama sekali ,seperti kurang di didik ,belum jatuh tempo aja sudah telpon2 ,kalau telat 1 hari aja bicara nya kasar .,tidak rekomendasi sama sekali 😡😡😡",1
sangat bagus dann hemat ongkos,5
mantap,5
mantap anjay,5
"layanan nya bagus dan driver nya cepat, untuk di daerah kab tegal layanan nya sampai mana saja ya",5
beli paket data tdk sesuai..beli 22 GB yg masuk hanya 7gb JD takut transaksi di gopay,2
banyak banyakin promo ya min xixixi,4
"order mie ayam tp drivernya di dobelin order beda resto, bikin mie ayam jd bengkak, hadehhhh klo mau dobelin orderan jngn beda resto. bikin lama saja. pesen resto di jln kesehatan tp tiba2 driver ada di jln ir. juanda jauhnya kelewatan",2
"mesen 1 malah tiba²double order, ngaco",1
"drivernya banyak yang tidak jelas. suka dibatalin gak jelas, atau suka minta customer batalin orderan. susah buat cari mobil, itu pun kalo ada, bakal seperti apa yang saya bilang tadi di awal.",1
Sangat Membantu Di Saat Urgent,5
sangatt baguss,5
"jelek bgt uang saya nyangkut di sini, udah saya lapor sama isi pertanyaan nya dari awal sampai akhir malah di puter"" terus ga di tanggapi lagi",1
"Transaksi Baru 1 detik gak bisa dibatiln, Dengan alasan pesanan sudah disiapkan,Driver Sudah bersiaplah, Padahal baru 1Detik Itupun Karena Kepencet salah pesen Kok, mana Udah disiapkan smpai saat ini Belum sampai Udah 1 Jam kaga Dateng Dateng, Katanya udah disiapin, Gak jelas, Saya uninstal Aja gak guna",1
"bagussss bgd tapi tolong driver nya jangan yg tua"" suka marah"" ga jelass",5
aplikasi mudah di gunakan,5
"Saya sering memakai gofood untuk membeli makanan, dan itu sangat membantu saya. Terimakasih GOJEK🙏",5
tingkatkan lagi keamanan,5
"susah banget dapat driver kalau hujan, padahal tarif sudah naik. apk sebelah gampang² aja mau hujan juga",1
gopay latter saya di bekukan dn GO-PAY pinjam saya terkunci padahal sya membayar tepat wkt atau bahkan sblm wktnya sdh saya bayar,2
sangat UWOW,5
Mudah mudahan tetap jadi yang terbaik bagi konsumen. Dan juga MENSEJAHTERAKAN DRIVERNYA,5
ok banget da ahh..👍,5
ok,5
better than grab,5
susaahhh banget dapet driver dari kemarin kemarin. padahal saya sudah siap lebih dari sejam sebelum ke tempat les tapi jadi telat gara susah dapet driver. ga hujan juga. sekalinya dapet malah yang jauh jauh. udah gitu sering dapet yang ga mau jemput.,2
customer bayar mahal d terima driver murah gila potongn nya 40% buset dah pantesan bnyak ngeluh.d apk gojek kbnyakn sampah yg GK guna update terlalu sering tp sampah ..lama lama bngkrut loh karna ulah sndiri apk maakin buruk,1
sangat membantu,5
"Alhamdulillah aplikasi nya keren, sgt mudah penggunaan aplikasinya. Kalo bisa driver² juga disarankan utk ngecek kelayakan motor. Pernah naik go ride yg ada berdoa sepanjang jalan krn motor goyang²,mau di cancel si bapak sdh tua. Dan maaf juga, sekalian sampaikan ke driver goride, helm ngga hrs baru, yg penting jgn bau...mo bawa sendiri ribet, ngga pakai helm ditilang. Tengkyuu...smoga bs jd masukan.. smoga makin sukses Gojek.",5
selalu yg terbaik..the best pkoknya💯👍,4
cukup bagus,4
sangat bermanfaat,5
ketika orderan bless lonjakan masih ada 300 rupiah kocak. gak humanis banget IT gojek,1
aplikasi yg pernah pak nadiem makarim bikin emang the best,5
sangat membantu 👍,5
"Percuma bayar waktu cepet pengantaran... hasil nya telat"" juga mending tarif biasa seperti dulu",3
bagus,5
bebberqpa hari pake gosend lemot,5
"Driver gofood gak dapat ,batalkan susah ..",5
terima kasih untuk para driver gojek. saya sangat terbantu sekali tinggal klik aja kita bisa diantar kemana saja.,5
mantap,5
bagus bgt,5
"selalu tepat waktu, ramah",5
Sangat membantu sesuai yg dibutuhkan.,5
"bising ngirim notif terus, gua delete aja",1
knp ga bisa top up pake BCA one klik .. biasanya langsung bisa ini udah satu BLN ga bisa2,4
simple.,5
tidak teliti. barang gak sesuai orderan,1
Banyak driver yang nggak bergerak kalau saya panggil.,1
Aplikasi apa ini.. udah masukan kode OTP.. muncul notif gangguan teknis.. padahal waktu konfirmasi Otp belum habis..,1
"saya membeli voucher di aplikasi gojek, pas mau rendem ga keluar qrisnya, udh complain lama bgt responya,baru kali ini beli voucher di aplikasi zonk,diaplikasi lain malah oke2 aja",1
SANGAT MENGECEWAKAN DALAM PENILAIAN,1
"kenapa tiba2 tidak bisa login , katanya, ups ada yang salah",5
nice,5
kurang baek apa lagi..,1
sangat membantu,5
"layanan gofood nya jadi aneh, sekiranya driver nya gak ada, gak usah ada info masakan udah disiapin sama resto",1
mantap,5
"pesan pengantaran prioritas dengan selisih harga yang lebih tinggi tapi pelayanan sangat jauh dari cepat terlambat lebih dari 15mnt menyebabkan saya tidak bisa beraktivitas karena menunggu , BURUK SEKALI",1
ok,5
bagus nyaman ramah drivernya,5
good,5
"Gojek sangat berjasa buat ku yg enggak bs naik motor, dulu hanya bisa pergi dan pulang ngikutin jam operasional angkot, skrg bebas 24 jam. Semua layanan sangat berguna kecuali Go Shop yg terrible tarif nya (sebetulnya Go Shop sangat berguna juga). 🤪",5
sangat membantu,5
mantap,5
selalu mudah driver banyak dimana2,5
mantap keren,5
"lama lama menyesat kan, di kasih driver yang jarak nya jauh jauh,",2
mantap,5
"terlalu lama mencarikan driver nya, padahal sudah memakai layanan express, sia sia aja layanan express",1
bagus hanya saja pihak gojek seharusnya memperbaiki sistem maps nya karena sering sekali maps tidak jalan sementara drivernya sudah jln. itu bisa menyebabkan terjadinya cancel.. kasihan driver nya jika pesanan di batalkan hanya karena maps tidak gerak dan tidak setiap saat driver bisa bales chat karena harus bawa kendaraan... terimakasih,4
"driver banyak minta censel alasan jauh ongkosan ga sesuai, ada juga yg titik jemput kejauhan..",1
Ok,4
paylater nya belum bisa,4
baguss,5
terbaik,5
biarlah bintang yang berbicara,5
"dari dulu udah suka banget pake gojek, tapi ada satu hal yang bikin sebel banget, kalo pesen makanan, pencarian drivernya itu bisa sampe 1-2 jam 💔, niatnya mau beli buat sarapan jadi buat makan siang, mendingan opsi pencarian driver dibikin 10-15 menit aja, ngapain coba lama lama, mana gabisa dibatalin lg",2
"gojek kenapa sih? saya pesen pesan goride gapernah dateng, dan selalu nunggu lama, gaperna ada driver yg nyangkut, dan saya pesen gofood malag gini juga, driver nya lama, gada driver yg ambil orderan nya, padahal saya lapar bgt, ini gimna sih, pelayanan nya buruk, driver ga oke",1
"saya memesan makanan dan harus menunggu lama untuk mendapatkan driver, pesanan tidak bisa dibatalkan",1
minta refund gopay aja lama bgt. ud kirim email dri tgl 15 smpe skrng ga cair cair!,1
sᴀɴɢᴀᴛ ᴍᴇᴍʙᴀɴᴛᴜ,5
good,5
"sekiranya tidak memungkinkan untuk mendapat driver gofood harusnya konfirmasi dr awal pesanan. kasian costumer sudah menunggu lama dengan kondisi pesanan tidak bisa dibatalkan tapi ujung""nya makanan tidak diantar karena tidak ada driver. syaa sudah bbrp kalo mengalami spt ini dan kecewa",1
"percuma ada promo, drivernya gak mau malah dicancel",1
"sengaja kasih bintang 5 supaya bisa langsung dilihat. saya baru download aplikasi gojek lalu daftar, dan saya daftar gopaypinjam. awal minjam uang lancar2 saja dan saya lunasi tepat waktu. lalu saya mengajukan pinjaman lagi ke gopaypinjam,lalu disetujui. nah sekarang tagihan saya sudah saya lunasi yg jatuh tempo pada tgl 18 Desember 2025 kalo tidak salah. setelah saya lunasi dan saya mau mengajukan pinjaman lagi di TOLAK, kenapa ditolak ya padahal saya tidak punya riwayat telat bayar,",5
pembelian gofood selalu lama dapat driver harus menunggu sampai 1 1/2 jam,1
"Mengecewakan. Pesan Gofood disuruh nunggu satu jam, tapi gk diproses. Minta batal di awal, tidak ada opsi pembatalan.. Maksa banget pelanggan untuk tetap beli.. ujung2nya tetap gak diproses dan dibatalin.",1
"Terimakasih Gojek, Sangat Membantu Sekali",5
"jelek, jangan adain gojek plus kalo mitra (seller) dan driver nya keberatan sama sistem gojek plus, yang rugi jadi nya pelanggan",1
"kenapa saldo gopay latter saya di blokir lagi?padahal saya tadi mau beli hp di tokopedia, tiba-tiba saldo di blokir.. gojek sekarang kenapa dikit-dikit saldo gopay latternya di blokir? makin kesini gojek bikin saya kecewa mulu karna ngga jelas",1
"Sistemnya ga jelas, lelet",1
udh nunggu lama nunggu gofood. malah d batalin sepihak . ngaco nih aplikasi,1
"baru kali ini saya nunggu dapet driver sampe 2 jam lebih... gila kali ya, kerja lambat banget, susah cari driver",1
mantep,5
susah bgt cari driver,1
tlong knp tarif ya murah di cancel.tindak lanjuti biar jgn kebiasaan kpd gojek ya biar jgn cancel,1
"makin kesini makin lama pelayanan gofood, pesan gofood bukannya cepet malah makin lama.",1
cukup memuaskan terima kasih,5
"tolong dong di optimalkan lagi. awal awal saya pakai selalu dapet driver terdekat dan cepat, sekarang kok malah selalu dapet nya yang jauh ya? biasanya saya kondisi hujan pasti selalu dapet jauh tapi lain halnya ketika kondisi tidak hujan baru baru ini dapet nya kok jauh jauh semua estimasti kadang 7-8 menit.",2
driver nya ramah tamah,5
hati hati jangan pake gopay transfer uang dari gopay ke dana ga masuk masuk. udah ribuan orang ngalamin hal kaya gini . kalau ga percaya cek Ig gopay indonesia,1
"buat driver nya overall oke semua. tapi udah 3 hari ini pencarian driver lelet banget dari pihak gojek. sampe saya selesai makan, bisa 20 menit nunggu ga dapet dapet. ga jadi berangkat saya ke tempat tujuan soalnya telat, tolong diperbaiki lagi deh.",2
"kalo hujan susah dapet driver, yang biasanya hanya 1 menit ini 1 jam lebih tidak dapet driver",2
"saya sering pesen gocar, 200m mau sampai saya suda siap siap tapi di cancel?, tau kalo bakal di cancel mending dari tadi aja, jangan mau sampe baru cancel gajelas",1
"sungguh miris, setiap sedang hujan tidak ada driver yang mau ambil pesanan gosend saya, dan walaupun hujan sudah mulai reda driver juga tidak ada 1 pun yang mau ambil pesanan saya, aplikasi gojek sangat menyusahkan sekali.",2
"Setiap pesan gofood slalu telat, paraaaah !",2
"saya salah pilih di menu gofood. ketika saya sadar setelah pesan. 1 detik kemudian. tidak ada pilihan tombol batalkan pesanan. jdi terpaksa saya harus beli, itu pun chat dgn csnnya susah. tidak bisa langsung, di Batasin. aneh aplikasi ini. gak jelas",1
great service,5
"layanan gojeknya oke., layanan gofood nya yg sangat menjengkelkan, banyak voucher tapi giliran dipakai terus banyak dapat diskon malah driver nya yang gak mau ambil pesanan.",2
banyak loading nya,2
"1 jam lebih nunggu ga ada hasil, parah gak bisa di andelin buat waktu mepet. padahal ongkos saya pilih yang paling mahal",1
"apaan si gojek lama2 setiap sore mau berangkt ga ada yg nyangkut,perbaiki dong",1
gue gk bisa pulang cuma perkara gojek gk ada yg mau anter ke stasiun gk ada yg nyangkut sama sekali gue ga masalah kena hujan padahal jaraknya gk jauh banget gue udh lama gk pulang even gocar gk mau,1
membantu bangget,5
nunggu makanannnya lama banget padahal di aplikasi 30 menit lgi tpi ga sampe2,1
lama bgt padahal udah prioritas,1
Sangat membantu,5
"parah, susah banget dapet driver. udah nunggu 30 menit dapet juga. padahal surabaya kota besar lho.",1
"kenapa sih go car nya gerimis aja pada gk mau jalan, susah banget cari nya padahal sudah order yang mahal go car prioritas",2
"ini kusus bagi teman2 yg pd pesan gocar ya terutama,go car 90% mreka saat hujan itu malas untuk bkerja,heran lagi mreja mngeluh omasuka sdkit tpi grimis sdkit saja gk ada yg mau jalan...pdhal bnyak yg memesan!!!! perusaanku bnyak customer yg mngeluh driver2 malas pd musim hujan!!!",1
"terbantu banget, cuman masih ada yang kurang, bisa gak ya chat untuk ke penjualnya itu dibuka, JD kita bisa chat langsung ke pedagangnya supaya kita bisa mengingatkan ke penjual untuk pesanannya, karna udah beberapa kali pesan ditempat yg berbeda, pasti ada saja pesanannya yg kurang.😌. terima kasih.",5
lama sekali driver,1
"sangat buruk! driver terdekat sangat banyak, namun tidak ada 1 pun driver yg dapat pick up pesanan penumpang",1
gangguan terusga bisa login dan TDK bisa benerin akun,1
sinyal bagus tapi pas di aplikasi jadi lag,1
"gojek sangat praktis, begitu lapar buka aplikasi semua makanan tersedia begitu juga transportasi ojek kemana aja, jam berapa pun kita perlu selalu on the road good job",5
"Rintik sedikit aja, gak ada gojek di Kuningan",1
sangat cepat sampai ke lokasi tujuan,5
sulit driver kalau hujan,1
murah meriah dan driver nya ramah sangat serta nyaman,5
sipppp,5
"gak kira2 penambahan tarif nya dg rute yg sama cm 31 rb skrg jd 51 rb ! hujan aja blm, br petir doang ini app tau aja malak costumer.. sorry d kudu bayar segini dg rute yg sama",4
harga selalu terjangkau....dan pengemudi jg oke punya,5
"sagat membantu, terimakasih ya",5
jujur n jelas,5
bagus responnya,5
"supir mobil nya gak ada yg ramah .. 1 kali sy maklum 2 kali sya maklum dapet ke 3 kali nya , apus APLIKASI saya bayar , dijudesin , bawa mobil emosi sebagai supir bisa bicara baik"" jangan se enak se mau nya doang .. sya pumpang yg bayar dan tau diri buat ngasih lebih bukan yg numpang tp gratis !!!",1
"pengguna Lama Kecewa, top up pakai pending segala ,lama lagi, penanganan Kurang Serius. kurang Sigap dan cepat. BINTANG TIGA karna TARIK TUNAI Terbatas tidak Tersedia Fitur Atur Jumlah Sendiri.",3
"udah ada riwayat transaksi masuk top up, eh saldo gak bertambah jadi telat tolong sering kali gitu",2
isi gopay selalu lama masuknya 🥲 buat buru2 ribet bgt,3
semoga mantap selalu,5
"udah laper banget, pas pesen makanan udah di tunggu 40 menit eh tiba tiba di cancel karena driver sibuk, buang² waktu, LOL",1
"padahal jaringan bagus tapi ""internet mati"" terus gimanasih",1
terimakasih,5
baik suka punya gojek. bisa membantu banget,5
pelayanan yang baik,5
cepat pelayanan nya,5
"kok nggak bisa bayar pake QRIS...?? padahal grab bisa, kok gojek gabisa...??",1
"gimana ini uang ku belum kembali, pesan makanan lama banget ga dapet driver trs akhirnya ku batalin tp saldo dari debit dah kepotong, sampe saat ini belum kembali uangnya☹️, mempersulit sekali mana pas dihubungi pake fitur bantuan pihak gojek terkesan lepas tangan",1
"sbnrnya apk nya bagus bgt + udh ad gopay. tapi trnyta setiap saya di tf in uang sm ayah selalu hilang, ternyata aplikasi nya otomatis berlangganan gojek plus, padahal saya tidak membeli nya. dan setiap saya cek transaksi nya, selalu jam 2 malam, padahal di jam itu saya sdh tidur, jadi tidak memungkinkan kalau itu saya yg sengaja berlangganan. mohon perbaikannya ini ya, uang saya berkali-kali hilang secara tiba tiba, padahal mau saya pake buat jajan. mohon perbaikannya ya, udh bnyk yg sprti ini.",2
iklan lo lama banget,1
"harga sesuai 13ribu , susah banget untuk hari Jumat ampun banget , gojek ! mitranya",1
"lumayan membantu aktivitas sy sehari-hari, terutama fitur gosendnya,sy bisa belanja dan mengambil barang meskipun tidak dikota tujuan.",4
Waktu menunggu Gofood terlalu lama.,1
LAMA BANGETTT UDAH SATU JAM NUNGGU MASIH GAK ADA DRIVER PADAHAL PAKE PRIORITAS,1
"untuk apk nya sudah bagus,mungkin lebih ke drivernya ya",2
"sekedar saran/kritik aja ya buat driver yg bner2 niat utk mengembalikan barang bawaan yg ketinggalan dr penumpang nya dr penumpang, knp TDK dr dlu wkt ada slah satu penumpang ketinggalan/jatuh hp di dlm mobil utk mengembalikan barangnya.... knp Bru skrg maka bnyk interogasi lagi dah kyk ini itu aja.... astaghfirullah 🙏",1
"muak, tiap pesan makanan selalunya di suruh menunggu berjam-jam, padhal siang hr, kayak susah skali dpt driver yg mau ambil orderan, kita yg lg skit hrs nunggu stengah jam agar bs cancel, padhl bs ada opsi untuk kita order makanan yg lain yg bs drivernya bantu antar",1
mesen GO-SEND expres ga dapet dapet,1
"kita pesan makanan, driver mencari trus gk bisa di batalin sampe 40 mnt kacau bgt kacau, hrusnya di kasih waktu 15 mnt cukup gk dpt bisa di cancel",1
bagus,5
cepat murah,4
kurang banyak promonya,4
bagus,5
mantap,5
"Pesan yang Express aja lama banget, kalo Grabfood cuma 15 menitan itu!",1
"kalau hujan susah dapet driver okelah, tapi ini langit masih berawan juga susahh dapet driver? udah pake prioritas tetep aja ga dapet dapet, padahal di peta driver yang deket banyak, malessss dehhhh",4
Josss dah,5
aku gak nyaman pakai gojekk lebih nyaman pake grab,1
bagus berguna juga,5
Pesan makanan sekarang lamaaaa,1
"Zaman sda pakai AI, tingkat akurasi lokasi aplikasi ini kalau jauh sama GRAB atau MAXIM.",1
hatur nuhun pak,5
"segera perbaiki min, saya pesan makanan lokasi pasa saya kasih keterangan tiba2 titik lokasi yg ada di map tergeser, jadi gojek yg bawa makanan salah alamat. karna sebagian driver mengikuti lokasi yg ada di map, bulan liat keterangan. sekian terimakasih",4
driver aneh nunggu 15 menit tiba2 di cancel tanpa alasan,1
Order gosend dari kmren gak ada pick up anehh sih,1
wokehh,5
"driver sopan dan ramah...senangnya naik gojek bagi nenek"" pensiunan 👍👍",5
nunggu 2 jam tapi gofood gaada yang pickup hadeh wasting time,1
bagus 👍,5
isi saldo lama bru masuk,3
bagus,5
bagus jir,5
saya sudah sering pakai aplikasi ini padahal .. cuma telat 2 hari di ancam² .. PT gojek skrng beda dengan yg dulu .. saya ganti jadi 1 bintang.,1
banyakin diskonnya donk kan aku tiap hari pakai layanan ini,5
"pesen gofood doang lama nya minta ampun, udah 1 jam gaada driver buat ngambil orderan nya. bintang 1 karena lama banget",1
"halo admin, tolong dong adain fitur backlist/ block driver, biar ga ktemu driver yg sama krna ada salah stu driver bikin ga nyaman. trimakasih 🙏",5
cepat dan mudah,5
lumayan,5
satset👍👍,5
memuaskan,5
sangat membantu,5
oke,5
sangat baik,5
"beralih aplikasi grab karna sangan mengecewakan, alamat gak sesuai alamat kemana ngantarnya kemana.",1
bagus cantik,5
ok,5
driver sangat baik dan ramah,4
ada yang mengancam saya lewat apk gojek ngetas nama gojek .dia minta uang kalau gak di kasih mau meretas identitas saya identitas saya mau di sebarin .saya ada bukti percakapan nya gimana ini gojek. untuk ke amannya. kemannya kurang.,1
sangatembantu,5
lebih bagus ini dari pada yang sebelah,5
"gimana sih masa wifi bagus koneksi internet aplikasi nya bermasalah malah Yah, internetnya mati... Cek koneksi Wi-Fi atau kuota internetmu dan coba lagi ya. gimana aturannya gua mau top up malah gangguan",4
Ok bgt,5
happy ada Gojek,5
gojek gercep,5
hehe..😁😁,3
sangat membantu tapi banyakin diskon untuk daerah kabupaten,5
recommended,5
bagus cepat,5
good job,5
ok,5
bisa membantu perjalanan saya ke tempat kampus saya dan cepat,5
mudah dan cepat mantap,5
"Sebagai informasi tambahan, mohon untuk tidak memberikan kode OTP, PIN atau Password kepada pihak manapun termasuk pihak Bank Jago untuk mencegah adanya penyalahgunaan akun.",5
4 karena kadang ada driver yang ketus,4
perjalanan lebih mudah,5
Susah banget cari Goosend,1
segala urusan jd mudah,5
semoga selalu siap dan bermanfaat,5
sesuai harapan costumer,5
"udah pake aplikator ini udah lama, baru sekarang kecewa, tiba2 tarif naik ga jelas, setelah di perhatiin ternyata rute nya di ubah dong ...TOLOL, kalo mau ambil untung ga gitu juga, di tunggu penjelasan nya 👎",1
mantap,5
orngya baik sopan.. tepat wkt👍,5
good sangat membantu,5
oke,5
sopan driver,4
Pencarian driver sudah oke.. tapi biaya admin nambah mahal dan minim diskon,4
Aplikasi Bobrok,1
"pakai gojek memudahkan untuk kaum mageran seperti saya ini, gk perlu kluar makanan datang sendiri",5
keren aplikasi super modern semua bisa dan ada di sini,5
okelah,5
👍🏻👍🏻👍🏻👍🏻👍🏻,5
Goooodddddd....,5
sangat baik,5
"Banyak alfamart yg selalu menolak pembayaran via go-pay... Alesannya selalu error... sering kali pesen gofood, udah nunggu lebih dari 2 jam gak ada kabar, hanya aplikasi bilang bisa dicancel .. pantesan harga saham elu cuman 60....",1
kecewa tidak padat pasti driver nya GK bergerak seharusnya untuk aplikasi sebesar gojek tidak seperti itu,1
Good Jobs...👍👌🙏,5
"aplikasi tidak jelas, tiba tiba diblokir",1
aplikasi transportasi yang amat membantu saya,5
mohon akun gojekku di perbaiki soalnya hari pulang natal pesan gokar rupanya ga mau gocarnya suruh cancel rupanya terus berjalan dan berjalan sampai terus ganti gantian akun gocar yang masuk padahal kami dah sampai rumah jalan kaki pulangnya .karna dah kelamaan.,3
"aplikasi sangat membantu, ketemu pengemudi ramah, semangat dan sopan.",5
driver gocar lu pada noh jelek bgt et deh,3
apaan coba lokasinya TDK dapat digunakan,2
"Saya ingin mengusulkan agar Gojek menambahkan opsi pembayaran QRIS. Banyak pengguna yang kesulitan ketika saldo GoPay habis, sementara pembayaran non-tunai semakin umum digunakan. QRIS bisa menjadi solusi praktis karena bersifat universal dan sudah didukung hampir semua bank/e-wallet. Dengan menambahkan QRIS, Gojek bisa meningkatkan kenyamanan pengguna dan memberikan lebih banyak pilihan pembayaran tanpa menghilangkan ekosistem GoPay. Mohon dipertimbangkan untuk update mendatang.",4
ongkir dr sya 27rb ke driver 5rb serakah amat jek ..,1
"susah dapet driver, udah nyoba 7 kali masa ngga dapet²",1
lemot,1
apknya sering gak jalan kalo lagi pesen gofood. map nya ga jalan. tiba2 driver nya marah2 krna gatau jalan. aneh banget. dah pindah aja ke shopeefood kalo bgni.,1
semua nya bagus tapi kalo mesan makanan bisa sampe 1 jam belum datang gara gara gak ada driver keburu laper,3
sangat membantu disaat mager pas perut lapar,5
kenapa kita ingin beri tip melalui apps tapi menunya terdang tdak bisa di akses,5
"Kalo nyariin driver yang niat kek, nyari doang lama tapi gak dapet padahal di sekitar lagi rame pada parkir di mapnya, itu notifikasi ke driver gak masuk apa gimana?, Tolong benerin kalo udah tar ditambah bintangnya, masih gak di benerin juga yeee buseeng dah, itu mitra lu yg gk niat mah putus ajaa jadi mitranya",3
"kalau sudah hujan pasti lumpuh fungsi ini aplikasi, pesan mobil pun susah :/",1
"operator tolol, tiap order di kasih driver yg jauh jarak jemput nya,,,,",1
BURUK BANGET APLIKASI DAN PELAYANANNYA..!!,3
nice,5
prose Laporan ditindak lanjuti lama,1
mantap👍,5
good👍,5
Setiap Pesan Makanan estimasi Ongkos yang 50 menit tpi slalu saja smpe 1 Jam Setengah slalu saja seperti itu maka nya saya males pakai lagi Gojek Lebih Baik pindah ke Aplikasi Sebelah yang Lebih Konsisten sama Waktu Pengiriman,1
"saya tidak booking ko jln sendiri, tidak kasih tip kok ada riwayat kasih tip bukan sy yg order tapi ada order kacau nih Aplikasi",1
drivernya pada songong klo lagi pesanan rame. pada ngga mau ambil orderan.,1
saya kasih bintang 1 untuk aplikasi gojek karena driver gocar nya tidak sesuai SOP atas nama pak ismuji dengan plat nomor mobil B 2561.saya tadi pick up dari Bekasi trans studio mall dengan nominal di apk 85.500 lalu setelah saya di mobil bapak2 sialan itu bilang suruh di batalkan sya masih bingung kenapa di batalkan dengan alasan pemasukan dia ga sesuai dapatnya kecil hanya 58 ribu. kami sbg pengguna terpotong 85.500. kami tidak tau menau hal yg dia dapatkan.akhirnya saya mengikuti aja,1
makasi yah gojek..aku terharu masi bisa kirim gofood untuk anakku padahal posisi aku lagi beda kota..gojek terdepan pokonyan🤩😍🥰,5
gojek sekarang kenapa ya saya pesen makan selalu lama engga dapet driver terus. saya udah nunggu 1 jam tetep ga dapet driver mohon lebih baik lagi kedepan nya.,1
"aplikasi ojol gak bisa di andelin, lagi ujan gak ada yg mau nerima tolol udh pada kayak kali iya ojol",1
"aplikasi jelek,ujan dikit susah dapet driver",1
"dah ah lama banget, tiap hari pasti batal 2x tuh pesenan ga gojek ga gofood, ujan udah berenti masi ae kaga ada driver. nih kalo malam nunggu sejam, udeh batal pasti, mesen lagi nunggu sejam lagi, batal lagi, besok nih makannya gua. kek bukan solusi nih aplikasi. nih kalo mau mesen makan mending shopee food kali ye",1
dapet driver aja lama bgt,1
nunggu deliv lama sampe 1 jam,1
jelek susah dapet driver,1
KALAU HUJAN GA ADA DRIVER YG MAU NGAMBIL PADA JUAL MAHAL,3
"Susah dapat driver untuk pesan gofood , udah lama dapat driver estimasi telatnya hampir 1 jam tidak sesuai estimasi kecewa mohon service nya perbaiki , terus udh chat cs TIDAK MEMBANTU SAMA SEKALI mohon perbaiki sistem nya TERIMA KASIH",1
"dekat dengan jalan raya tapi sangat susah cari driver nya ,sangat buruk",1
ok,5
ya bagus,5
luar biasa,5
"hujan susah banget dapetnya padahal di aplikasi banyak driver nya entah driver nya entah aplikasi nya bapuk yg ngga respon penawaran banyaklah lg rame lah, di gedein aj argonya masa ngga ad yg ambil",1
iklan mengganggu proses pemesanan,5
greb klo hujan mahal banget harga nya..kaya harga pulang kampung,1
nicee,5
pesan gocar harga di awal oke tapi setelah jalan brp menit driver merubah rute dan tarif berubah + jadi lewat tol yg tarif tolnya yg mahal ..sy ngga mau debat turutin aja maunya driver alhasil nambah ongkosnya 70 rb an ...abis itu uninstall aplikasi ngga mau lagi pake gocar,1
bagus,5
mantab,5
menyenangkan,5
sangat bagus,5
mantap,5
ok banget,5
top,5
good,5
banyak manfaatnya,5
min kan saya nunggu gojek nya Dateng pas tinggal 1 menit /mau nyampe tiba tiba ngestack sampe sekitar 30 menit saya tunggu tiba tiba mulai lagi ke tujuh menit /mulai dari ulang,1
sulit gofood nya ngga sesuai estimasi malah sampe dua jam nunggu dan gahasil trus gabisa di cancel pula,1
Keren aplikasi yang berani tanggung jawab atas kesalahan sengaja maupun tidak,5
sat set mantap,5
susah cari pengemudinya,1
sampah,1
bagusss,5
endull dahh,5
resfon yg baik,5
membatu saya yang tidak bisa naik motor sendiri dan selalu ada promo,5
Kaya kenapa sih kalau hujan tuh susah banget dapet driver untuk gojek atau gofood. Males hujan atau gimana sih. chat cs juga nggak ada jalan keluarnya. bukannya membantu malah bikin repot.,1
Bagus min!tapi saran saya update jangan kebanyakan😅 update: MIMIIIN 😭 JANAGN UPDATE TERUS WKRJFBAJW,5
"saya tidak sengaja pesan, dan sudah sempat tekan pembatalan, namun pesanan tetap berlanjut, dan pembatalan tidak bisa dilakukan, padahal saya sudah meminta bantuan chat consumer, namun sama sekali tidak bisa membantu 🙃",1
"nunggunya lama bngt ngecewain, pdhl buru"", galagi deh make gojek, hadeuhhh, ibu sy jdi jalan kaki kan ke st",1
"setiap hujan dan buru buru pasti drivernya pada lama habistu harganya mahal pula, saya ga rekomen kalian buat download apk ini",1
"pesan gosend instan lamanya setengah modar, seharian order ga dapet2, padahal banyak driver pada ngeluh orderan sepi, banyak potongan... ada apa dengan gojek???",1
aplikasi eror ..saldo minus ngambil dari gojek deposit 2 kali tapi masih ada minusnya,3
program beta sdh penuh sayang.. 😝,5
"minimal bisa ada pengaduan sama CS udh mah sering salah alamat, telat mulu aplikasi gk guna. mending gk usah ada fitur pengaduan klo gk berfungsi lol",1
lebih nyaman,5
"aplikasi gajelas wkwkwk, muter mulu ada 10 menit. giliran di restart mau coba pesen ulang, loading lagi 10 menit. tiba tiba ada notif driver dijalan sampe 3 orang, hadeh aneh aplikasinya lucu wkwkw. jadinya gua dah yang nanggung duit nya, padahal kesalahan elu wkwk",1
"kenapa ya kalo di aplikasi ini ada komplain langsung di respon CS, tapi kalo di aplikasi gojek driver tdk ada respon? padahal driver jg rugi bensin & waktu dgn operasi sistem gojek yg skrg sering ga masuk akal. Ditambah dulu pernah iklan go food aja yg muncul trus tiba² bisa mesen makanan sendiri mana ga bisa dibatalkan. gak improve quality apps nya",1
gak bisa batalin pesanan,1
"tolong ya aplikasi diperbaiki, untuk go food waktu tiba tidak berkurang padahal udah prioritas trs maps nya tidak muncul di halaman pemesanan. customer service pada aplikasi tidak jelas dan tidak membantu",1
"tolong developer,buat gofood yg driverny suka lama2in kl mknn udh jadi,di ksh sangsi aj.kl orderan food kan seringny driver mangkal,kdg lg ngopi/main ludo nanggung,orderan udh jd,testo udh manggil,g di ambil2,sering nemuin kejadian gtu di hollly tebet.🙏 ksihan driver food lain yg bener.",5
membantu sekali,5
"aplikasi jelek... baru juga cancel sekali, udh ada peringatan kebanyakan mencet tombol,, org hp gua kaga ada tombol nya bgimana ini ? gua cancel karena gk dpt dpt, bukan nyepam, tolol !",1
kecewa banget pesen ga food lama lama kukira bisa jadi solusi cepat buat pesen makanan Sampek nunggu waktu 1 jam .giliran nunggu lama malah gak Dateng Dateng,1
SIIIPPPP,5
baik,5
"kalo emg gaada driverr, kasih pilihan buat batalin dong kenapa harus diperluas cari driver yang ada waktu hampir sejaman nunggu in dpt driver. ngadu ke cs yg ada malah gaada pilihan ttg lamanya dpt driver mending kasih aja pilihan buat batalin makan orang kalo kek gini bukan makan pesenan di gofood percuma ada bantuan cs tp ga membantu sama sekali. tolong ditingkatkan kalo terus terusan seperti ini yaa siap siap aja bakal sepi nih aplikasi buruk",1
lama sekali untuk menunggu orderan,1
mantap,5
ok,5
terlalu lambat mendapatkan driver jadi saran saya perbanyak yang mau ngambil pesanan customer jngan perbanyak driver nya,1
banyak terbantu,5
"Ada no telp ke admin langsung ga ya , agar saya bisa mendapat penjelasan langsung dan informasi utk case saya ini , dimana saldo sudah terpotong , dengan kondisi saya belum diangkut, ada pesan bahwa sudah sampai tujuan walaupun saya belum diangkut, dan waktu nya pun tidak masuk akal kalau sudah sampai . sampai hr ini setelah minta bantuan ke csr, saldo tsb belum kembali ke saya tapi sudah ada permintaan bintang dari csr bahwa case sudah selesai ,mohon ditanggapi ,terima kasih",2
semua baguas,5
cepet dan hemat murah banget,5
bermanfaat banget sih buat aku yang susah jemput saat sekolah,5
"permisi ini aplikasinya sudah bagus, tetapi masih ada kekurangannya yaitu bagian metode pembayarannya masih belum lengkap kayak pembayaran via DANA maupun transfer (yg ada cuma pakai kartu ATM). jadi tolong tambahin metode pembayarannya",4
gopaylater by mab ngga sesuai ketentuan,1
ok,5
mantap,4
parah ini layana instan carr di tokopedia 2 hari gak ada yg pickup,1
"mau cancel gofood ko gabisa,katanya ada bantuan. tapi dimintain bantuin malah gabisa,hoaxxxxxxx kecewa sama gofood",1
Semakin baik kedepannya gojek... Mensejahterakan drivernya,1
Simpel!,5
bagusss,5
"buat pengguna menengah kebawah, banyakin promo nya atmin 😁",4
sangat membantu,5
sangat membantu untuk pergi kemana²,5
jos,5
"baik dan menyenangkan, kondisi kendaraan bersih dan rapi",5
senang sekali pakai aplikasi ini jadi mudah kmna2,5
"saya ko aneh sama gojek. kemarin malam saya order ke tempat yang sama pake 2 aplikasi dan 2 hp. tapi ko harganya beda. yang aplikasi 1 Rp 7000, yang aplikasi ke 2 Rp 22.000. yang punya saya ko mahal. membagongkan",1
Gojek makin ok. Terus tingkatin pelayanannya dan perbanyak promonya ya 👍☺️,5
baik tepat waktu sangat konsisten di jalan.,5
transportasi terbaik,5
"jujur aja saya sangat kecewa dengan aplikasi ini, selain driverna pilih""lokasi, selalu batalain seenaknya padahal saya sudah nunggu""lama tiba""dibatalin gt aja, komen seenaknya yang tidak berdasar, dan kebanyakan tidak bisa baca maps udah salah malah balik marah kan heran driver skrng. tolong perbaiki lg demi kenyamanan pelanggan",1
lumayan membantu,4
driver ramah...,5
good,5
senang dan gampang cari lokasinya,5
gojek baik dan ramah,5
sangat baik,5
"Driver nya ada beberapa yang sikap nya kurang sopan, dia yang salah tapi kita yang kena marah padahal kita juga bayar bukan minta dianterin secara cuma cuma, mungkin lebih diperhatikan lg untuk driver nya, thanks.",1
sangat bagus danpuas banget,5
"gw nungguin nyari driver buat makanan sejam lebih gw Nunggu kaga dapet"" sialan banget,mana kaga ada pilihan batakal heran bat gw, Gedeg gw tau ngga",1
ok lah simpel,5
"saya tanya soal gopay coins in app malah kena blokir. kacau. jangan kayak si biru, dono, dong. semena2 tolong buat daftar toko yang bisa menerima go coins masa' belanja di minimarket tidak bisa pickup sendiri.",1
siipp,5
sangat membantu untuk bepergian,5
senang bisa update lagi... 🙏,5
"lokasi titik selalu beda jauh, jadi kasian sama drivernya",1
bisa pesan pesan sendiri kenapa yaa padahal ngga order gojek kan bikin heran jauh lokasinya lagii,4
Pay later nya tagihan 35an ribu telat sehari denda 50 RB.,5
SEKARANG PESAN GOFOOD LAMA KEBURU MESAN ORANG MATI,1
sangat memuaskan driver gojeknya dan gosendnya,5
alhamdulillah,5
hemat,5
Mantap...maju terus gojek..karya anak bangsa,1
bagus,5
mantap,5
adaian fitur batalin pesanan dong untuk goofod jadi kalo gak dapet2 driver bisa di cancel,3
"kebanyakan driver tidak ramah, marah2 gajelas, main hp saat berkendara, ngebut",2
Parah banget layanan gofood sekarang. setiap pesan makanan pasti butuh waktu 1 jam lebih.,1
mudah updatenya dan sukses yaa terima kasih,5
keren,5
"dengan layanan go saya sangat terbantu, namun tolong ditingkatkan komunikasi driver, jika tidak bersedia untuk menjemput jangan hanya diam (tidak SMS) atau jarak map tidak jalan, dan tiba-tiba cancel.",4
"saya pemakai gocar di stasiun pasarturi.. awal pesan seperti di paksa paksa tempatnya jauh dari nyaman,, cenderung seperti taxi gelap karena driver tidak berpakaian sebagai mana mestinya,,, juga kayak suka nggodain penumpang,,, kayak kurang bikin nyaman saja.. sepeti ga niat bikin tenda gojek",1
udah top up tapi gk bisa di pilih metode pembayaran gopay nya,1
Sangat membantu..,5
"Aplikasi harga setiap keluar menu walaupun tujuan nya sama tapi harga nya naik terus parah gak jujur aplikasinya, harga seenak nya sendiri. aplikasi yg bisa menjebak pemakai.",1
"susah bgt dpt driver belakangan ini, mungkin udh pada bosen kali ya jd driver",2
wow,5
"update kali ini jadi minus, yg jadi minus nya itu driver tracking ny mlh ilang, jdi kita gatau driver ada dimna",2
kesall.... sudah berapa kali tiap. order gofood selalu lama mendapatkan driver.. masa iya stengah jam lebih.,4
"sekarang estimasi aplikasi gak akurat, perjalanan 3 menit tapi ditunggu 30 menit gak sampai2, chat driver katanya ada double order. tambah kecewa dgn pelayanan sekarang",1
sangat membantu,5
banyak driver seenaknya mengcancel order. kita dibuat menunggu sampai gonta ganti driver lebih dari 5x sampai timeout. edan kerja kok milih²....,2
oi tolong lah .. ini kenapa gk bisa bisa veritif face nya gagal terus loh,1
sungguh menyenangkan,3
"driver lu pada kocak, klo apa2 demo tapi kualitas dirinya nga dibenerin.",1
susah dapat deriver,1
BAGUS PELAYANANNYA,5
mantap,5
2 Kata ( Sigap & Cepat ),5
"aelalau tepat & baik , cepat . bisa menjaga barang yg d kirim nya dengan baik & aman sampai tujuan sesuai harapan.",5
gojek ok,5
bagus,5
mudah saat top up,5
"Fitur lengkap, sangat bermanfaat dan membantu sekalu",5
sangat membantu,5
Oke,4
helpfull banget dan gak perlu ribet,5
"paling males tuh kalau lagi hujan sinyal nya jelek‼️‼️‼️‼️, alhasil radar dari si driver di aplikasi jadi gak sinkron sama letak posisi drivernya‼️‼️‼️",1
"untuk gocar, gofood, gojek, gotrainnya oke bagus cepet juga cara kerjanya, tp untuk gopay pinjamnya selalu gagal dalam pengajuan",1
bagus untuk pergi pergi,5
semoga lah,5
oke,5
Top,5
OK OK saja semuanya.....,5
"tidak jelas , di bekukan tanpa sepihak",1
mantap,5
paling nyaman harga hemat,5
aplikasi langganann,5
"Aplikasinya sudah bagus meski terkadang ada bug di mana lokasi kita berdiri beda dengan yg di aplikasi. Ketika aplikasi lagi di 'Kami lagi cari driver' dan gk ketemu, mungkin sebaiknya tambahkan tombol untuk cancel di sana. Karena walau sudah keluar apk, ternyata pesanan masih diproses padahal pelanggan sudah tidak mau lagi naik gojek. Juga, kadang titik jemput suka auto correct padahal sudah diperbaiki berulang kali, terimakasih",1
sangat membantu,4
"pertama kali make langsung double order, padahal selama sy pake yg sebelah g pernah gitu, trus drivwrnya ngambil yang jauh² trus padahal ada pangkalan ojek disekitar tempat saya. tolong serverny di perbaiki.",3
telpon nya kadang gak bisa,3
kasian driver yang tidak ikut slots akun'nya anyep.👎👎👎,1
sangat membantu,4
mntap pkai gojek,5
seringkali driver tidak mau cancel order tapi tidak bergerak membiarkan order sampai tercancel otomatis. ini sangat merugikan costumer dalam segi waktu tolong ditindak untuk driver modelan begini yg nggak sportif,3
Mantaff...Top 👍,5
Pelayanannya sudah kembali maksimal,5
thanks for all,5
baik,5
"Terimakasih Gojek complain saya di tangani dan di proses dengan cepat, semoga gojek semakin sukses🙏",5
sangat membantu,5
"mohon diperbaiki, saya nunggu lama pesan goride hemat karena di aplikasi proses loading cari drivernya lama, setelah saya ubah ke goride reguler dan dapat driver ternyata saat loading di goride hemat drivernya udah ada dan sedang diperjalanan, ini gimana tolong diperbaiki.",4
saya itu pesen goride comfort. bisa-bisanya kamu kasih motor listrik. smooth. saya benar-benar tidak suka,2
"kalau saat order gofood tetapi driver tdk tersedia atau sulit dpt driver, harus ny customer bs langsung cancel orderan, tapi ini customer d paksa nungguin driver n setelah lbh kurang 1jam dulu baru bs d cancel orderan ny, tlng perbaiki la sistem nya, biar customer nggak rugi d wkt cm buat nunggu.",1
👍,4
harga paket data sekarang mahal-mahal tidak ada yang paket diskon lagi dan lagi,1
"ngebug bgt coi, astaga mau beli makanan aja setengah jam lebih krna aplikasi not respon. Tolong diperbaiki neh",1
"driver gocar lagi bawa penumpang, bisa gitu dpt orderan kacau",1
"pas mau order gofood sistem error, padahal baru saja berlangganan gojek plus. kalau dibandingkan dengan grab, diskon jauh lebih besar grab. kalau masih tidak ada perubahan, saya akan jadi member setia grab",1
"aplikasinya sering lag, dan fitur pinjamannya hilang Tampa pemberitahuan sebelumnya padahal aku rutin bayar tagihannya",3
"perbagus lagi untuk keakuratan lokasi nya, saya kena tegur trs sama driver gara-gara lokasi nya gak akurat, padahal udah dipastiin sesuai titik. kalo cuman beberapa meter masih oke, ini saya sampe harus nyamperin Abang driver nya muterin jalan. jadi gak enakan saya sama abang driver nya, tolong lah dev",1
mantab,5
"sekarang susah cari driver.bayakan dicansel.kadang digantung gak jalan2x itu driver.apa emang disengaja.biar kami yg cansel.jadinya argo naik.kita yg cansel.dan mobil2x gak sesuai aplikasi.yg terdaftar diakun.mobil A yg datang mobilnya B.tolong perbaiki sistemnya..dari segi mobil.dan orderan.tolong ditindak driver2x yg suka cansel order.jadi sering telat kerja..dan usahakan.jangan kita penumpang dapetnya driver posisi jauh.padahal banyak yg deket itu pun slalu dicansel ,kdang digantung orderanny",1
masih terdapat bug setelah di update versi terbaru,1
baik,5
suka banget sangat murah.,5
mantapp,5
mantap,5
good aplication,5
"tor monitor ketua, anggota mau lapor ketua, promo nya ga kaleng kaleng ketua😈😈😈",5
service baik,5
mantap,5
saya suka karena tepat waktu bayar yang sangat murah 😇😁😁,5
layanan yng pas buat saya bepergian dan pesan makanan,5
👍🏻,5
nice,5
bagus,5
cepat dan efesien,5
"makanannya kurang lengkap dan banyak yang ditutup,saya sangat kecewa sekali kepada aplikasi ini,lain kali diperbaiki secepatnya biar semua pengguna puas dengan apk ini",3
gojek memang oye,5
cih aku dijebak tombol pesan!! kenapa halaman checkout cuman pop up dan ga jelas harusnya ada konfirmasi dua kali!! bagaimana kalau aku tiba tiba tidak sengaja summon driver dan gofood dengan harga tanpa voucher 😡😡😡,1
"Pernah di lecehkan sama driver GOCAR tapi tidak saya videokan... Jadi nggak ada bukti mau lapor juga. Selainnya bagus semua driver dari gojek ramah, baik, sopan...",5
driver nya di cek lagi dong masa marah marah gajelas grgr dibatalin buat ganti pembayaran tunai ke gpay kami para pengguna gatau kalo itu bisa di ganti setelah di order tolong di cek lagi etitude nya mksh,1
voucher cuma pajangan doang pas mau di pake sudah habis NIPU...!!!!,1
Sangat efektif dan saling menguntungkan untuk yg membutuhkan.,5
keren,5
"Gila ""biaya lain"" pengiriman gofood Rp 5000 diluar ongkir..katanya buat peningkatan jasa aplikasi...ga masuk akal bi maintenance aplikasi Rp 5000 x 1 jt klien udah puluhan miliar..order bubur ayam jadi Rp 45.000 wow seharga bubur ayam hotel bintang..makin kesini pelayanan jg makin buruk ...",1
selama ini baik2 saja,5
mantap,5
MAKIN MAHAL ANYING,3
"saya beberapa kali melakukan pemesana dengan metode pembayaran dri banking dan saldo saya sering terpotong padahal saya sudah membatalkan pesanan, saya coba baca panduan katanya 30 hari saldo akan kembali, namun sudah 2 bulan lebih saldo saya tidak kembali. jika masalah ini terjdi sekali saya bisa maklumi namun saya sudah kena bebarapa kali dan saldo saya terpotong jika pesanan di batalkan. Noted pesanan saya batalkan karna tidak dpt driver bukan karna masalah driver.",1
Semoga lancar terus,5
tolong mapnya jangan kaya grab . gak akurat dan g bisa dieum . malah balik lagi di ke awal. enakan map gojeg yang sebelumnya,1
sangat bagus untuk berpergian,5
"Jelek banget,ngater barang nunggu 2jam gad datng2, gak guna, lelet,",1
Membantu meringankan mobilitas,4
lebih baik milih gojek,5
nais.. terus ber inov,5
banyak promo nya,5
"aplikasi makin aneh, di fitur katanya makanann telat 20 menit, ternyata sudah didepan driver nya. begini kan bikin kita jadi salah paham sama driver nya. parah ni gojek sekarang, cuma harga dimahalin, pelayanan nya nda Oke. sering banget bgini, jadi nda enak sama driver nya. mana driver gojek sekarang ga bs di tanya dikit, ditanya dikit langsung kaya ngajak berantem jawabannya",2
"aplikasi nya bagus kok, tapi mau kasih saran ke mimin, tolong untuk para driver diingatkan jangan suka ngebut dan selalu hati' ya karena keselamatan no 1 buat para driver, penumpang dan pengendara lain. biar ga terjadi kejadian yang tidak mengenakan☺️",5
"Pengemudinya sprtnya bnyk gk ramah. Kurang Literasi. Emosian. Seenaknya turunin orang ditengah jalan fly over lagi hujan. Terus mau dilaporin gak bisa tiba tiba gak ada riwayatnya. SAYA GAK AKAN PERNAH MAU PESEN PAKE APLIKASI INI LAGI. Harganya lebih mahal pula, susah nyari drivernya lamaa. Padahal sya intip bintang saya lumayan. Baru kali ini dapat gojek gituu. Tapi bikin trauma. Saya padahal walaupun diomelin"" gak ada niat buat laporin atau kasih bintang 1, tapi tiba tiba diturunin ditengah.",1
saya suka,5
ntaps,5
kereen,5
Pelayanan bagus,5
gojek mau di beli grab ya? kalau gitu say goodbye aja lah,5
"benar benar emosi pakai aplikasi ini mau masukin alamat buat gosend aja susahnya minta ampun.. ada opsi milih titik lokasi tapi ribet, minta alamat lewat link tambah ga tau caranya mau tf gopay aja wajib upgradeke gopay plus.. pantesan pada milih ke oren.. tolong donk di perbaiki.. bner2 ribet soalnya",1
ok,5
Sangat bagus,5
"sudah bobrok aplikasi ini, krn terlalu banyak buat kecewa",1
Sangat membantu sekali ada nya Aplikasi Gojek Online ..,5
"Gojek makin kehilangan kualitas. Estimasi waktu palsu, driver nggak jelas, dan pelanggan dibiarkan nunggu berjam-jam tanpa solusi. Untuk perusahaan sebesar ini, layanan seburuk ini memalukan. Tolong perbaiki sebelum kehilangan lebih banyak pengguna.",1
"mahal kali bah ,",1
bagus,5
sangat membantu,5
"seringkali ojol tidak mau ambil orderan ketika jarak jauh sedikit, sudah beberapa kali coba order tetap tidak di ambil, apalagi ketika sedang butuh selalu tidak di ambil",2
nunggu lama malah ga dateng dateng,1
susah x dapat driver di gofood pas ada dibatalin gak blg apa apa ksl x,2
"pesan makanan ,,orderan gk ada yg ambil hampir 1jam,masa pembatalan pesanan harus nunggu 1jam sih,,keburu laper,",1
"belakangan ini driver food susah kali didapat!! disuruh nunggu smpe Berjam terus mau batalin tapi susahnya minta ampun masa harus nunggu sampe sejam nyari driver baru bisa batalin🤔, gw mau pergi terus yg ngambil pesanan nanti siapa????? itupun udh nunggu sejam drivernyaaa tetap gadaaaaaa",1
nungguin driver go food lama hampir 1 jam lebih menunggu tidak dapat²,1
"🍄🍄🍄🍄SY DRIVER YG JG CUSTOMER. YTH CUSTOMER, TOLONG KALAU BERI TIP ""DARI APLIKASI"", SEGERA CHATTING KE DRIVER SEBELUM CHATTINGAN DI TUTUP. KARENA ""TIP"" sering masuuk ""TERLAMBAT"".",5
good,5
hilangin aja perintah cancel pembelian.... ujung2 nya harus nunggu 2 jam baru dapat driver...,1
"kenapa error, lemot dan ngeleg. apk berhenti dan keluar sendiri. bikin emosi dah pokoknya.",1
susah dapat driver,1
Aplikasi pret nguras driver,1
tidak bisa hapus akun,1
"driver ngk ramah ngk ada toleransi, bantu naikin barang dan sebaliknya",1
"Saya sudah nunggu makanan karena aplikasi cari drivernya lama sekalu, hampir 2 jam saya tunggu cuman buat pembatalan pesanan, trus saya coba lagi, kejadian yang sama berulang lagi. Tolong diperbaiki ya, saya lapar mau makan bukan mau nungguin kepastian",1
"susah nyari driver aelah, padahal mau makan geprek my finesyht kenapa susah sekali mencari driver nya bjirr",3
thanxs,5
"sudah mau bangkrut kah gojek?? pesan makan aja susah dpt drivier, SDH tungguin mau 1 jam mau batal GK bisa, masa di suruh tunggu bodoh gitu? bnr2 bikin kesel sumpah",2
"niatnya bayar gopaypinjam sebelum jatuh tempo biar bisa pinjem lagi , gak taunya malah gak bisa pinjem lagi , padahal gak pernah telat bayarnya , kecewa pokoknya , gak bakalan pake aplikasi ini lagi , bakalan aq hapus...",1
"gojek apaan si, ga bisa batalin sampe waktu yg lama gara2 blm dpt driver, orang kan keburu laper",1
kalo males keluar tinggal gofood,5
ok,5
"MODE HEMAT DAERAH RAMAI BANYAK YANG UDA TERIMA OTOMATIS LALU MEREKA GA GERAK MENUNGGU PENUMPANG MEMBATALKAN, UUD INI PAK MENTERI NADIEM",1
keren,5
sangat baik,5
"Aplikasi sangat membantu sih tapi ngeselin parrah kalau lagi jam sibuk plng kerja bukanya lemot minta ampun padahal buru2 buat tap out naik KRL, benerin dahh updatenya biar nyaman dipake pelanggan, soalnya bermanfaat banget app ini",2
Menunggu 1 jam tidak ada driver✍️,1
bermanfaat dan membantu sekali,5
saya melakukan top up ke no yang sudah tidak aktif. tetapi tidak dapat di refund. fitur pusat dan bantuan pun sama sekali tidak membantu,1
"kasih waktu 10 detik minimal untuk cancel orderan food, langsung di proses tanpa kompensasi waktu untuk cust, udah gitu gabisa di batalin, kecewa gw sama gojek, mending hapus ajalah nih apk,",1
good,5
banyak driver yang gak mau ngerasain pesanan tapi mereka gak jalan2 di maps nya .. atau sengaja biar customer nya yang ngebatalin,1
"Driver Gocar pada gak jelas, pada ga niat kerja. tiap mau pesen gocar selalu ada drama dapat driver tapi diem di tempat sama sekali gak gerak, sering juga gak ada konfirmasi apapun bikin penumpang cuma menunggu planga-plongo doang.",1
Driver yang tidak kompeten saya kasih bintang 1,1
bener bener andalan tiap pergi,5
"sofar so good, the best gojek 🫡",5
mantap,5
"ternyata gojek sdh pakai DC yg meneror konsumen karna telat bayar gopaylater 1hari ya,padahal bukan disengaja tidak membayar,krn gaji telat masuk jadi telat bayar langsung neror",1
"Ongkir sangat mahal meskipun dapat promo tapi diakalin seolah-olah promo. harga ongkir 12 Rb - 15 RB+biaya langganan 2 RB di kasih promo dengan total 11 rb untuk order makanan, itupun promo yang di beri oleh resto. trus aplikasi ngasi promonya dari mana?",1
mantap,5
di daerah masih susah dapet driver,4
BAGUS PELAYANANNYA MANTCHAAAP,5
loadingnya lama,2
promonya the best,5
sangat membantu,4
ya bagus,4
good,5
eh pls mau promo,4
"Bagus pelayanannya, next update GPS-nya jangan bikin ruwet penjemputan kasihan drivernya muter² nyari posisi kita",5
"pengiriman makanan semakin lama, meskipun cuma pesan makanan kemasan. keterangannya mencari driver. tambah driver kalo memang tidak memadai drivernya, jangan bikin kecewa pelanggan. dulu tidak seperti ini, kacau sekarang",1
"Mudah di akses, pelayanan cepat",5
"Pesan makanan di gofood pakai voucher. Tapi saat dipesan malah voucher nya tidak terpasang, gak ada potongan sama sekali. Aplikasi kok ngebug",1
"mantap, terbaik",5
"pengalaman saya selama menggunakan aplikasi gojek, yaitu : 1. driver nya seru. 2. notifikasi dari gojek pasti selalu asik. 3. driver ramah, baik & sopan walaupun kadang ada driver yang cuek tapi tetap mengemudi dengan baik juga aman. 4. dan alasan baik lainnya. terimakasih gojek, sukses terus ya 😄🙏🏻",4
kok g bisa di aktifkan yaaa,1
"Good, tapi cara buat hapus akun karena nomor sudah hangus bagaimana ya? jadi OTP tidak bisa dikirim karena otomatis WA dan SMS dari kartu yg lama sudah tidak dapat menerima, semua persyaratan untuk hapus akun sudah terpenuhi.. hanya kendala di kartu yg sudah hangus saja, mohon bantuannya",5
Gojek saya eror Tidak bisa tandai lokasi dan tidak bisa membeli gogames,4
aplikasi terbaik sangat membantu,5
"apk bru diupdate mlh jdi bnyk bug🙂bug lokasi driver tidak sesuai,gocar yang sdh diksih rating mlh msih muncul smpe ksih rating 3x msih ttep muncul blm dirating,kirain mslh jaringan tpi bskny msh kena bug didriver bru dan gbisa diksih rating ktutupan bug smlm terpaksa hrs teken batalin booking,maaf buat drivernya pdhl mau ksih bintang 5 tpi mlh gbisa udh berulang buka tutup apk ttp ngebug,sblm batalin booking lupa cht dlu soalny panik dluan jdi lupa cht buat mnta maaf,maaf ya pakk mhd zahid🙏😞",1
mantap,5
parah banget kalo udah musim hujan. susah bgt dapet driver sampe 2 jam. di batalin gak bisa. cuma gerimis pun sama. padahal aplikasi shopeefood mau badai juga tetep cepat dapat driver.,1
lebih mudah berpergian tidak ribet dan terjangkau,5
mantap👍,5
"gojek sekarang kalau pesen goride suka dapat driver yg jauh padahal saya pesan yg reguler bukan yg hemat kadang kalau saya tidak jadi berangkat kok tidak bisa d cancel ya biasanya juga bisa?, terus di aplikasi kadang tertulis driver sedang mengantarkan padahal saya sama sekali belum naik, tolong dong diperbaiki lagi sistem nya ya saya pengguna setia gojek kalau begini terus dgn berat hati saya akan ganti ke aplikasi lain terimakasih",2
"udh bagus , tapi gofood gabisa cod",3
"tolonglah dengan sangat agar dapat memberi filter pilihan pengemudi yang merokok dan tidak, soalnya kasus saya, rupanya dalam mobil masih sangat bau asap rokok, lalu istri saya yang menderita paru2 jadi kena imbasnya, tolong di buat filter pilihannya, tinggal di tambahin doang sangat mudah, gampang, pengguna dan pengemudi pun jadi sama2 enak, trimakasih",3
pesan makan sampai 2 jam ga dapat2 driver nya..kita ga bs cancel di tahan trus sampai lama sekali...klo memang ga ada driver nya harus nya customer nya di ksh pilihan cancel dlm bbrp menit jgn di tahan sampai 1 jam an...,1
bilangin sama driver gocar lu ya. tolong pakai bahasa yg sopan. kalau bayaran murah jangan salahin saya itu semua dari pihak gojek. knp saya yg di marahin karna harga murah. nyesel gua pake gojek,1
suka kesell klo dpt gocar jauh jauh tidak di respon heuhh😵😵,5
ok,5
ok sih,5
"saya merasa kecewa sekali dengan GOJEK tanggal 30 nov saya pesan gofood sampai dua jam ga dapat driver saya cancel gak bisa padahal makanan belum di siapkan karna ada keterangan makanan akan di siapkan setelah dapat driver jadinya ngegantungin orang kalau kaya gitu mau order di aplikasi lain takut di proses pesanan saya sama gojek, dan yang bikin saya gak suka gojek tidak MENERIMA KOMPLEN karna customer hanya di persilahkan menjawab dengan jawaban yg sudah di sedikan sistem..",1
sippp oke...,5
nunggu satu jam baru bisa batal gofood kalo ga ketemu driver,1
bgus,5
Driver suka tiba2 ganti,3
gk pakai nunggu lama...gercep👍,5
"efek radius pengantaran food ditambahin dari maksimal 2 km menjadi 3-4km sedangkan ongkir tetap 5000 belum lagi jarak jemput ke resto, akhirnya banyak digantung sama driver lalu cancel otomatis. pelanggan nunggu sampai 1 jam lebih malah di cancel. kecewa sampai ke ubun ubun. makanya jangan Maruk bos jadinya banyak yang ngeluh kan lol",1
saya senang sekali menggunakan aplikasi ini karna sangat mudah,5
"sangat membantu saat mendesak, dimanapun kapanpun",5
"menunggu drivenya lama, terlalu gacor",1
"bagus.. berfungsi.. tapi sangat menjengkelkan karena banyak jebakan perlindungan, garansi, dll. tidak bisa dimatikan permanen selalu hidup otomatis.",3
"saldo gopay selalu gaada hilang, tiba tiba ada transaksi gojek plus 30 days otomatis, sudah 2x pdhal ngga berlangganan",1
"pelayanan masih tetap bagus, goodjob",5
saya cukup puas dengan layanan gojek ini...,5
dari jakarta ke Sukabumi bisa ga naik gojeg,5
👍👍👍👍👍👍👍👍👍👍👍👍👍👍👍👍👍👍👍👍👍👍👍👍👍👍👍👍👍👍👍👍👍👍👍👍👍👍👍,5
"pake paylatter telat sehari karna lupa denda 50k. sempet di telfon sama pihak paylaternya tapi ga kasih tau soal denda, ini sih lebih parah dari lintah darat ya, padahl sebelumnya cuma 5k denda ini 50k, sian gojek. udh gamau pake gojek lagi",1
sangat suka,5
"secara pribadi minesnya cuma auto pake gopay aja, karena? karena buat hal-hal tertentu e-money yang ada dalam saldo saya berguna untuk pembayaran lain, kalau hanya untuk memesan ojol, makanan, dll saya harap jangan dibuat otomatis ke gopay karena ga semua orang waktu mau pesen apapun itu secara tenang, ada juga yang buru-buru",4
okkk,5
mantap,5
good,5
"ok banget,sangat membantu dan praktis",5
makin lama pelit sama voucher,1
"Ada oknum driver melakukan/menerima yang bukan haknya. Saya menerima orderan paket dari langganan(gosend),pada saat barang sampai,si penerima paket memberikan ongkir+tips dan uang bayaran paket yang seharusnya buat saya,(yg order mengira driver sdh byr paket kpd pengirim),tapi uang (tunai)itu diterima begitu saja. begitu saya melakukan penagihan kpd yang order,dia dan saksi lain mengatakan SDH byr ke driver uang tunai Rp.100.000,. Pengaduan saya ditanggapi sepihak oleh CS gojek.",1
saya sangat terbantu dengan aplikasi ini,5
"Sudah lama menggunakan aplikasi ini, banyak membantu.",5
pelayanan yang sangat baik Abang ojol nya ramah,5
HAPUSKAN LOGIN MENGGUNAKAN KODE OTP YANG DIKIRIM MELALUI ALAMAT EMAIL TERDAFTAR!!!!!!!!!! ITU MEMPERSULIT KAMI LOGIN KEMBALI APABILA ALAMAT EMAIL KAMI YANG TERDAFTAR SUDAH HILANG!!!!!,1
ok makasih gojek manfaat buat saya penguna baru,5
aplikasi sampah potongan doang gede..pelayanan nya buruh..banyak driver minta uang tips,1
"untuk para cs cuman mau ngingetin tolong untuk pembayaranya pakai tunai kalo GK punya tunai mending bayar transfer ke driver langsung, soalnya kalo kalian bayar pake gopay uang tidak bisa di nikmati oleh driver🥲 pengalaman saya sebagai driver uang gopay saya tidak pernah bisa saya tarik meski potongan 20% dari penghasilan saya sudah lunas",5
"Buat para pelanggan Gojek yg baik hati dan tidak sombong, saya sebagai pelanggan dan juga sebagai driver, menyarankan kepada para pelanggan , kalau kakak² order gofood dalam jumlah yg banyak , sebaiknya pakailah mode pembayaran tunai, karena kami sangat senang ketika mendapatkan orderan tunai. trimakasih.....",5
"pernah lupa KLO punya cicilan di gopay later , dan itu hanya 39.000 . waktu itu japo dendanya gila 50.000 . pdhl jarang pakek juga , gak lagi pakek. apk ini .",1
pesanan cepat & mudah,5
pengaduan masalahnya SANGAT PAYAH,1
lama amat dpt driver gofood nya udah 30 menit lebih ga dapet dapet,1
"ongkir diGofood nya makin mahal, harga makanan dan ongkirnya mahalan ongkirnyaa. makin kesini makin tidak nyaman!",1
"gopaylater menyediakan bayar cicil tp gitu digunakan gopaylater saya di review, klau gk bisa di cicil knp di sediakan menu cicil.??",2
mantap gojek,5
rugi banget pake gojek plus juga. yang ada cuma ngabisin uang sama aja kaya gojek biasa.,3
terimakasih,5
aplikasi busuk masa mau mesen gojek akunnya ada bacaan di blokir padahal gua merasa gak ada kesalahan saat pemesanan tolong perbaiki lagi aplikasinya,1
pesan gofood lamanya minta ampun,1
dengan ada gojek sangat membantu,5
Terimakasih telah memudahkan kehidupan ini,5
aplikasi sangat membantu,5
gajelas untuk fitur verifikasi akun google sama delay lemot,2
nicee,5
dari dulu paling suka kemana mana pakai gojek mempermudah dalam transportasi 👍🏻👍🏻👍🏻,5
draifernya amah cepat ekonomis,5
susah banget dapetin ojek buat Ngnter makanan,1
Pertahankan bila service sudah memuaskan,5
"tetap maju , aplikasi nya",5
"Aplikasi gk kepake kalau hujan, susah cari driver, sekalinya ada jauh banget. Gk rekomendasi",1
"mau cancel makanan mala ga bisa padahal jelas² ga dapat driver mala suruh saya tunggu 1 jam ❗ , cs tidak bisa di balas secara pribadi adanya hanya menggunakan kataan kataan yg sudah di setting menurut saya itu tidak guna , dan saya sekarang sangat emosi karna layanan ini membuat saya asam lambung❗",1
sudah gampang masalahnya negosisasi nya diluar nalar voucher sudah dipakai tetap lebih dari 7000 harusnya malah menjadi 20 000 apa apaan ini,1
"kecewa berat udah pesan, lama nemu nya, setelah nemu di batalin 2x",1
mantap gojek,5
"gak jelas selalu di tolak padahal pembayaran lancar, kalau gak mampu gak usah php ngasih pinjaman dana !",1
Alhamdulillah good,5
"1 jam nunggu ga ada Gojek yg mau jempu padahal banyak Gojek Sliweran di trima di batalin gitu aja Trus Ini Monsep Tabanan Kalo Gitu Ga usah Ngegojek Kalo pilih pilih Pelanggan Saya bayar selalu Tunai Ga pernah Pake Gopay, ada Lebih Saya Kasi lebih",5
sangat susah pesan gojek,1
"nyari driver Gofood lama amat, padahal pake pengiriman cepat masih lama. inituh udah sering nyari driver Gofood lama amat, sampai berjam-jam eh udah nunggu lama, malah dibatalin pesanannya. keburu kelaparan, mending kalau dikasih makanan gratis dari gofood.",1
susah cari driver klo lgi hujan..,1
Semoga dirumah jg bs gojek amiin,5
tidak bisa hapus akun,1
jelek,1
"malesin banget klo habis hujan ga pernah ada driver yang mau ambil orderan gofood, padahal jarak dsri resto ke rumah ga sampe 800m sepi orderan pada mgeluh, ada orderan manja gamau ambil karna habis hujan",2
enpat dulu jika pelayan bagus di tambah,4
sediakan tol dan no tol untuk pilihan penumpang..,1
"lama banget nunggu orderan, sekarang pada malas drivernya pada gamau ambil orderan. udah tutup aja aplikasinya sekalian jelek banget",1
sistem apk dan driver nya pada jelek ada driver yang dekat tapi ga mengambil orderan karna hanya metode hemat,1
lama bgt dapet driver,1
susah banget nyari driver nyangkut mending make apk sebelah,1
"ini aplikasi membantu banget, banyakin potongan harganya yak",5
aplikasi andalan,5
lebih gampang pesen makanan dan sering2 kasih disc ya syukur 2 ada free ongkir,5
aman dan cepat,5
membantu,5
ramah,5
mempermudah transportasi,5
aplikasi keren,5
bosok,1
"baik semua nya, Driver mudah"" ada rezeki yg lebih motor nya bisa ganti,",5
"kenapa gojek sekarang drivernya malas malas, hampir tiap hari pesan makanan, tapi driver nya lemot semua 🥲,",1
selalu bermanfaat untuk saya dah gitu banyak voucher Alhamdulillah puas,5
tolong.kepada.pihak.aplikasi.go.ojek.map.tlong.d.benarkan..jangan.jalan.perlahan.2.kaya.keong.bikin.drever.bingung.menggunaya.tlongsor map.kembalikan.seperti.dulu.lancar.drever.pun.mudah.menggunakanya,4
mantap biarpun agak mahal,5
Bagus,5
gojek bagus... hanya saja agak susah dapetin driver... driver nya suka ngeluh kejauhan buat jemput... suruh di cancel Mulu sama driver nya...,5
bagus,4
tolong hadir kan gojek di marabahan kalimantan selatan 🙏😭,2
bagus,5
bagus,5
tadi saya gk mau kasih bintang tapi karena di haruskan bintangnya 1 aja.. maap kenpa tidak ada bintang karena gojek sekrang kacau beda dengan dulu.. Saya dulu sering order di resto yg bisa di bilang jauh bisa tapi sekarang tidak bisa.. Saya kecewa dg gojek yang makin ke sini makin tidak memuaskan 🙏 saran saya tolong kembalikan gojek yang dulu jika tidak ingin kehilangan mitra dan bnyak nya pemakai apk gojek..,1
"buruk drivernya nolak Mulu kalau hujan hhhhh,tolong dong drivernya suruh komplit fasilitas seperti jas hujan 2 tidak bisa buat aplikasi pendukung banget.walaupun bukan musik hujan tolong bawa terus jas hujannya",1
terima kasih Gojek,5
oke,4
cepat dan hemat,5
👍,5
top markotop,5
jos,5
kenapa minta upgrade trus,1
good,5
sangat berguna bagi masayarakat yang tidak mempunyai kendaran,5
sll pake gojek karna cpt dpt drivernya,5
"Rekomended, pelayanan nya baik poll.. makasih gojek",5
"aplikasinya GOMART jelek bgt,blanja ga bisa milih tokonya dimana?selalu ZONK kalo blanja di gomart dikirimnya jauh2 terus",2
ok,5
Tidak bisa memesan go food padahal sudah diikuti setiap petunjuknya,5
baguss dan memuaskan,5
sangat baik,5
mantap,5
"gimana sih gojek, resto udh lama gk jualan tp msh ada, ksian driver udh jauh k resto trnyta udah gk jualan, cust gk bs btlin driver jg gk bs btlin.. udh tlp cs ttp gk bs, mau cri yg jualan kmna cba, nyusahin org yg lg cri ssuap nsi",1
kasian drivernya tabungan aja d ambil jg sm gojek,1
"Membantuu untuk orang yang mager beli makanan di luar , membantu anak sekolah dan orang lain saat tidak bisa menjemput",5
Baru pertama kali aplikasi ini gunakan untuk memberikan kemudahan secara keseluruhan dan Akurat.,5
"Pengalaman terakhir kurang memuaskan. Saya pesan GoRide untuk jarak sangat dekat, tapi tarif terlalu tinggi dan driver datang lama. Mohon perbaiki sistem tarif dan waktu estimasinya. Pengguna bayar untuk efisiensi, bukan bikin kesel.",1
Tutup aja perusahaan gojeknya Tahun depan gak bakal pakai gojek lagi Sekian trims,1
"aneh banget titik nya sering lari, terus akhirnya saya yg dimarahin driver tlg di perbaiki",3
ok,5
okeee good,5
"Gakjelas, aku cuman cek harga gojek ke rumah malah di pesenin sama apknya mana langsung di ambil gopaynya, mana ga enakan sama abang gojeknya langsung dateng, APLIKASI SOK TAU",1
"Tuh aplikasiny masih ada bug, gmna sih update an ny",3
bingung tidak bisa pinjam lagi,4
cepat tanggap,5
"Saran Jangan Pesen Gocar Di Stasiun Jakarta Kota Di jam 8 Pagi - 2 siang, Dapet driver jauh jauh & lama,, nunggu bisa 30-60 menit, itu kalo beruntung,, kadang di suruh cancel sama driver karena kejauhan jemput,, & untuk gojek, kalo bisa cari driver yg jgn terlalu jauh dari titik jemput, kalo emang gk ada yg terdekat jgn di kasih driver, ujungnya driver minta cancel",3
memudahkan,5
gacor KAng,5
"pelayanan baik. aman, amanah🙏🙏🙏",5
the best kalo ngasih diskon😙,4
"terimakasih untuk para driver Gojek, saya sangat terbantu banget bisa pesan ojek lewat aplikasi tinggal klik aja. apalagi kalau kejebak macet, kan mobil ga bisa tuh cari jalan pintas akhirnya pesen gojek dan sama mas mas gojek nya di ajak lewat jalan pintas, Alhamdulillah sampe tempat kerja tepat waktu dan ga telat.",5
"Harga lebih mahal dari beli offline + pajak + biaya admin + ongkir + biaya aplikasi + biaya bungkus. Harga makanan 20rb bisa sampe 50rb, konyol. Sekalian tambahin nih ""biaya jalan kaki biaya bensin, biaya staf, biaya cs, biaya operator, biaya maintainance aplikasi, biaya macet, biaya nunggu, biaya service motor, uang tip jadikan wajib, dll. 🤣🤣🤣",2
terima kasih gojek,5
good aplication,5
susah banget mau komplain CS hanya robot,1
Gojek membuat hidup lebih mudah 🥰🥰,5
"Mantap, sangat membantu",5
mantaap,5
baik,5
good,5
Good Job,5
membantu,5
sangat membantu ku untuk segala kebutuhan ku,5
lebih murah daripada apk sebelah,5
mantab,5
"Oke banget pake apk ini, cuma aku saranin sering kasih promo deh hehe membantu banget soalnya buat aku kalo misal lagi kepepet",5
top dah,5
Gojek memang mantap,5
good,5
oke,5
baguss,5
bagus dan terjamin,5
"Busuk, lagi buru-buru disangkutin sama driver berjarak kurang lebih 10 km. Dungunya",1
"agak trauma si sama gojek soalnya saya sudah membatalkan driver, dan posisi nya juga saya mau ujian jadi saya buru2 jadi saya di anter om saya tapi saat sampai sekolah malah di TELOPOMIN driver gojek yang saya cancel tadi sampe bilang sya dongo, padahal suda jelas saat saya dirumah tadi Suda saya cancel dan suda ada notif driver dibatalkan. jujur agak kecewa.",3
mantab,5
Sangat nyaman,5
membantu bgt disaat lg bingung atau ngg ada yg jemput ataupun mager masak sendiri,5
👍,5
Aplikasi yg bagus mempermudah semuanya,5
apl ojol terpercaya buat antar jemput anak sekolah.,5
mantul pisan euy.,5
berkah berkah karena memberikan kemudahan disaat dibutuhkan..,5
"Bagus gojek,tp skrg banyak driver yg g sopan",5
terimakasih,5
sangat memuas kan,5
diperbaiki driver yg usia lanjut karna kita membutuhkan keselamatan dlm perjalanan,5
"saya pesan gofood pilih bayar ongkir extra yang datang 35menit, yg akan datang jam set3. tapi stuck di 21menit tulisannya sampai di jam 3 lewat dari estimasi tiba"" cancel otomatis dari aplikasi!!!!!! saya nunggu lama, gda voucher keterlambatan. dicamcel otomatis biar ga ngasih voucher jaminan ya?????? cuma s3 marketing voucher jaminan. datangnya telat!!! saya pesan lagi pakai extra ongkir waktunya malah 50menit!!!! yang mana sama aja sama harga standar!!!!! sangat kecewa!!!! buang"" waktu!!!!",1
"APLIKASI GILA, nunggu gofood 1 setengah jam tiba tiba di cancel gitu aja.terus ga ada kompensasi apapun dari pihak gojek tau gini mending apk sebelah, asam lambung gw dah naik,ga lagi lagi gw pake apk sialan ini",1
suuuiiippp pokoknya deh,5
enakan shopee klw sekarang mau siang atw pun malam driver selalu ada,1
KENAPA SIH PROMO GOFOOD KU CUMA 5. HABIS ITU GAK PERNAH ADA LAGI,3
"ac dingin,bersih dan sangat ramah perjalanan yg menyenangkan pelayanan terbaik, trus dipertahankan",5
"lebih mudah di pahami, kecewa nya beberapa kali dapet driver yang slow respon kadang ngestuck kadang buta map kaya gold lane di warrior, tapi isokey, tetep okeh kok, worth it bgt ges",4
saat pesan makanan googlr map sudah tidak dapat di lihat saat pengantaran.sehingga mempersulit saat mengarahkan abang gojeknya saat titik antar kurang pas,1
terbaik!,5
"jelek ny kalo udah ujan,malessssin",1
"Makin kesini makin ga jelas, titik udah pa sepresisi dulu. UI makin ga nyaman",2
belum sempurna jadi bintangnya 4 aja,4
ok baik,5
tepat dan sigap,5
gojek cakep,5
datangnya cepat draevernya ramah sampainya tepat,5
tolol lama lama nunggu orderan malah di batalin pihak apk di cek ulasan banyak bsget yg ngeluh apaa kaga ada perbaikan jek lawak asli,1
go food selalu di cancel padahal udh nunggu lama. gak rekomend ya gais mending di apk sebelah ^^,1
"kalo abis hujan tarif naik,udh gtu cari drivernya susah,giliran udh dapet jauh jaraknya,di chatt engga dibales,ujung2nya di cancel. kalo abis hujan,mending grab ,gampang cari drivernya.",4
"lama cari driver, padahal driver ramai di jalan jalan",1
saya kasih bintang 3 karna drivernya terlalu milih² saya sudah nunggu hampir 2 jam selalu di cancel sama drivernya padahal tiap pesan gk pernah minta yg aneh² kecewa saya,3
ok,5
mantap,5
"dapat orderan Go-ride selalu lama, padahal sinyal bagus, cuacanya bagus, dan banyak driver di dekatku.",1
"nih kalo seandainya gak bakalan ada driver yang pick-up waktu tunggu cancelnya tolong dikurangi. harus banget nunggu 1 jam baru bisa cancel, udah laper+ngantuk masih harus tunggu cancel. bikin rugi customer dan resto aja",1
"Kacau banget pelayanan makanannya, udah 2x saya di php, udah nunggu hampir 1 jam ujung ujungnya malah di cancel, padahal udah pake yang express juga, hadeuh 😒",1
"Niat makan jam 8nan jam 10 blm juga sampai, harusnya sistemnya diperbaiki lagi kalau terlalu lama blm dapet driver langsung munculkan saja menu batalkannya bukannya di tahan trus sampe dapet. Biar sama2 enak, semoga next lebih baik.",1
ramah kurirnya,5
Best App,5
baik dan Ramah,5
"saya di suruh nunggu driver sampe 1 jam karna ga bisa di batalin, dengan alasan sudah di terima resto pesanan nya trus pas udh nunggu satu jam malah masih belum ada juga, tau ga sih orang lapar trus ga di kasih kepastian, tau gitu dari 15 mnt aja batalin ga usah nunggu 1 jam tp tetep ujung ujungnya ga dpt driver dan harus di batalin juga, saya pelanggan lama sangat kecewa",1
"SUSAH BGT NYARI DRIVER KLO LAGI PESEN MAKANAN, GAPADA NIAT YA???? MANA GBS ADI BATALIN LANGSUNG KESELLLLLL",1
kalo abis hujan+mlm lama bgt yg pick up,3
driver katanya butuh orderan ??? tapi orderan pilih pilih,1
"saya memesan dan baru tiba hingga 2 jam. apakah tidak bisa dicarikan driver dengan cepat, padahal saya tinggal di daerah padat, bukan daerah jarang. sudah beberapa kali terjadi, jadi malas saya makai ini aplikasi",1
"order makanan dari jam 20.10 , baru diterima resto jam 21:00 , mau dibatalin gabisa ternyata dari gojeknya yang delay, tolong saya jadi beli 2 kali jadi rugi uang saya",1
"fitur gofood nya jelek bgt sih menurutku. aku kan ga sengaja pesen ya tadinya pengen langsung aku batalin tp gabisa. oke lah ya aku tetep bakal bayar soalnya payment nya tunai. tapi alhasil apa jadinya? malah dibatalin otomatis sama aplikasi setelah 2 jam padahal aku udah nahan laper sekeluarga. sumpah baru kali ini kecewa bgt sm gojek. usahain lah kalau baru berapa menit pesen mah ada fitur langsung batalin. sumpah kesel bgt mana lagi lapar, lambung saya sampe sakit bgt😭💔",1
mantap,5
susah banget nyari drivernya padahal baru nyobain pake gojek,1
aku gak tau ini salah dari aplikasi gojek nya atau dari resto nya. yang pasti sangat jelek. karena status resto nya sudah tutup tapi tetap tidak bisa batalin pesanan.,1
"Pesan Gofood sampe sejam lebih gak nemu driver, malah temanku yang pesan Goride gak sampe 10 menit nemu duluan dengan waktu pemesanan beda 5 menit dengan Gofood",1
baik,5
Dapat selalu diandalkan,5
dari 2 ijo emg gojek yg terbaik,5
sedikit virus,5
👍👍👍👍👍,5
"gojek kenapa yaa akhir akhir ini setiap pesen gofood susah banget di cari drivernyaa, padahal udah pake waktu yang cepet buat sampe makanannyaa tapi lama di driver, huhuu semoga kedepannya bisa lebih cepet yaaa cari drivernyaa😔",4
"gojek bagus ,ok",5
"kebiasaan kalau pesen go food cuaca ujan sedikit , kalau ga ada driver ga ada solusi buat customer yg nungguin makanan, tolong dibenahi lagi",1
suka jadi transportasi aku 🙌😋,5
saya senang mengguakan,5
"tiap order dapat driver yang jauh dari penjemputan dan sering dapat order yang lagi nganter penumpang lain, pencarian drivernya lama dan lemot.",1
Aplikasi nya tambah parah.... order food aj mesti nunggu satu jam baru dapat driver nya ....,1
"ini driver tiba"" lama nyari nya, padahal saya lagi kepepet buat pameran, di tambah tiba"" ongkod nya naik dari aok nya",1
"aplikasi dungu, batalin gofood aja dipersulit",1
saya menunggu makanan saya sampe 2 jam uda kenyang nunggu aplikasi macam apa ini,1
gimana si aorang mau pake voucher dulu malah kepencet pesen,1
makin lama makin susah dpt driver,1
"kalo gojek malem jam 7an dilampung susah, drivermah banyak di map gojek",2
coba sendiri deh,5
"saya kasih rating1 karena saat sedang buru"" posisi driver terlalu jauh dan mungkin driver gabisa baca maps makannya keluar jalur terus. dan akhirnya dicancel sm driver jd waktu sy terbuang sia""",1
tdk bagus,1
udh ga ada promo,1
"jelek bgt aplikasi lu kalo LG gerimis bgni. driver bertebaran, tapi muter doang ga dpt dpt.",1
gapernah pas alamatnya kalo kirim.barang alamatnya gapernah ketemu,1
"di map titik driver banyak, tapi lama banget dapetnya",2
bintang 4,4
murah,5
secara keseluruhan udah bagus si. tapi yang paling mengganggu tuh fitur pesannya. delay pesan terkirim nya itu kadang bikin kesel. kasian sama drivernya kalau mau menghubungi. tolong diperbaiki ya 😄👍,4
"memudahkan beli kanan DLL, saat cuaca hujan,saat tidak bisa keluar rumah karena ada tamu atau ada pekerjaan rumah dan hal yang tidak bisa di tinggalkan di rumah.",5
"Percuma jadi pelanggan prioritas, pesan gojek susahnya minta ampun, sekali nya dapet tiba² di cancel mana sampe 5x di cancel, pesan gofood lama 1 jam tidak ada driver yg pickup mending apk sebelah lebih cepat cari driver",1
bagus,5
bagus,5
memudahkan saya buat beli makanan yg lg ga bs keluar rumah,5
"Aman dalam perjalanan Driver komunikatif,ramah, mengantarkan sampai tujuan Mudah diakses. Terimakasih Gojek atas pelayanannya",5
good,5
"saya pesan barang di gomart malah dapat barang yg buruk sudah kotor bau lagi... tolong dong buat Alfamidi kota Jayapura barang yg dikirim itu yg baru dong... bukan mslh mahal atau apa, saya minta BARANG YANG BARU",1
ok mantap sesuai harapan.,5
pesan gocar dicancel terus sama driver nya,1
"aplikasi konyol,orang mau cepat dikasih yang jauh²,dicancel lagi",1
"Driver posisi suka ga gerak, driver sering cancel orderan 👎🏻 mending aplikasi sebelah",1
aplikasi sangat bagus,5
ramah dan baik,5
mantap,5
"tolooooonggggg bangettttt, kenapa gojek tuh susah klo batalin pesanan gofood yang udah jelas""kesulitan cari driver, kaya gini nungguin sampe 1.5 jam baru bisa dibatalin, sangat buang buang waktu!!!!",1
"pesen gojek di jakarta kadang dapat promo terus... giliran di daerah (cianjur) mahal, lebih murah ijo sebelah.. semoga argonya bisa samaan dengan ijo sebelah",3
"Dear Gojek, tlg adain fitur gojek now dong, supaya saya ga ke aplikasi lain, bikin traumatik kalo di satu lagi sikap driernya.",5
"sebenernya bagus kalo gofood. tapi gocar sama goridenya tuh suka gabisa dihubungi, nunggu lama, ujung ujungnya driver minta cancel. banyak yang begitu, dan sering juga...",2
mantep,5
"Aplikasi tidak bagus, IT gojek BEGO. driver mendapatkan orderan gofood jarak 4km lebih, mau di jalankan malah tercancel system 👎👎👎👎👎👎👎👎👎👎👎",1
mantap bgt,5
👍,5
Good,5
bagus,5
semua nya mudah membuka akun nya tdk ada kesulitan,5
"sampai saat ini saya menggunakan apl gojek cukup baik dan terbantu, makasih ya",5
tepay waktu pengiriman,5
"kecewa belanja gofood, lebih besar ongkir dari pada biaya pesanan. sungguh sangat kecewa. dan pihak gofood selalu menaikkan harga tidak sesuai, dan selalu minta maaf saat dikomplain. miris banget",1
"wkwk, klo udah pesan lebih dri beberapa menit ga bisa dibatalin,, ehh kalau resto bisa ngebatalin se enak nya wkwkwk saya udah nunggu lama lama tpi dibatalin? buang-buang waktu saja, kalau emng g bisa kan udah, jangan diterima, 30 menit loh saya tunggu nya uang bisa di refound. tpi waktu g bisa🤣",2
"driver selalu dpt yg jauh , gofood nya chat booth dengan jawaban yg itu itu aja . tidak ada solusi lapor pakai fitur bantuan",1
bagus,5
"woii plss nonaktifin double order, gw nunggu gofood lama bgtt sampenyaaaaa",1
aplikasi nya jelek driver nya gak ramah,1
public riding service without hustle,5
"memudahkan aku kalo mau pergi tapi gaada yang anterr, baik",4
"aplikasi nya makin lama makin ngelag, order go shop tapi GK bisa, katany terlalu banyak tekan, pesan gofood udah 1 jam gak dapet drivernya, belum lagi nganternya pesanan mau makan jam 12 bisa makan jam 14 siang lewat",1
"Aplikasi yg sangat bagus sekali, terimakasih.",5
ok,5
nice,5
bagus,5
nyaman,5
"pencarian driver saat pesan gofood lama, terus di cancel gak bisa. jadi kalau mau beli yang lain takutnya malah udah dapat driver, mau di tungguin kelamaan apalagi pas lagi keadaan laper. kesel sih sama sistem gojek, jadi tidak efektif dan efisien secara waktu. dan selalu begitu. bad experience..",1
bnyk promo nya,5
Aplikasinya terjamiiin,5
"Sering sekali titik tida sesuai dengan yang dipencet. Jelas-jelas mencet rumah, larinya kok ke tempat kerja. Belum lagi sering dapat driver yang posisinya jauh dari lokasi.",2
"Penggunaan apps nya mudah, Mungkin dibanyakin promo ride dn carnya u/ pengguna GoPay..",5
sangat membantu,5
luar binasa,5
aplikasi mudah dipahami,5
mudah dalam mencari driver,5
"bagus,ok",5
"memudahkan aktivitas,sederhana dan mudah di gunakan",5
sangat membantu,5
sangat membantu,5
Oke,5
ganti driver sampai 3x ini emang sistem gojek nya atau drivernya yg pada sombong cancel orderan sih... aneh,1
sangat berguna bagi kami,5
baik,5
dreiver ramah,5
kereen,1
"udah bertransformasi jadi pemungut pungli lewat biaya sewa aplikasi, msh tetap aja jadi perampok ongkir. Customer bayar ongkir gofood 14.000, tp yg diterima driver cuma 5.000. semoga gak lama lagi tutup nih aplikasi cuma memperbudak anak bangsa sendiri.",1
"untuk aplikasinya sangat jelek sekali, SDH titiknya kadang tidak tepat, td PD saat sy salah titik driver Sruh edit titik tdnya bayarnya pake goride hemat 9500 pas ganti titik JD 17500 pdhal msh goride hemat. sampai t4 tujuan jdnya 20rb di aplikasi drivernya padahal di aplikasi saya msh 17000, sangat amat mengecewakan",1
semoga selalu amanah dan sukses selalu..,5
"limit di blokir sudah hampir 5bulan dengan alasan tidak masuk akal, pembayaran tidak pernah telat.rawat limit dari masih 400rb sampai sekarang dah dua digit.tapi diblokir,perhari ini saya tutup aplikasi gojek dan tokped.",1
bagus banget,5
saya tidak bisa menekan tombol bayar pada halaman pembayaran gopaypinjam!,1
mantap,5
pake gojek plus kirain bakal dapet Potongan padahal sama Bae malahan kaya lebih mahal harga dimahalin biar keliatan kepotong harga sama kaya apk lain kalau ga diskon. Rugi juga pake gojek plus mendingan gausah sekalian ga guna,2
bagus suka ga lelet,5
Membantu sekali,5
"INI KENAPA GA BISA LIAT MAP DRIVER UDAH DIMANA? NYUSAHIN TAU. UDAHLAH RESTO DELAY NYA LAMA, TAMBAH LAGI GA BISA LIAT DRIVER UDAH SAMPE MANA. GA JELAS",2
semoga paylater ku segera bisa di aktif kan,5
"yokk colll karena cepattt darderdorrr gojek anti gedorrrrr yokk coll tarekkkkkkk,",5
mantap,5
berguna dan bermanfaat,5
sangat memuaskan,5
"sy kecewa dengan layanan gojek, kita pakai harga antar flash (tarif tinggi) saat gofood tetapi jika terlambat tidak ada kompensasinya bagi customer",1
cukup membantu untuk transportasi dan pembelian makanan saat sedang repot.,4
terimakasih banyak 🙏,5
sangat mudah dan nyaman,5
oke,5
ok,5
ok,5
enak banget,5
tolong dong jarak jemput resto jngan di kasih jauh2,5
oke,5
"saya bingun bukan tambah bagus malah tambah parah , driver bisa dapat sampai 5km ke atas",1
terima kasih gojek,5
"drivernyea sangat ramah n sopan,,,sampai nganter aku karnaval,,makasih",5
lama ajg apk nya,1
semua mantap,5
"ingin komplain perihal oknum driver sangat susah sekali, call center tidak dapat dihubungin, lapor via email tidak direspon, melapor lewat aplikasi di jawab oleh bot lalu mesti lapor kemana, barang saya dibawa kabur oleh oknum driver",1
baru kali ini order makanan. dan tidak diberikan kepastian proses pemesanan dr aplikasi hanya karena belum dpt drivernya. mana estimasi 1 jam lebih. mau dicancel bilangnya makanan udah diproses. diajukan laporan tidak membantu. dan berakhir saya tinggalkan tidur dan ternyata makanan bisa di proses dan sampai ke rumah saya. saya tidak enak dgn drivernya yang sudah menunggu lama apalgi kondisi sudah tengah malam. makan pun rasanya tak selera. tolong harus di evaluasi lagi keakuratan aplikasinya.,1
percuma ada saldo paylater TDK bisa di gunakan pdhl 5 HR sebelum jatuh tempo sudah di bayar telat 1 HR 50rb apk payah,1
keren,5
terbaik,4
sampai detik ini sangat membantu,5
sangat menyenangkan,5
pesan gofood telat lebih dari 1jam tapi gak dapat kompensasi,1
good,5
"kok sekarang saat driver mengantar makanan, nggak tampil petanya? kita jadi nggak bisa pantau driver sudah sampai mana",4
ok,5
"gojek tolong ya.. ini aplikasi kalian yg gojek ,gojek plus,gopay smua kok pas saya mau bayar pinjaman ga bisa2 sih.. sy ud klik bayar berkali2 tp ga respon.. padahal hp saya fold 7 loh.. ga mgkin troublenya d hp saya kan?? sy ud cb tlpon call centre.tp tetap aja.aplikasinya bgitu.. sy ud install ulang jg sama",1
banyak yg gak mau ambil orderan dibatalin mulu,4
masih agak lelet. untuk kemudahan sudah oke.,4
aman nyaman amanah,5
sangat membantu,5
ok,3
"no rekomen, sulit dapat driver👎👎👎👎👎👎👎👎👎👎👎",1
"aplikasi bagus hnya sayang klo gofood, mau makanan apapun itu pasti 1 jam trus suka tiba tiba di batalin lgi. nunggu sejam tiba tiba di batalin, cendol aja du bkin sejam, aneh",1
memudahkan dalam bepergian,5
",👍👍👍",5
👎👎👎 tidak dapat driver setelah 1 jam menunggu,1
"gofood udah sejam nunggu smua driver sibuk, mengecewakan",1
APLIKASI YG SNGT MEMBANTU,5
saya dapat pelayanan buruk ojek bicara kasar tidak pantas,1
kecewa sama pelayanan gofood nya. tiap kali pesan selalu telat ...paraaaaah,1
tolong pihak gojek klo bisa kita bisa mengirim pesan ke retoran apa soalnya saya memesan kfc sdh dri tdi ada 1 jam ndda dapat driver saya mau batalin nda bisa jga,1
mantap,5
ok,5
"Driver tdk bertanggung jawab, tidak membalas chat saat dihubungi, sesukahati membatalkan order setelah pelanggan menkonfirmasi dan menunggu lama.",1
terbaik👍,5
sumpah untuk GO-FOOD kurang ajar.. benerin sistem nya masa gk ada ojolnya kita gk bisa cancel sedang kita buru² pas kita diluar baru ada ojolnya lah kita Khan gk enak.. masa kita pesan baru ada 1.5jam dapat ojol belum kita hrs nunggu proses pengambilan dan pengantar.. makin kesini gojek aplikasi nya parah,1
ongkir mahal,1
"untuk area makassar, pakai gofood, kamu bakal jamuran menunggu orderan itupun kalau ada drivernya.. parahh",1
lebih tenang,5
bagus,5
aplikasi tdk dilengkapi biaya parkir dll,3
"pesan makanan gak dapat driver, mau di cancel harus nunggu sejam, setelah 50 menit menunggu buat dicancel malah dapat driver, otomatis jadi gak bisa di cancel, mohon kedepannya waktu tunggu cancel dikurangi 15-30 menit saja. karena sangat merugikan waktu",1
nyari aplikasi keluarnya go Jek mulu njir,1
"beberapa kali pesen makann selalu cancel gara2 ga dapet2 driver, padahal tingga di bandung kota -_-",1
"iklan nya banyak sekali, udah harga barang nya di mark up ditambah lagi banyak iklan",1
MANTAP!!!,5
kenapa sekarang GoCar rute nya mesti lewat tol sih? rute jalan biasa gak bisa ta? kok stiap order GoCar di Arahkan lewat tol... gimana sih? jujur ya aku gak suka lewat toll. gimana cara setting biar order GoCar gak di liwatin tol sama driver?,1
"Banyak driver pemalas gk mau ambil order, banyak alasan gk mau antar.",1
Kembalikan telepon CS.... Klo ada kendala trus penyelesaian pake sistem malah sangat menyusahkan dan tidak memberikan solusi,1
"Mohon perbaiki fitur ""Ubah Profil"" terutama bagian email: sudah lama memiliki akun Gojek tetapi masih menggunakan email lama yang akunnya sudah tidak aktif, ingin diganti namun posisinya tetap ke email lama terus yang sudah non aktif, mohon perbaiki sistemnya!, bikin kesal sj ganti gagal Mulu!",2
"driver sulit didapat u pengantaran makanan, tidak bisa dibatalkan, disuruh menunggu 1 jam 15 menit setelah pemesanan baru bisa dibatalkan dgn alasan sambil menunggu batas waktu sd 20.46. mau makan aja susah..peeut jelas sudah lapar hanya karena snk gojek.",1
Nice app 😎,5
Top,5
mantap,5
oke,5
Kalau hujan susah cari driver,3
Good Job,5
cepat murah dan berkualitas,5
sangat terbantu,5
sangat memuaskan,5
"saya ada langganan gojek plus 3 bulan tapi mulai bulan depan ngga mau lanjut langganan otomatis lagi, giliran mau dibatalin malah error sampe berhari hari ngecek batalin perpanjang langganan tetap ngga bisa, maunya apasih? tolong dong fitur perpanjang langganan otomatis tu dihapus aja, bikin susah kalo error gini👎👎👎 ngehubungi cs juga ga bisa, payah",1
"aplkasi ga guna, ga bisa cancel, masa gojek dr jrak jauh hrus terima aja? mau cancel ga bisa..bner² ga guna, trus sk tiba² pencarian otomatis aplikasi nya, pdhl udh ga order sma sekali..tolol mana ga bs cancel kasian driver nya bego, org udh ga order tiba² otomatis pencarian tolol",1
mantap banget ni aplikasi,5
useful,5
Alhamdulillah praktis dan cukup terbantu,5
"So far so good,hargai karya anak bangsa.jangan cuma bs komentar yg jelek2, kalau mau ngeluh lgsug di cust care aja.belum tentu kita bisa seperti nadiem makarim. Apresiasikan dukungan kita buat kemajuan bangsa..",5
Aplikasi jelek. Tidak ada cara ganti email. Email lama lupa. Tidak bisa login lagi ketika sudah lama tidak menggunakan aplikasi ini. nomor hp terikat dengan satu email yang sudah lupa jadi gak bisa lagi login.,1
dabes banget pokok nya,5
josss gandhoosssss,5
"selalu baik2 saja .aman digunakan selalu terjaga.renxana ingin jadi mkntra gofood...tapi saya gopay pinjam kenapa ditolak,pada swlalu lancar pembayaran",5
menyenangkan,5
pelayanan cs kurang memuaskan,1
"Memuaskan ,Dravernya ramah-ramah",5
lama x dapat driver jaran,2
"baru pasang titik antar - jemput di goride, aplikasi otomatis mencari driver. kalo pelanggan belum pesan, jangan sembarangan cari driver sendiri, dibatalin gak bisa. PEMAKSAAN. Mau batal pesanan gofood karena kode promo blm terpasang juga gak bisa. bisa-bisanya pesan otomatis & persekian detik sudah gak bisa di batal. dimarahin driver tu gak enak tau. PEMAKSAAN. sudah chat CS, yg bales robot, dgn jawaban yg selalu sama (format komputer) coba hargai hak pelanggan.",1
"Drive baik, sopan santunnya luar biasa, pertahankan",5
apk nya lancar,5
di cancel 3 kali nunggu berjam-jam tanpa keterangan.,1
memudahkan jajan pas lagi mager,5
bagus srlama ini selalu puas oleh pelayanannya,5
ok mantap,5
Aplikasi oke dan bagus untuk di pontianak,5
cepat dan ramah,4
terlalu besar poyongan buat driver,3
ini bagus banget driver nya pada ramah lo,5
"min tolong perbaiki lah transaksi gopay go pulsa ,transfer nya ko bentar2 eror bentar2 g bisa transfer. dulu gojek bagus sekarang jelek banget serba susah ,giliran laporan pengaduan banyak pertanyaan ujung2nya mohon maaf atas ketidak nyamanan kami",1
mantap,5
"Gara-gara gojek plus duit saya otomatis terpotong! padahal saya yakin tiap beres langganan langsung saya batalkan lagu tapi anehnya langganan ini otomatis aktif sendiri dan ya akhirnya otomatis ke ambil tuh saldo, gini banget cara mainnya. Gada manfaatnya mau langganan gojek plus, yakinlah nyesel banget! keunggutan cuma bisa diambil sekali, astaga gini amat!",1
mantapppppp,5
membantu,5
tidak ada menekan pembelian tapi makanan terpesan sendiri. pilihan untuk membatalkan pun gak ada muncul. Bagusnya ada tombol untuk pembatalan dengan waktu 1 menitan. Biar kalo seandainya tidak sengaja ketekan bisa langsung dibatalkan,1
Sangat memudahkan dalam transportasi dan kebutuhan makanan dafakan,5
kalo bisa layanan goofod dimurahin biar rame,5
LOUVVV BGT SMA GOJEK.. pkkoknya best,5
Ok,5
mantab Smua jdi lbih mudah dgn gojek/gofood,5
"Udah ditunggu satu jam, katanya makanan dah disiapin, tapi tulisannya makanan disiapin begitu dapat driver, udah ditunggu hampir sejam masih ga jelas kabarnya, mau cancel malah gabisa. lain kali ada dulu dong drivernya baru pesanannya dibuat, kalo gini waktu pelanggan yang terbuang",1
jos gandos,5
mantap..,5
jelek ga ada angin ga ada hujan main di cancel aja orderanku👎,1
"gojek skrng susah kli buat dapet driver ny, makin lama apk ny gk jls",1
oke,5
guys ada defect minor wording di section gofood yaaa ceki2 aja,5
oke,5
mantap,5
ok bgt,5
alhamsulillah driver amanah,5
sangat membantu,5
"lapor ketua, panik gaaa panikk laaahh masaaa engggaaa hahaaaa udah up terbaru biar selamet dunia akhirat hahahhh,,,,",4
ongkir gofood mahal bet,1
"update info terbaru : driver gofoodnya lama banget ngga dapat², lalu untuk pembatalan gofood nya lama banget, hampir 1 jam nunggu baru bisa di batalkan, lama banget nahan lapar, terus ngga dapat driver gofood nya.. Mapsnya ngawur... Jalan buntu banyak rumput malah di jadikan maps buat driver.. yg ada putar balik lah drivernya bikin tambah lama..",1
bgusss bngettt bnykkk promonya lagiii,5
KK ini gimana kenapa akun goppy saya beda saat maw teransaksi,5
Alamat tujuan suka ganti sendiri mau gamau jadi lebih mahal 😡,1
Maps nya di akuratin dong,4
bagus,5
untuk laporan pengaduan customer terlalu bertele tele dan saya blom ada solusi atas kendala saya yang ditipu driver,1
"mantap gojekkkk,,,jaya slaluuu",5
Easy,5
"Gojek, mohon diperbaiki realtime saat pemesanan gofood ya. karena pesanan sedang diantar tapi tidak menunjukan maps tracknya. jadi tidak terhitung waktu telat pengantaran. saya jadi bolak balik keluar rumah untuk memastikan driver sudah sampai atau belum.",1
klo kejkt masuk yg byr nnti penumpang atau draiver,1
ok banget,5
bagoooosssss,5
"skr ngga jelas car driver gocar ini laju2 dan tdk sopan , mobil bau rokok , lalu mobilx ditempelkan sticker aplikasi merk sebelah yg memang bnyk driverx ngga jelasnya, mohon untuk dicek pak car drivernya lokasi balikpapan",1
"mudah dipakai.., dan murah",5
oke bagus,5
oke👌,5
setelah 2x update terakhir kok malah aplikasi jadi berat dan lemot ya? sering tertutup sendiri juga....jadi susah Makai nya.,2
mantab,5
"sekarang pesen gocar minimal harus 30 menit sebelum berangkat drivernya lelet"" banget sumpah kemarin sampe nunggu 1 jam coba bayangin ga nyampe' padahal titik jemput ga terlalu jauh dari posisi driver di chat ga di baca tapi ga mau di cancel aneh. perbaiki lagi drivernya lelet semua udah sering kaya gini ga gerak' giliran di chat baru gerak anehh lelet semua!",4
good pokoknya 👍👍👍,5
keren,5
pake gojek selalu ada promo jadi bisa ongkos nya bisa lbh murah makasih gojek,5
cepat dan lugas,5
"drivernya manja semua, sering tiba² cancel gjlas, slalu g ad uang kembalian",1
harga tarif nya makin hari makin mahal..diskon pun cuma 500perak,2
seepp,5
ok,5
sesuai dengan keprluan,5
pelayanan gojek sudah tidak bagus. saya order gofood jam 01.30 ke resto yg 24jam dan penyajian nya cepat. masa 2jam saya baru dapat driver. tolong perhatian nya ke pada pihak aplikasi gojek. tolong pelayanan diperbaiki lagi. tks..,1
mantap,5
entahlah apakah driver sengaja tidak melakukan pick up sehingga riwayat transaksi saya tidak tercetak. plat motor tidak sesuai dengan aplikasi dan tidak ramah,1
"Aplikasinya gojek sangat buruk!!! padahal baru bgt beli paketan data, sinyal bagus, aplikasi dihp tidak banyak🙄",1
aplikasi anjenk,1
Gojek memang MANTAP👍,5
ok,5
"halo gojek, untuk gofood dengan kendala tidak dapat driver, durasi 1 jam terlalu lama untuk kami customer membatalkan pesanan. kalian pikir nunggu sejam buat dapat driver, belum buatnya, ngantarnya bisa sampai 2 atau 3 jam?? keburu asam lambung atau pingsan. iya kalau driver gk cancel pesanan, harus nunggu lagi",1
"Cuman 1 yang kurang,titik nya suka pindah sendiri,kedepan nya bisa di optimalkan biar driver gk kesulitan cari titik nya.",5
"pleaseee gojek tolong diperbaiki yaa... akunku tiba-tiba bgt keluar... habis itu pas masuk lagi gak bisa.. udh ngikutin panduannya.. ganti nomer, cek email, katanya lagi pemulihan, udah update yang baru tetep gak bisa. katanya server sibuk... dicoba lagi setengah jam kemudian, ttp aja gak bisa masuk. lagi butuh kayak gini susah emang😭😭🙏🏻",3
good jobs....,5
Terimakasih Atas Konfirmasi dan Vertipikasinya,5
Aplikasi yang mudah digunakan. Detail dalam setiap transaksi.. mudah dalam menemukan lokasi titik antar dan jemput nya.,5
mantap euy...,5
"pesan makanan jam 5 sore sampai jam 10 malam ga dapat² drivernya, padahal cuaca baik dan ga ada kendala sama sekali, hapus aja driver lo yang pilih² orderan, ga berguna sama sekali driver² gadungan",1
"ini kenapa ya sekarang aplikasi gojek ada fitur titik jemput, memyebabkan driver jadi ga sesuai sama titik alamat. dari titik alamat ke titik jemput jaraknya lumayan jika jalan kaki",2
mantap 🫡,5
"aplikasi apaan lah ini, mesan makanan aja 2 jam, aku tadi udah mesan trus nunggu, dibilang lagi disiapkan makanannya, trus udah dapat driver di suruh nunggu, total 50 min kurleb, trus ku tunggu 20 min, malah reset lagi malah dibuat lagi pesananya, elah kacau emang ga worth aplikasi ini, buruk kali mesen lagi 50 menit sampe sekarang masi nyari driver, hadehh next ga bakal mau lagi order pakai gofood, mending aplikasi lain aja lebih fast dan JELAS",1
"fitur perluasan pencarian driver tidak berguna, menunggu 1 jam tidak ada driver, mau cancel juga tidak bisa.",1
ok,5
gimna nih saldo ada 1juta tapi hrus gopay plus sdngkan untuk verifikasi ditolak Mulu.,1
"Alhamdulillah, Jangan Kebanyakan Potongan",5
di delay teros padahal udh yg express giliran udh makan baru di siapin driver nya,5
"Katanya kalau butuh bantuan silahkan hubungi di menu bantuan pada aplikasi. bantuan yang mana? saya chatt yg balas hanya robot. minta chatt with live agent, tidak dibalas sama sekali. saya pesan sekarang, jikalau gadapet driver, aplikasi tetap mencari hingga sejam kedepan. sementara aku buru2. ngecancel gabisa, minta tolong resto cancel juga gabisa. tiba tiba di menit udah hampir sejam malah ada driver,sementara aku udah gk di posisi. parah banget",1
"Kelamaan waktu buat batalin pesanan gofood, harus nunggu sejam buat nunggu driver. Ini udah hampir sejam dan belum juga dapat driver dan ga bisa dibatalin juga, sedangkan resto buatin makanan kalo udah ada driver yg ditugasin. Bisa bisa jam 11 malam baru makan kalo ky gini, aku liat di ulasan lain balasannya cuma minta maaf terus terusan tanpa ada perbaikan",1
aplikasi hanya bisa mengambil data pribadi,1
aplikasi yang sangat bagus dan worth it,5
"Dear kostumer klo ngorder jngan kebiasaan hemat apalagi kondisi macet hujan, kondisi normal gpp dah udh hujan macet ngorder hemat apa lg tunai potongannya gk ngotak...",1
"semakin lama semakin gak ada otaknya kalau bikin pelayanan!!! sedang lapar pun harus dibuat menunggu 2 jam karena terkendala pencarian driver. Pake paket hemat tidak manusiawi kalo pake paket express dapat driver lumayan cepat tapi harga gk ngotak. Makin lama makin tidak recommend, banyak diskon dan promo tidak sesuai apk!! sampah!!!",1
mantap drivernya ramah,5
pilihan tepat buat yg mau cepat,5
sekarang fitur kirim foto di galeri untuk driver saat pesan gofood ngga bisa ya jadi harus foto langsung,2
josss jisss,5
sangat membantu,5
"redirect lokasi buruk. saya tidak didalam gang, di maps didalam gang. aplikasi gajelas",1
fitur chat cs tp ga bisa ngetik,1
sampah,1
Mempermudah akses,5
tolonk ksik kes di tas 200 ke atas saya pkai byr mtor ini,5
sangatt butuhh banget yaa klo untuk anak sekolah apalagi dengan harga yang murah / terjangkau,4
"kecewa, kalo mau mesen apapun harus update terus, dikira tiap orang punya kuota gede apa, tolong ya, kalo mau mesen apa apa ga usah update dulu, tiap update ga ada yang penting, bikin memo penuh aja ga suka bet, mending make grab",1
Terbantu untuk aktifitas & pengiriman. aplg skrg apk nya makin mudah digunakan,5
mantap,5
semuanya jadi mahal 2x harga normal,1
Mantap,5
sangat membantu,4
baguss,5
Ok,5
GACORR......,5
baik dan sangat membantu,5
"ngga bnyak kata, cuman 1 dari semua selama aku pake aplikasi ini. MANTAPPP",5
"Mantappp ojol favorite,,cmn klu pas hujan susah,, gojek buat anter anak ngaji smga pahala nya jg mengalir ke tiap driver nya🤲🙏",5
sangat membantu,5
pesan food lambat,1
"gojek keren. aku sering dpt promo diskon. Gocar, juga Goride. tapi sayang ga ada pilihan untuk top up E-money Brizzi. 💵. Sayang sekali Promo untuk pengguna kartu Debit BCA tidak ada. 😔🏧",5
terima kasih sangat membantu 🙏,5
"gua beli makan n si driver double order, dan double ordernya jauh banget.... gua beli makan di gading dan gua cuma 1 km dari tempat, tapi si driver malah ke sunter dulu buat anter yang jauh... ini aneh banget kan dari gua lebih deket.... dan ini bukan ekonomis...",2
bagus,5
wah luar biasa aplikasi ni. TPI kok saya gagal trus mengajukan paylater wkwkw,5
lumayan da yg anter makan lgi musim hujan,4
"kebanyakan pembaruan orderan kosong blong, kemarin habis pembaruan sekarang udah pembaruan....",1
goodd [edit],5
cari driver buat gofood sekarang susah bgt sampe sejam belum dapet juga,1
lagi order gofood lupa pilih cara bayar trus mau cancel atau ganti cara bayarnya biar ga cash ga bisa padahal belom satu menit dan belom ada driver yg di tunjuk untuk nganter makanan,1
sering bermasalah ketika hujan. tolong perbaiki. atau saya pindah ke aplikasi sebelah,5
selalu memuaskan..jgn lupo perbanyak lagi diskonnya,5
"Saya order goride jemput anak di sekolah dan antar sampe rmh, di sekolah mau nunggu sebentar krn ternyata anak belum keluar kelas, anak saya dianter pulang dg selamat...terima kasih banyak...",5
Oke Lah... 👍,5
jelek mahal mahal,3
"Merasa puas, dengan adanya Gojek ke mana2 gampang",5
FINALLY ITS GOOD AGAIN,5
semoga saya di beri akses gopaylater,5
"saya kasih bintang 1 karna driver untuk pemesanan gofood terlalu lama ditemukan,saya sudah menunggu hampir satu jam tapi belum ditemukan drivernya,dibatalkan tidak bisa.disini katanya bisa dibatalkan setelah 20 menit menunggu kalau driver tidak ditemukan tapi sudah sejam saya menunggu tapi tidak bisa dibatalkan!saya juga chat dg cs gojeknya tp tidak bisa dibatalkan!maunya apa,saya disuruh nunggu entah sampai kapan drivernya ditemukan,sementara perut lapar keluarga saya juga menunggu makanan itu.",1
bagus,5
"Driver lelet mlh diem aja KLO kitaa mesen ,",1
sangat membantu 👌👌👌,5
untuk skrg Oke la,4
mntap orang ny sopan dan baik trimksih nympe tujuan dgn slmat,5
mantap,5
gopay pinjam limit nya gedek tpi gak bisa di pkek atau dipinjam,3
on time,5
trimakasih udah meringankan,5
GOride GAcor,5
"sudah berkali-kali pesan makan, gk di ACC oleh driver. sampai lebih 2 jam, UI gojek terbaru bikin ribet. walau udh pakai layanan kilat masih seperti itu juga",1
gojek selalu menemani dan menjanjikan,5
masa dah pesen berkali kali ampe setengah jam gak gapernah dapet juga padahal tempat saya bukan kampung lo jalan lintas masih daerah kota binjai bisa gak jumpa tiap pesan gojek,3
lumayan memuaskan,4
semua pelayanannya profesional,5
⚠️,5
sangat senang mudah tapi tarifnya agak mahal,5
good👍🏻,5
"top banget dehhh pokoknya, aku saranin kalian juga dwonload!!",5
sangat bagus,5
ramah,5
"ini aplikasi bagaimana driver ojek saya jarak tempuh dari saya untuk penjemputan hampir lebih dari 2 km, katanya ada fitur pencari terdekat kenapa jaraknya sampai sejauh itu apakah itu dekat?",1
jauh amat dapat drivernya. biasa cuma 5 menit ini lama. padahal lagi buru2. drivernya banyak tapi dipilihin yang jauh. bikin orang telat .,3
"cukup merugikan, tanpa saya tau saya tidak sengaja ke pesan double order di go ride, sehingga saat di jalan tiba tiba ditelpon driver padahal merasa tidak memesan. cukup merugikan saya dan driver gojek",1
the best,5
"Kalau naik mobil kira-kira minimal berapa orang, dan biayanya apakah dihitung perkilometer jarak tujuannya",1
bagus,5
"jika memang tidak bisa beroperasi 24 jam untuk gocar jangan menyediakan jasa gocar 24 jam, sangat tidak memuaskan sudah 5 kali pesan gocar dengan hasil sama semua driver tidak ada yang siap sedia untuk melakukan delivery, jika ada keperluan mendesak untuk segera ke rumah sakit bagian IGD sangat tidak di rekomendasi menggunakan jasa ini sangat lambat, menghambat sekali",1
sangat memudahkan saat kelaparan tengah malam,5
OK,5
"merugikan Konsumen dan Mitra Driver nya aplikasi penuh tipu dan Rakus, Pelangan bayar penuh yang di Terima Mitra nya hanya sekian persen parah Aplikator",1
"PERASAAN GOPAY PINJAM GA PERNAH TELAT, PAS LUNAS MALAH GA BISA MINJEM LAGI . DEV NYA NYABU APA GIMANA ? LOGIKA MAIN GA TU DEV?",1
sangat baik,5
berguna,3
mantap dengan aplikasi ini buat mempermudahkan saya,5
mantap,5
sangat membantu masyarakat,5
awesome,5
sangat membantu,4
cukup terbantu,4
sangat membantu,5
"WOI KALO NGGA NIAT KASIH FITUR ""CS"" PAKE AI MENDING GK USAH, GK BERGUNA DAN TIDAK MEMBANTU",1
aplikasinya udah oke tp untuk gofood please kasih keterangan halal dan non halal nya please,3
Senenggg bisa kesana kesini pake aplikasi ini,5
APK TIDAK BAGUSS !!!,1
Good Job,5
"Kenapa deh buat make diskon gofood saldo gopaynya harus sesuai total harga makanan, padahal kan pada akhirnya bakal kepotong diskon juga. padahal kemaren"" ga gini deh, setelah beberapa hari gak make tiba-tiba jadi kaya gini, nyusahin bgt buat anak kos, jadi harus keluar duit banyak bgt yg pada akhirnya duitnya nyisa di gopay",1
👍👍,5
"luarbiasa sameday dishopee ya parah melebihi sameday jkrta bandung kmrn saya kirim dr jkrta ,ini td siang saya beli BRG dishopee kirim dr jam 2,17 blm smpai juga hubungi chat shopee ga bisa bantu dan parahnya ga jelas 23 menit pengantaran dr sore td ga bergerak JD gatau kapan dianter ,buruk sekali samedaynya gojek ya ,maunya instan biasa TPI layanan toko tidak menyediakan Tidka rekomen ya pke layanan ini pdhal byr ongkos dishopee bukan gratis !",1
"Seolah dipaksa langganan gojek plus. sudah di close tau2 pas tagihan keluar gojek plus. sya kira kepencet, oke lah. setelah itu sudah sya putus langganan nya, eh selang brapa lama pas order gofood masuk lagi tagihan. mending pakai app lain aja.",1
pnqk dinggo,1
"benci banget sama notif gopay dari gojek yang ""gak bisa bayar 100.000 ke google play pake gopay karna saldo kurang"" itu maksudnya apasih? padahal saya gapernah bayar topup/langganan di play store sama di gojek, tolong hentikan/hapuskan, saya risih, soalnya kalo nanti saya topup gopay bisa saja langsung kesedot/hilang uang saya, gimana ini????",1
Sangat membantu dalam setiap situasi 👍👍👍👍👍,5
kadang murah kadang mahal siharga nya hihi,4
mantapp,5
Membantu sekali,5
cocok bgt,5
ok,5
"aplikasi makin kesini makin mengecewakan, 3 x ditolak driver g niat kerja!!!!!! 👎👎👎👎👎👎👎👎👎👎👎🏾",1
pantesan mau diakusisi grab. aplikasi ampas. lg butuh cepet pake verif wajah segala. bye gojek. GWS,1
sippp,5
"Pelayanan cepat, driver ramah, kendaraan bersih, pilihan rute terbaik",5
overall it's ok,5
top up gopay ga masuk udah 2 hari,1
bagus dan tepat,5
keren sangant membantu,5
terus dan terus kalau order gofood pasti dpt driver yang susah di hubungin. lg laper laper malah dpt driver ga jelas,1
"Nih ya untuk para driver gojek yang dapat orderan pengiriman instan dari aplikasi marketplace, jangan pilih-pilih oderan napa sih. Merugikan pembeli tau, nunggu berjam-jam, giliran sudah dapat driver eh dibatal kan terus menerus. lu pada harus iklas dapat orderan apapun ya syukuri, malah pengen jarak dekat ongkos tinggi. jangan gitu sih",1
memudah kan perjalanan,4
mantap sangat memabantu,5
"kalo bisa mungkin adakan fitur block / unblock driver , ohiya suara telpon tapi ga bisa diangkat",5
Sukaaaaa....,5
oke,5
buruk,1
Ketika sulit untuk dapat driver malah di suruh nunggu sampe 1 jam baru bisa dibatalkan. padahal cuman mau pesan makanan doang malah harus nunggu 1 jam. keburu lapar woii!!!,1
puas sekali.trmksh.Sukses selalu yaaa,5
"Goblog suka autotip sendiri, dibuat yg clear lah tombolnya.",1
makananya mantap enak porsinya ok pedasnya pas stafnya ramah baik thank you,5
Pesan makanan lama sekali sampai dingin. ditanya tukang ojeknya kata nya double order. padahal saya pesan reguler. tidak rekomen skrg pesan di gofood,1
"MAHAL BANGET Pgn beli wow spageti 1 aja 19rb totalnya, semoga ongkirnya diperbaiki",2
Almost there,5
Untuk gopay pinjam. Tolong untuk sistem penagihannya jangan pakai ancaman. Perkara lupa bayar lewat beberapa hari aja doang juga.,2
hebattt,5
pinjaman sudah dilunasi tidak bisa narik lagi,1
jossss mantap,5
"Ngebug mulu, sekarang gak bisa donwload bukti Gosend",1
"buat castamer gojek,jgn pas ujan aja lo order maxim cri yg murah,lo nikmatin aj argo lonjakan ny berasa kn..cs miskin",1
galak galak drivernya. tolong diperhatikan lagi,1
bagus,5
"buat para customer jangan suka pakai layanan yang instant"" banyak potongan di ongkos nya.potongan ride dari 20-35%. apalagi sekarang ada sistem slot gofood gosend goride.jadi yang driver reguler di bisukan karena tidak ikut slot😂😂😂",1
harga murah dan banyak promo plus penjemputan tepat waktu,4
"driver sulit didapatkan tapi fitur untuk batalkan pesanan tidak bisa, masa iya harus nunggu waktu estimasi untuk mendapatkan driver selama 1 jam",1
good apk,5
"saya punya pengalaman yg buruk,saya memesan gojek buat teman saya dengan harga 54rb,dan anehya dia mengantar ya tidak sesuai map yg dikasih tau,dan meminta uang seharga 70k sedangkan harga diaplikasi 54rb,pantes dia pas datang meminta melihat hp saya ternyata mau mengcancel y dan saya disitu tidak tahu,tolong kasih pelajaran buat gojek ya saya punya ss an ya",1
bagus buat alat transportasi,5
fitur GoFood nya masih sangat kurang dan butuh perbaikan,1
"saya berharap di gojek mulai terdapat fitur qris seperti di grab, karena fitur itu sangat memudahkan para penumpang untuk membayar dari e wallet lain",5
sangat membantu,5
sangat mendukung aplikasi ini,5
gampang dan drivernya sopan,5
bagus,5
mantap jiwa,5
keren dan mantap memang kalau sudah pakai aplikasi GO-JEK,5
👍👍👍🙏,5
masih relatif mudah meski kasang kalau pas hujan agk susah nyantolnya,5
gacorkan bos,5
memudahkan mengantar keluarga dari jarak jauh,5
sangat membantu,5
ok,5
semoga selalu terbaik,4
saya suka apk ini karna amanah,5
Good👍🏼,5
banget,5
wokeeee,5
jd mudah kemana2,5
meskipun saya bukan pengguna aktif alias pengguna pasif. Aplikasi ini sangatlah membantu pada saat genting. Terima Kasih Gojek beserta Drivernya. Semoga Kru Gojek & Driver Gojek selalu sukses dan profesional dalam melayani Konsumennya.,5
saya suka aplikasi ini bisa buat antar jemput saya kemana aja dan harga makanan nya kadang diskon besar,5
terbaik disegala urusan dan hemat pula,5
Pelayanannya bisa diandalkan,5
keren,5
secepat kilatt,5
gojek sangat membatu aktivitas buat kita kita yg tidak memiliki kendaraan 👍👍,5
"APLIKASI NYA LUCU BANGETTTTTT 😭😭🤍🤍 driver nya baguss bagus (cakep), cepet bangettt penjemputan nya dan kebersihan drvier di jaga mulu 😩💚",5
"Membantu di saat urgent,sering2 kasii promo yaa",5
"sebenarnya sudah bagus, tapi ketika membatalkan pencarian driver menggunakan gopay, gopaynya terpotong secara langsung",3
"terjangkau harga nya, pelayanan nya pun cukup baguss. mantap",5
ok,5
seru,5
"penjemputan cepat,pelayanannya mantap",5
bagus,5
"ngebantu bgd buat pelajar, murah dan gampang pesennya",5
terbaik,5
lemot,1
kasih orderan ke Drive jangan j terlalu jauh sama driver.kasihan driver nya jemput caustamer jauh-jauh.ongkosnya ga sebrapa,5
Good,5
"aplikasi susah kalo uda hujan orang di suruh tunggu sampe 2jam hanya untuk beli makanan, provider yg mengecewakan",1
"apk ga guna, 2 jam gw nunggu ga ada drive, klk ga ada lu tutup aja, jd org ga berharap",1
Good Apps,5
"gak jelas Gojek.. saya pakai gopay pinjam 2x pinjam lancar.. pinjam ke 3 kali di tolak,",2
keren lah pokok nya gojek...nggak ribet,5
"mengapa saya memberikan bintang 1 karena ada masalah di sistem aplikasi gojek menurut saya,naik kereta di tujuan stasiun tiba jam 21:15 di tiket,lalu saya pesan gocar terjadwal jam 21:30/21:40. ada masalah trouble mengakibatkan tiba jam 19:35 baru sampai stasiun tujuan, ternyata di aplikasi tiba-tiba sudah di pesankan/dapat driver jam 21:10.disini masalah nya saya ga enak sama driver karena nunggu lama dan saya jadi terburu2 kalau saja jam 21:30/21:40 baru dapat jadi lebih nyaman. semoga dibaca",1
layanan cpt,5
aplikasi bagus,5
"buat para pemakai jasa gofood tolong di pahami,orderan anda lama dapat driver bukan di karena kan ga ada driver tp gojek mencari driver yg ikut program tarif murah dgn tarif 5rb per 4km walau saat anda order ada driver dekat resto itu tp driver itu ga ikut program tarif murah ga bakal order jatuh ke driver itu",1
gak bisa pinjam lagi padahal sebelum jatuh tempo di lunasi aneh kalo gak niat minjemin jangan di adakan gopay pinjam donk kecewaaaa...saya ini driver Go-Jek padahal dari 2017 sudah 8 tahun,1
"Terlalu lama menunggu Driver. Sudah 1 jam menunggu, pesanan tidak bisa dibatalkan. CS pun cuma BOT yang tidak membantu sama sekali.",1
- kebanyakan update aplikasi sistem 🙏🙏🙏,1
apknya lemot,2
sangat bagus,1
seru banhet,5
halaman aplikasi gopay pinjam bergetar,5
cepeet,5
ongkos kirim makanan mahal apalagi hujan tambah ongkir 10rb.ada discon pun percuma..setelah discon pun lebih mahal dr beli ditempat.discon kebanyakan berlaku dengan gopay atau kartu kredit..lebih nyaman murah beli makan di aplikasi lain discon smp 52% tanpa harus dgn dana diaplikasi atau kartu kredit...jujur kalah saing gojek dengan yg lain mengenai harga,1
Aplikasi terfavorit💙,5
alhamdulillah tepat waktu,5
"di hp android samsung s24 ultra terkendala untuk download bukti perjalanan saya, pp bandara-rumah (pakai gocar). padahal butuh invoicenya untuk diclaim ke kantor. masa harus screenshoot? perceived usefulness nya 0. tolong segera diperbaiki. trims!",1
emg skrng klo pesen yg hemat tu hrus dilambatin kah drivernya gedeg bgt bbrpa kali dpt driver yg lambar sengaja dilambat2 in,1
gojek apk nya harus ada privasi nya biar ga sembarang orang ngechat 🙏,1
semakin mudah,5
pelayanan pakai ai yang sangat tidak memuaskan.,1
selalu bisa diandalkan,5
mantaff,5
"kenapa setelah pesan makanan jadi ngefreeze, biasanya lanjut sampai pesanan sudah dibuat",2
"mantap, sukses selalu",5
sangat membantu,5
bitang yg nilai,5
double pesanan. jd kasian drivernya,4
mantap,5
"amat sangat memudahkan,sering banyak promo nya semoga promonya jgn di hilangkn ehehe",5
Mantap sekali gojek banyak promonya,5
"drivernya tolong dong jangan idiot semua, dari kemaren naik motor ketemu driver gojek bermasalah semua. sekali make freak nya bukan main nanya privacy semua di tanya gila ya ajarin drivernya buat gausah adu nasib ya tolong terimakasi",1
uy gg akhir nya gua bisa pulang dada semua nya muahhh i love youuuuuuuu 😘😘😘,5
apinya bagus tapi sayang setiap buka fitur gopay pinjamann selalu keluar dan jaringan tba2 gak stabil apa lagi pas buka riwayat transaksinya langsung keluar,1
"kalau pesen go car jaraknya dekat selalu di buat nunggu lama. kdang diem aja drivernya gk jalan"" pdahal jga pkek yg prioritas sama saja",1
aman nyaman dn efisien,5
ok,5
OK,5
lama bat booking nya,1
oke. sampai saat ini selalu lancar pakai gojek,5
iya murah dan ramah supirnya... thx you,5
"go instan sebaiknya tidak lagi menggunakan nomor... tapi pakai barcode seperti QRIS biar lebih simpel,jadi kesannya tidak seperti kompotitor..",5
buruk banget. nunggu antrian di bandara lama banget. nomor ganjil terus yang keluar. udah nunggu 1 jam,1
ok,5
mempermudah kemana-mana,5
"gofood ongkir nya gila"" an bgt .. parah",2
bagus banget murah tapi pelayanan nya juga bagus,5
"Mempermudah perjalanan, layanan respon cepat.",5
bagus sayang nya metode pembayaran tidak bisa pakai akun dana,5
"Rugi besar berlangganan GOJEK PLUS. krn dari driver goride, gocar tdk ada yg bisa diandalkan. bener!! mending buat beli saldo utk MAXIM menurut saya",1
map nya suka mantul2 skr gojeknya,4
pake gojek cepet praktis,5
mahal driver nya ga bener,1
sangat membantu aktifitas saya,5
mantab,5
ok deh,5
"Banyak pilihan dan promo murah, yang pasti aplikasi mudah di operasionalkan..",5
Alhamdulillah pesanan datang tepat waktu.tetap semangat 💪💖,5
tidak sekamanya harus menggunakan jln tol..klau hamya daerah cinangka ke bsd...lumayan tolnya mahal🤭,5
Sampai sekarang masih OK,5
mantap,5
aman dan Nyaman baik sebagai pengguna dan sebagai Driver,5
bagus,5
ok,5
nyaman,5
semua bagus,5
dengan Gojeg saya sangat merasa.tertolong...pelayanan smp sekarang baik....sy sdh cukup lama sll.menggunakan Gojeg...tks Gojeg,5
bagus murah,5
sangat membantu di segala kondisi dan keperluan sehari-hari,5
aplikasi terjelek sistem tidak rata. revisi bos biar semua dapet orderan,1
Tiba-tiba di kembalikan ke gopay reguler,1
"pesen gocar di berau,kaltim, dr bandara ke rmh cuma 5 menit. byk driver g mau ambil alasan argo murah,mau nya ikut hrga travel apa bagaimana?. tolong diperbaiki mitra"" kalian itu, terutama yg dkt bandara kalimarau",3
senengnya pake gojek itu sat set dan maps nya pasti,5
Mudah dan praktis pengunaannya,5
"amanah selalu pakai gojek,,tarifnya juga wow murah",5
mantap gojek,5
mantap banget,5
lebih praktis,5
ini aplikasi paling praktis buat makanan🙏🫡,5
"cukup puas. trimakasih,,😊👍",5
good,5
eeeeKTP yang tidak pernah gagal paham dan e ee eee eee eeee eeeeee ee cawagubnya e,2
"hujan susah dapat. mobil juga sama, kalo hujan gak dapat",1
"iya gojek ngasih harga murah murah tapi kenapa sih drivernya susah susah banget pada gamau jalan, buru buru sampe 3 kali driver ngecancel tolong, gojek drivernya di perhatikan",1
aplikasinya sangat membantu,5
bloon ga bisa login,1
Drivernya semua gak niat kerja apaa gimana nyari driver susah amat apa kalo g niat gak usah kerja,1
"map nya sering salah kalau ke rumah saya, jalan ditutup. TPI diarahin kesitu terus, kasian driver nya... 😩 .pdhl bnyk jln yg lebih mudah . ini muteer...",4
banyak driver yg mengeluh titik jemput. di batalin malahh di bekukan akun gua kacauuu,1
"saya nggak bisa masuk ke akun gopay saya,karna email yg saya sambungkan ke apk ini udah nggak aktif.padahal ada saldo saya di akun gopay itu satu juta.mohon bantuannya 🙏",1
saya selalu naik gojek untuk sekolah,5
sangat bagus sekali terimakasih pak gojek saya diantar ke IGD rumah sakit pukul 00.50 sehingga saya langsung dapat perawatan....🙏,5
Jempol👍👍,5
sip banget,5
Memudahkan,5
mantap,5
cepat dan lancar bagus,5
bagus bermapat👍,5
Aplikasi komplit membantu kehidupan banyak orang...,5
pelayanan tidak bagus,1
nunggu dapatin drivernya 1 jam lebih. ga bisa dibatalkan harus nunggu lamaaq sekali. pelayanan dri apkny juga jelek masa g bisa buat laporan. ngasih saran juga ga bisa. mana ongkir mahal bgt sampe lama. ga lagi deh make ini,1
aplikasi yang sangat bagus mudah dan simpel,5
sangat berguna,5
🤟,5
"Driver kalian itu di seleksi lagi, banyak yg gk beres dan suka ugal2an di jalan dan tidak mematuhi peraturan lalu lintas, sangat merugikan pengendara lain, khusus ny di kota medan",1
good,5
"pokonya terbantu banget kemana"" jadi lebih cepet dan efisiensi",4
ok,5
Tolong apabila terjadi keterlambatan mendapatkan driver untuk proses pembatalan jangan bertele-tele. apabila belum dapat driver tolong dapat segera dilakukan pembatalan pesanan. Karena customer sudah menunggu lama tp akhirnya kalian bilang tidak tersedia driver.!! sungguh pelayanan yang sangat mengecewakan!!!,1
mantaaapp,5
"mantav para drivernya, terimakasih semua",5
"susah untuk nge batalin pesanan di gofood,",3
"Mantap.. Sangat membantu sekali saat berpergian/ sedang lapar, tinggal kring saja.. tp untuk ongkir go food jangan mahal"" ya.. 😂",5
Cukup.membantu,5
makasi sudah kasi pelayanan antar mkanan sampe rumah,5
Assalamualaikum bang ke cepat sekali tertutup pendaftaran driver go-jek online nya di Makassar Sulawesi Selatan,2
"aplikasi semakin mudah diacces, good",5
ok,5
driver ramah dan nyaman,5
good,5
mantap,5
"keren, memudahkan kita untuk pesan sesuatu",5
makin lama makin susah nyari driver,3
sangat membantu,5
saya suka banget 😎,5
Mantap,5
aplikadi sangat mendukung,5
terbaik,5
"makin ke sini makin berat aplikasinya, udah 3 bulan gak bisa qr, tiket kereta g kebaca, lemot",2
pengalaman yang mengesankan,5
gilaaa ongkirnya,1
top markotop,5
Tidak bagus,1
pasti ada jalan,5
gojek pemecah masalah apa saja...,5
gojek pinjam ga jlas saya kecewa,1
ok,5
entah kenapa sering banget pas pesan itu gojeknya error jadi gk bisa ngechat sama pengemudinya gk keliatan jalan kalau mau balikin jadi normal harus ke menu awal dulu baru balik ke pantau pesanan,1
sopan orang nya mengendarai motor nya pas,5
"attirudedrivernya byk yg minuss ,beri edukasi yg bnr. krn tgs kita mmg melayani",4
"sejauh ini murah bgt ramah di kantong mahasiswa, jangan dulu naik ya jek",5
"Lelet, Gajelas, Customer Service Buruk",1
baik aja,5
Ok,5
sangat membantu,5
aplikasi terbaik menurut saya. pelayanan sangat diutamakan. saya sdh pakai bertahun2 dan blm bspindah ke lain hati😍,5
bagus,5
sangat terbantu,5
ok,5
"banyak kemudahan yang sudah dilakukan gojek, terima kasih",5
sangat bagus,5
Ongkos gojek naik ngak kira kira terlalu mahal,5
kemahalan. lama lama pindah grab aja,3
selalu tidak mengecewakan,5
sangat membantu,5
mantap,5
keren,5
cukup baik,4
good lah,5
"banyak bapak"" tempramen, suka ngomongin orang, tua bangka suka ngejek jelek bgt pelayanann nya jg, harus di boikot sih ini.",1
respon nya cepat,5
👍🏻👍🏻,5
cari driver lama terus padahal ditengah kota,1
males bgt sama driver nyaaa.... gak ramahh mintol dong min minimal suruh driver nya jalankan 3S nyaa..,1
"belanja pake gomart katanya lebih cepat tapi ternyata di tolak terus sm driver ny, buang buang waktu!!",1
"Hari ini dapet driver g d respon nungguin lama g ada d jemput. Hampir sejam nungguin. Mulai hari ini Uninstall aplikasi. Habis ini ada notifikasi balasan mohon maaf tapi tidak ada perubahan. Lihat komentar d bawah di tanggal tanggal sebelumnya. Sangat buruk!!!!!!!!!!! enggak layak sudah usang. masih banyak layanan lain selain ini. ""Uninstall""",1
pelayanan ok,5
keren,5
baikk,5
"makin susah pencariannya, ketik nama makanan ga muncul, malah yg muncul hanya nama resto yg mirip saja. lebih mudah versi lama",3
"baik , memuaskan",5
ok,5
"tolong dibantu entah kenapa akhir akhir ini apl nya susah sinyal dan error apalg pas mau tap out kereta, ada pop up notif kalo misal harus aktifin lokasi padahal lokasi ngga pernah mati dan karena itu jd ngga bisa pesan apapun bahkan goride aja susah bgt harus reboot hp dulu baru normal lg",3
kasihan sama driverny udah orderan ada yang prio ritas buat yang regulur penjemputan jauh jauh aplikator cuma minkirin untung doang drevernya di pasak ambil orderan yang jauh kata drever kl di lewatkan bikin akun gagu ( yang aabar buat abang drevernya semuanya pasti ada hikmahnya ) salam sehat buat drever,2
sangat terpercaya forex haha aku sangat suka sekali,5
puas pakai GO-JEK,5
memudahkan perjalanan,5
👍,5
ok dah....................................,4
⭐5,5
bagus,5
Cukup baik,5
Kenapa saya mau aktifkan gopay pinjam dengan e-KTP yang sama dengan email yang sama ..kenapa gak bisa juga malah di tolak..yg malah respon robot,1
driver mobil banyak yang tidak jelas . di chat tidak dibalas.dimaps tidak jalan .,1
Aflikasi ini sangan bagus,5
"Gojek apa tidak menyediakan Customer Service live ya, kalo komplain susah sekali. yang jawab boot",2
parah sih komplain karena gofood makanan kurang tapi sama sekali gak ada respon dari aplikasi atau dari restonya,1
gojek tetap terdepan.. SEMANGAT ALL TEAM!!!,5
Alhamdulillah berkah,5
apk lemot,2
bagus,5
Sangat Memudahkan dan kalau bisa perbanyak voucher diskonnya. thanks🙏,5
sangat membantu,5
"untuk gofood, apabila tidak mendapatkan driver, tolong berikan opsi untuk ambil sendiri saat 1 kali tidak dapat driver. karena nunggu lama sambil kelaparan itu ga enak.",5
bagus,5
mantap,5
"bagus banget gak kayak maxim, pengendara nya gatal2 kayak mau diculik rasanya, mana minta2 nomor WA pula, mending gojek kebanyakan muda2 gitu, lah klo yg sebelah bapak2 gatal semua, kesel troma kali sama maxim, buat Gojek lop you",5
aplikasi susah cari drivernya tutup ja aplikasi nya,1
ok,5
Attitude mitra buruk,1
"perlahan2 customer mulai pindah ke shopeefood sebaiknya koreksi diri , kenapa bisa seperti itu",1
Tolong bikin iklan di apk lain yang bener bener dong tombol x nya itu malah redirect ke apk. gw udah download apk lu ya makin kesel yang harus nya cepet malah makin lama gw nonton dracin nya bangke. jangan kapitalis kek shoope gojek capek gw nyari tombol x di iklan lu mirip amat ma shoope susah bet nyari tombol x di iklan. gw bintang 1 karena gw kesel ma iklan lu.,1
Peraturan Menteri Perdagangan No. 50 Tahun 2020 tentang Perdagangan Melalui Sistem Elektronik (PMSE) – khusus e-commerce Pasal 9: Konsumen berhak membatalkan pesanan sebelum barang dikirim oleh penjual. jadi tidak ada efisiensi nya ketika sistem pembatalan harus di minta konsumen menunggu hingga 1 jam setengah saking susah nya driver di temukan,2
sangat puassss,5
Pilihan reguler maupun express dapat ridernya selalu telat. ujung-ujungnya customer yang di rugikan,1
pelayanan cepat dan amanah,5
Mantap,5
👍👍👍,5
keren lah,3
gofood ny gaada gratis ongkir jir,1
good job,5
BANYAK PROMOOO LOVEE GOJEKK,5
ongkos lebih murah !!✌️,5
seperti ditipu driver minta ganti titik lokasi tujuan lalu pembayaran saya awalnya 30ribu menjadi 206ribu,1
terimakasih,4
pas dikantong,5
always dapet driver yang amanh,5
"malam kepada mitra gojek, saya orang Restaurant saya mau informasikan yang tidak mengenakkan kepada driver gojek ketika ngambil makanan di outlet kami, dengan posisi driver tersebut tangannya mau mukul saya. mohon untuk kebijakan dari mitra gojek. nama drivernya Sobri",1
"maaf gojek sekarang jelek banget. beli gofood susah banget dapat drivernya. udah 1 jam bahkan lebih ga dapat-dapat juga. kalo memang ga bisa dapat driver dalam setengah jam, lebih baik ada pilihan untuk bisa di cancel aja. jangan menunggu 1 jam baru bisa di cancel. kasian yg sakit perlu makan cepat malah tambah sakit.",2
aplikasinya bagus bangett,5
"aplikasi gajelas, susah cancel pesanan, cari driver susah",1
mempermuda,5
bagus,5
pelayanan selalu oke,5
setiap pemesanan goride fitur chat nya centang satu mulu!! sinyal kenceng masa iya karena sinyal? tolong perbaiki lahh oi omzet gede ga dibenerin,1
sangat membantu,5
pengen order makanan tinggal pakai gofood,5
baik sopirnya,5
slalu ramah dan pertahankan waktu yg di pesan,5
Bagus,5
oke,5
saldo tf gopay 150 rb stuck tidak bisa masuk ke gopay.. mohon di cek ( arudante ),1
gapernah telat bayar gopay pinjam selalu ditolak apk gblk!,1
"pesan gofood sering tidak dapat driver, dan tidak bisa dibatalkan, harus menunggu lama sekali baru bisa dibatalkan, tolong sop nya diperbaiki",1
mantap,5
memudahkan,5
"apasih susah banget dapetnya, pilih kasih milih customer",1
terimakasih untuk pelayanannya,5
customernya gojeknya kek org tolol org minta solusi malah berbelit,1
takan pesan gojek lagi pesean makanan sampai 3 jam dibatalin gak bisa,1
bagus,5
"ongkir gede pengiriman lama beli jus 10rb ongkir 20rban, hey gojek saya kan beli minuman bukan beli ongkir",4
mantap,5
ok mantap,5
Goodlah pokoknya,5
mantap kalo bisa tambah lagi drivernya jeknsaya sering gak dapat driber,5
Good,4
ongkos nya mahal banget.,1
Bagus,5
mantap,5
good,5
sinyal bagus tapi kenapa suka nge lag,4
terimakasih drivernya baik,5
sangat membantu perjalanan,5
tambahin dana saya gatau klo harus pake gopay padahal udah isi dana,4
bisa di percaya!,5
sekarang udah ga ada fitur download bukti bintang satu aja payah,1
"gojek mempermudah pergi dan kirim barang, atau beli makanan tapi hari ini kok ada kendala engga bisa download struknya iya",5
selama ini Gojek tidak mengecewakan..,5
"Saya baru belajar mrnggunakan fasilitas aplikasi maaf sdh sepuh, 83 thn",4
drivernya sigap,5
aman dan nyaman,5
"aplikasi nya bagus, tampilannya nyaman, drivernya juga damai, tapi tolong untuk tambahkan metode pembayaran QRIS",4
mantap👍,5
"tolong perbaiki di bagian reward nya suka eror, nyepin belum dapet apa2 udah di suruh balik lagi besok",3
masih layak untuk jadi pilihan transportasi,4
"setelah update fitur download dokumen pdf transaksi Gosend yang telah selesai di hilangkan, bagaimana saya bisa mendownload dokumen tersebut?",1
dulu nya aplikasi bagus.. tp sekarang no recoment.. lemooot cari driver susah pesen food lamaaaaa.. ga lagi² deh..,1
"kenapa gk bisa di upgrade ke gopay plus,sudah di top up tpi gk bisa dipakai transaksi",1
bagus,5
"udh make express tpi jg ga ada bedanya, klo malem pun jg susah dpet driver",2
nyaman,5
sangat membantu 👍👍👍,5
jossss,5
sopan juga bersih dan terjaga keamanannya . terimakasih,5
membantu sekali,5
"gofood nya sekarang kenapa di masak dulu baru dapat driver? pembaruan yg kurang puas karena sering kena batal beli, kasihan juga resto nya semoga bisa di perbaiki",3
Complain nya Ribet dan lama prosesnya. udah 2 Minggu saldo gopay saya belum kembali. gara2 ada driver nakal yg ambil trip tanpa bawa penumpang.,1
Sangat membantu,5
sangat membantu,5
paling suka dan sngt membantu,5
enak,5
overall good service,5
memudahkan yg sulit di capai,5
sangat membantu👍👍👍👍,5
kemana tombol download bukti di riwayat transaksi gosend? kenapa jadi ilang hellowww????,1
"Mantap, saya terbantu dengan aplikasi ini, waktu ada aktivitas yang tidak di ketahui, langsung kirim ke e-mail,mantap gojek 👍",5
mudah di gunakan sangat puas mantap,5
baik dan rama,4
"ko apk driver gojek riting 3,3 ..? apk pelanggan pelanggan 4,7..? wah curang ini gojek ke driver nya sendiri.!!!",1
"selalu pake gojek untuk gofood gocar dan goride, mantap mantap",5
"Tolong tertibkan DRIVERnya. Kalo salah satu oknum driver tersebut gk niat ambil orderan makanan jgn ambil , yg ada marah² gk jelas. (jangan buat driver lain jadi jelek namanya). bilang nunggu lama bgt , padahal baru 3menit sampe udah marah² aja. terlalu lebay , kerja dikit mintanya byk wkwkw. KOCAK.",1
gojek gitar menjadi andalan ku.kebetulan sering pake gojek untuk pp kontrol kers,5
"aplikasi buruk, driver kasar, drivernya pun lama. gk bgt",1
"tolong driver khusus daerah bali seminyak itu di pertegas lagi bisa"" lebih milih orderan offline turis asing",1
"baru kali ini pesan gonsed alamat sudah sesuai tapi titik nya jauh dari lokasi alamat yang di tuju, kasihan drivernya harus muter2 buat nyelesaiin pesanan. semoga kedepannya bisa di perbaiki lagi🙏.",3
ok,5
fitur aplikasi dan pelayanan yang meyakinkan,5
Alhamdulillah drevernya sangat ramah,5
mantab.,5
bagusss,5
bagus,5
mantap,5
ok,5
promonya potongannya mantapppp,5
cari driver nya lama,3
sangat puas,5
knp ya.. setiap sy download slalu gak bisa.. pasti slalu akun anda di tangguhkan...,3
top markotop,5
Mantap dah,4
membantu,5
aman,5
"dapet driver susahnya minta ampun,coba kondisikan lagi",3
"aplikasi ga jelas, cuma cek jarak dan tarif ko tetiba bikin pesanan dan tau2 driver udh sampe titik lokasi. kocak nih",1
"Tolong diperbaiki sistem Gojeknya biar kalau pick-up orderan gak terlalu lama. Gojek di kawasan tertentu banyak, tapi dari aplikasinya lama banget ngasih ojek.",3
good,5
luar biasa,5
baik,5
kenapa gopay pinjam saya tidak bs. padahal tidak ada tagihan tertunggak,3
mantap,5
sangat membantu dan mudah,4
sangat membantu sekali semoga tambah sukses,5
"pengiriman lama .. gak bisa dibatalin, bikin kapok aja",1
aplikasi paling kurang ajar mau daftar aja susah langsung aku uninstall aplikasi nya,1
"tolong diapakan dulu drivernya biar gasuka goda godain atau mintain nomor telefon, ada juga driver yang bahasanya kasar banget, coba sih sebelum dijadiin driver di training dulu kek, diapain dulu kek, apa ajalah. mana kalo ujan susah banget lagi dapetnya, sekalinya dapet jauh banget?!! satu lagi, tolong hapus fitur bintang di pelanggan, karena kadang driver ngelunjak, kasih bintang kecil ke pelanggan cuma karena ga dikasih tip. bitte antworten schnell",1
cepat dan tepat,5
sangat memnantu,5
"penyelamatku karena bener-bener helpful, makasih ya gojek udah ada di dunia ini. BANYAKIN PROMONYA YAK!",5
"aplikasi TER BUANG BUANG WAKTU, order gofood makanan gabisa dicancel padahal baru order, nyari driver nunggu sampe 2 jam. lapor ke bantuan juga GAK ADA PENYELESAIAN SAMSEK. udah pelit voucher, harga jadi mahal, kebanyakan biaya admin.",1
orang pesan makanan disuruh nunggu pencarian driver selama 2jam. haduh kocak ini apk. gimana ini pelayanannya? payah payah,1
KALO GAK DAPET DRIVER UNTUK GOFOOD TOLONG MAKSIMAL 10 MENIT KASIH OPSI PEMBATALAN. JANGAN HARUS NUNGGU SAMPE 1 JAM BARU BISA CANCEL,1
"driver gofud nya no banget banyak itu ini, padahal tinggal anterin aja sesuai alamat klo bingung ya tanya",1
"NYARI DRIVER BERABAD2, KEBURU MATI KELAPARAN, PARAH",1
GOJEK sangat bagus dan mempermudah saya pada saat bertransaksi... Terima Kasih.,5
"disuruh nunggu 30 menit, smpe 3 jam nggk kekirim"", penipu..",1
heh jembot lama kali dapet drivernya wokk,1
aplikasi bangke. lagi laper2nya orderan ga ada yang ngambil. udh lewatin Batas buat cancel. tetep ga bisa.. payah,1
semakiiin kereeeeen,5
mantap,5
buat driver mobil nya susah benar... kadang bnyak benar alesan... selalu nolak,2
sangat membantu dan fast respon 😎👍🏻🥰🙏🏻,5
"buruk, pesanan gk komplit",1
sangat mudah dan membantu..pokoknua bagus dahhh..,5
🤗 suka,5
aplikasi LOL! KALAU GA ADA DRIVER YAUDAHHHH LAMA BANGET WAKTUNYA BATAL OTOMATIS!!! mau order lagi pake Voucher Gofood jadi gak bisaaa keburu malam dan banyak resto tutup!!!!!!!! CS GAK BERGUNA JUGA!!,1
oke,3
untuk gofood sbenernya agak kecewa krna harganya lebih mahal drpd di shopeefood 🙏🏻🙏🏻🙏🏻,3
oke,5
"saya beli gofood, tapi ga bisa dapet driver, pihak gojek minta tunggu 1 jam baru bisa dibatalin, menurut saya terlalu lama, bisa² mati kelaparan karena mau beli yang lain udah gabisa uang udah masuk ke pembelian sebelumnya, di cancel mau ganti beli lain suruh nunggu 1 jam kocak emang",1
sangat membantu,5
waktu pesen makanan di gofood drive nya susah minta bantuan untuk batalin juga susah chat ke toko nya ga bisa,1
gua lagi kelaparan malah ellor sistem nye nyet bnget dag,1
bru gojek pu admin ana ambon kapa ekwkw,5
keren,1
"pesen gofood dari jam 18.32, sampai 19.41 makanan gak sampe2. cs nya juga gak bantu sama sekali cuma dikasih kata2 template. mau di cancel juga gak bisa, hadehh...",1
gojek selalu di hati,5
lm lm makin murah aj..smga slalu jaya gojek,4
banyakin voucher gofood ya dll makasii,5
"banyakin diskon gofood dong,minimal ada lah tiap bulan diskon",1
jajanan yg mantaaaapppp,5
sangan membantu sekali,5
ditolak pengajuan gopay pinjam padahal sudah menggunakan jasa gojek sejak awal awal perusahaan ini berdiri. terima kasih,1
bagus banget,5
makin mantep promo nya ditambahin dong🤭,5
mantul,5
baik,5
Semoga akurat gaess,5
ok mantaps,5
sangat bagus,5
"buruk banget, saya isi bca flazz duitnya kepotong tapi ga masuk di bce flazznya, haduhhh ini gopay dan gojek buruk banget pelayanannya ya",1
"Sebelumnya aplikasi ini bisa jalan di hp saya Vivo Y36, tapi setelah pindah ke hp Infinix Note 40 Pro 5G, tidak bisa dibuka dengan keterangan ""silahkan download aplikasi resmi dari playstore""",1
"TURUNIN HARGA GOJEK GA!😭🫵🏻 mahal bgt sekarang, buat mahasiswa ga rekomended bgtt ongkosnya huhu",1
mantul dh,5
cepat nyampenya,5
engga lagi2 pesen gofood. padahal driver banyak d Deket sini. tapi 1jam lebih engga d kasih driver sampe makannya dingin,1
Sejauh Ini Puas Tapi Terkadang Ngelag (Mungkin masalah server) Ketika Ngelihat Update Lokasi driver,4
ok deh,5
jangan donlod ini. nunggu makanan sejam sudah 2 kali. dibatalkan g bisa. aplikasi apa ini kok semakin mengecewakan.,1
"sistem pembatalan pesanan gofood sangat ga membantu, asli ini sistem Tersampah, gw pesan makanan, gw nunggu 30 menit belum dapat driver, mau di batalin ga bisa dan harus perlu chat bot yg jawabannya ga membantu sama sekali, ini bikin gw kesel, tolong di perbaiki, yakali gw lagi laper lu suruh gw nungguin sampe dapet driver, untung gw masih mikirin drivernya kalo ga udah gw hapus aja aplikasinya beli makanan sendiri!!!!",1
mantul.....perbanyak promonya seperti dulu,5
"setau saya aplikasi ini ada fitur batalkan pesanan, tapi kenapa untuk beberapa resto tidak bisa di batalkan. Saya sudah minta cancel dari awal tetapi driver tidak mau dan malah mengancam",1
"sekarang kok lebih mahal yaa, harga makanan 19000 biaya layanan bisa 20000😊",2
cepat dan hati2,5
bagus dan mudah,5
penggunaan aplikasinya sangat mudah dan gampang dan sangat membantu,5
"minta tolong perbaikan nyaa , driver yang btalinn krna hujann kena sangsii atau potong poin, saya nunggu lamaa kadang drivernyaa pada maless gimnaaa kbnyakn kaya gini driver2, krna hujann d batalinn , udah tau Coustemer kelaperannn taii emng",2
"jelek kali sekarang, susah dapet grab padahal banyak yang lalu lalang",1
"terimakasih sangat membantu dengan mudah, sukses buat Gojek",5
BINTANG BERBICARA,5
saya sangat senang pakai aplikasi gojek gampang kemana kemana tarif nya aja murah dan mencari rute tercepat untuk saya pulang ke rumah,5
"kenapa sihhh semua transaksi gk bisa di pake mau isi token gk bisa , mau beli paket gk bisa.. internet ktnya gk nyambung .. padahal internet lancar",1
Pesen Gofood biar mudah mau makan gak usah keluar Rumah... eh tp ini Apk Buat kelaparan aja... Pesannya udah lama 30mnt menunggu masih menunggu sampai hampir 1jam gak ada kepastian jg ... malah keluar tombol Batalkan saking emosi nunggu hampir 1 jam gak pasti terpaksa gw batalin langsung hapus ini Apk... gak jelas banget sekarang,1
sue lagi urgent malah sering gangguan tiket udah di beli malah ga bisa di pake,1
mantap,5
"Aplikasi error yang disalahin pembeli, 'lain kali berhati hati'",1
"sip tapi boleh lah serig"" kasih focer",5
parah... dpe login,1
"dari pengalamanku slma ini Alhamdulillah kebantu banget sama gojek kalau butuh kendaran atau laper tengah malem, thanks gojek dan para ojol yg ramah melayani❤️",5
"untuk gofoood kebiasaan telat, udh pke ekspres biar cepet tetep telat!!, mending adain fitur cancel aja dr pd nunggu lama2 gajelas udh pke ekspres.",1
"server down...dicoba berkali"" susahh",1
murahhh,5
"Tolong dong gojek, mitra driver nya di training kembali soal bagaimana beretika di tempat umum terutama ketika sedang menunggu makanan di resto. Saya sebagai konsumen di resto risih dan gak nyaman aja ngeliat oknum driver gojek gebrak2 meja di resto gak beretika/ gak sopan sekali di tempat umum seperti itu, malu2in nama besar gojek oknum mitra driver seperti itu. Nama nya juga pesan makanan kalo ada antrian pasti menunggu untuk antri makanan, udah hal lumrah kalo resto lagi rame.",1
mantap,5
aplikasi mantap,5
"saya baru download, langsung pesan, nunggu pengiriman pesanan, beberapa menit kemudian sampek makanannya. secepat itu dah semudah itu menggunakan aplikasi ini tanpa banyak2 mengisi data2",5
good,5
nice,5
"gopay dblokir ngk tau kapan pastiny dbuka kembali,, ngk ada kejelasan yang pasti",1
Tidak bisa pakai Go Transit,1
"kasian mitranya potongan kegedean apalagi sekarang sistemnya saklek, rute aplikator kadang lewat jalan sempit2",3
sangat membantu dan banyak promonya,5
jozz pokoknya,5
"setelah update terakhir selalu ada aja kendala, beberapa kali kendala topup gopay dan kalo mau pakek layanan selalu ada pemberitahuan Internet ga kedeteksi. udah dicoba ganti sumber jaringan tapi masih suka tiba2 internet ga kedetek. ku kira emang internetnya baru pada jelek, tapi dicoba pakai aplikasi lain masih lancar2 aja sih. bahkan aku pakek aplikasi blanja Oren yg terkenal berat dan makan kuota aja masih ok. ini tolong dong, diperbaiki. atau kasih jawaban yg solutif ya",2
nice,5
mempermudah segala urusan,5
keren,5
ongkirnya mahalllll benerrrrrrr,1
Laporan saya tidak ditanggapi. Gojek tidak kompeten dalam bersikap kepada drivernya yang kurang ajar kepada customer.,1
bagus,5
"Aplikasi pungli, kenapa saya bilang aplikasi pungli, bisa kalian lihat disetiap transaksi ada biaya jasa aman dsb. yang tidak ada dasarnya.",1
selamat siang admin gopay hari ini saya kena limit bulanan tolong di bantu ya biar saya mudah dalam transaksi dari kemarin mau nerima uang susah mohon limit bulanan cepat2 di buka,5
apk nya harus pake internet cepat,4
"dengan ada ny aplikasi ini jadi lebih mudah ketika ada acara mendadak , kebutuhan mendadak , dll",5
sangat membantu saya 🥰🥰,5
pelayanan memuaskan,5
🤝,5
terlalu mahal boss,2
Gojek emg hebat akun lama 2016 terakhir tarikan 2017 gk tarik lg off bertahun-tahun baru skg aktif lg,5
ok,5
sering eror,1
dari MLM tadi bukin kecewa aja MASA GAK DAPAT DAPAT DRVER BANYAK DRIVER NGANGGUR EMNG GK JELAS AJA GOJEK👎🏻,1
"gojek tolong ongkos go ride sesuaikan lagi kayak tahun 2018 an ,sekarang jarak beberapa meter juga ongkos udah 16 RB aja 😭",4
👍,5
menarik boleh di coba tuh,3
ga dapet driver gofood,1
bagus,5
senang ada grabcar simple semuah masalah beres,5
sangat membantu dalam kehidupan sehari-hari...,5
"sengaja dilama"" in agar pake yg prioritas. udah dapet driver tapi di cancel. udah gitu pencarian lagi kok makin nambah dari yg 23 ke 27 belum prioritas 4000 🤦. aplikasi scam driver manja banyak drama",1
"ini terakhir kali aku pake aplikasi ini,bener""mengecewakan sangat buruk sekali",1
bagus bikin sat set,5
penurunan kualits,4
bagus kalo lagi buru buru berangkat ke sekolah ataupun mau jenguk keluarga,5
the best,5
sangat bagus,5
ok,5
"aplikasi ini sangat membantu sekali, tidak ribet. mantap sekali",5
bagus,5
orang nya ramah²,5
susah dapet driver,3
ok mantap gojek,5
pelayanan baik,5
jos,5
👍,5
jos mantap,5
promo nya dibanyakin yaa terima kasih,5
Sangat membantu,5
bagus,5
murah,5
gercep...,5
"Mohon maaf, sekarang lebih suka pesan Shopee food karena lebih murah",3
"Saya sangat berterimakasih dengan aplikasi Gojek, saya setiap hari sekolah dengan menggunakan Gojek setiap kali saya mau pergi ke sekolah.",5
Sangat membantu,1
good job,5
"semakin kesini semakin gk jelas gojek, lama sekali dapat driver mungkin banyak kena potongan makannya orderan saya gk diambil payah",1
"sudh topup gojek plus, malah sama aja dgn yg biasa bahkan plus tambah mahal😂",1
"Kecewa sama pihak gojek yang tidak ada tegas sama driver, barang ku hilang dan aku mengajukan nya di kantor gojek disitu bakal ditindak langsung udh nyantumin juga no ku, tapi tetep udh 1 tahun ga ada kabar, skrng aku trauma sama gojek dan ga lagi make apk ini.",2
sangat membantu,5
Promo nya Murah meriah,5
ini ada metode gopay/dana gak? mohon jawab🙏,5
gojek ok banget,5
"aplikasi yg ngebantu banget , Makasi ya semoga sehat sehat semuanya, bahagia ya semuanya",5
sangat membantu,4
pakai gocar tarifnya murah tapi biasanya driver jarang ada yang mau ambil,3
"Terima kasih banyak gopay,,, sangat membantu sekali dengan ada yh gopay letter, semoga pay letter saya di naikan limit saldo yh😁😁😁😘terima kasih gojek telah menambah kan limit pay letter,, the best lah buat gojek,mantap,sangat2 buruk gara2 kterlambatan kita tidak biasa bayar melaului alfa dan otlet2 gojek, jdi kalau kita terlambat pembayaran binggung bayar nyh kemana, gojek tidak recomen.",1
mantap,5
Sangat membantu untuk sy yg mageran wkwkwk udah gt bnyak promo nya .terimakasihh,5
"kalau bisa meskipun hujan goride jgn seenaknya SDH nunggu lama mulai mendung sampai akhirnya turun hujan dan akhirnya dibatalkan pihak driver dichat atau di telpon TDK bisa,pdhl saya setiap hari brgkt dan plg kerja pakai goride",4
Bagus,5
suka deh bnyak promonyaa aplgi klo ada isi gopayy bestt bgttt🫶🏻🫶🏻,5
"mau gosend, ambil barang tapi perlu nota ambil nya.. driver malah sulit dihubungin saya menunggu berjam-jam akhirnya malah barang tidak sampai2",1
Driver susah klo pesen makan jauh dari tongkrongan mereka...,5
good luck,5
"kalo emang gabisa menjanjikan makanan tepat waktu saat pengantaran express, gausah ada pengantaran express, gapernah pas beli tepat waktu, banyak janji ga bisa ditepati, hapus aja pengantaran express",1
"setelah kasih rating malah gak bisa download bukti pembayaran, tolong PERBAIKI!!!!",1
menurut gua sih ya bagus bagus aja,5
gojek selalu dihati ❣️,5
terimakasih sudah menemani hari hari ku gojek,5
good,5
terbantu,5
GAK ADA PROMO SAMA SEKALI PERCUMA DAFTAR GAN ADA PROMONYA,1
PERCAYALAH GOJEK ADALAH APLIKASI TERBAIK. SAYA BEBERAPA KALI KECEWA DENGAN PESANAN YANG SAYA DAPAT. CUMA LAPOR DI GOJEK YANG ADA PERTANGGUNGJAWABAN DAN FAST RESPON.,5
dtiver gocarnya banyak pilih2.. susah bngt mesen gocar gada yg pick up,2
"tiap top up pasti gak masuk full, harusnya lebih transparan lg klo ad biaya lain jd d lebihin top up nya, ini malah kurang mau bayarr, alias harus 2x TU",1
sangat membantu👍,5
"bagus, nyetirnya tenang, tepat waktu",5
Puas sekali 👍👍,5
"Tolong ya Driver GO-FOOD... kalau udah nerima orderan, seenggaknya kabarin dulu kalo mau cancel..... jangan tiba tiba ngilang seenak jidat.... saya sering sekali kena semprot sama pihak resto, merka marah marah karena udah siapin makanannya, tapi karena gak ada driver dan udah nunggu 1 jam buat nyari driver lain jadi saya cancel..... saya yg gak tau apa apa malah jadi pelampiasan amarah.... wah wah wah kecewa berat sih sama pelayanan go food",1
Baik,5
mantaf,5
keren,5
Sangat berguna apalagi Bene benr cocok untuk kamu yang tipe orang sibuk dan bisa bayar tunai,5
keren,5
bagus,5
"driver bermasalah tiba"" cancel orderan harus nunggu lagi buang"" waktu",1
"pantesan banyak kastamer gojek yg lari ke layanan yg krn digojek terlalu mahal semua dr ongkirnya.biaya pesan dan prosentasse ambil untungnya dr makanan yg dibeli.sekarang gojek terlalu rakus cari untungnya.pendapatan driver diminimkan,kastamer bayarnya dimahalkan dan restonya dimintai biaya free ongkir utk order yg masuk",1
mantab,5
"Aplikasi jelek, promo ditawarin kalau pake gopaylater!!! orang buat makan aja disuruh minjem dengan bunga selangit! aplikasi anak bangsa apanya! kalian tuh bukan pinjol! stop bikin aplikasi ini kaya pinjol!!",1
tempat yang enak buat order apa saja,5
transportasi cepat mudah tepat dan murah...yok cabut,5
okee,5
Pakai gojek jadi lebih mudah berpergian,5
ok lah mantap,5
masa driver minta tip terus bilang nya buat pajak terus bayar ongkir gunanya apa?,2
harus lebih murah jangan kalah sama sebelah,4
"baru aja pesan gojek ride untuk menjemput ibu saya(alamat ibu saya) tujuan ke rs, tp kenapa jdi muncul double order (alamat saya ke rumah ibu saya) ini gimana ya servernya jadi tdk enak sama bapak drivernya, kenapa bisa terjadi double order pdhl saya cuma pencet sekali aja pemesanannya (alamat ibu saya ke rs). tp muncul 2orderan diwaktu selisih 2mnt itu posisi saya sdg mengatur maps penjemputannya,tolong diperbaiki lagi servernya/sistemnya baru kali ini terjadi selama bertahun2 pake gojek.",2
ayolah banyakin promonya,5
sangat membantuku thank you,5
good,5
"baru kali ini menemukan driver yang baik ramah,",5
sangaaT membantu,5
"bagus,cuma kenapa setiap dapat driver selalu jauh2 dn jd menunggu lama,tolong di perbaharui agar penjemputan bisa cepat dapat driver yg terdekat. kami selalu mendukung tranfortasi lokal,tp secara sistem sangat2 bagus grab yg cepat dapat driver dn jarak jemput sangat dekat.klo gojek sangat lama dapat driver dn jarak jemput selalu jauh jd nunggu lama.jd secara sistem mempengaruhi di pelayanan yg tidak maksimal.karna selalu nunggu lama",5
puas,5
good app,5
gojek paling thebest,5
saya suka drivernya ramah2 trutama BG Jaka itu saya sangat suka dengan pelayanananya,5
utk gofoodnya gak recomend.,1
maaf td salah pencet utk rating bintang nya ...bukan yg complain tp yg cukup baik sy kasih bintang 5...tksh ya pak...,1
mantap,5
ok,5
bagus tapi soal harga kompetitor gojek lebih murah mungkin bisa di turunin harganya,4
masih ada driver yang pilih pilih penumpang dan jarak,4
membantu sekali,5
mudah dan praktis,5
mantap,5
sangat membantu di stiap kamna pun pergi,5
good,5
keren,5
diperlukan disaat dibutuhkan,5
pesen grab car jam 10 sampai set 11 dapet 3 driver di cancel Mulu sama drivernya GK niat kerja,1
parah driver disini tolong lah gojek kasih penalti ke driver yg cancel cancel penumpangnya saya udh 4x di cancel,2
"dari dulu sampai sekarang hujan gerimis saja dapat drivernya, harganya makin mahal , sepeda motornya banyak yang sesuai, comfort yang datang beat",1
good luck,4
keren,5
top banget,5
terbantu.,5
oke,5
sgt puas,5
Membantu sekali dalam transportasi...,5
mantap,5
"padahal dulu dulu ini aplikasi jadi rekomendasi tapi ini parah banget ya Allah mesen makanan 1 jam gak datang pembatalan gak bisa, klik bantuan katanya gak bisa dibatalkan karena udah di siapin resto woy lah nunggu 1 jam lebih udah hilang juga nafsu makan mana pembatalan gak bisa benar benar parah sekali setelah ini aku langsung un instal aplikasi ini sangat tidak direkomendasikan",1
sangat bagus cepat terpercaya,5
"go food nya gimana sih, udah diberi pilihan waktu pemesanan tapi waktunya sama aja, sama sama luama bangett lebih dari 1 jam makanan ga jelas udah dianter/belum karena masih proses mencari driver. orderan tidak bisa di cancel padahal udah kelewatan lama. ga bermutu Samsek.",1
👍,5
apk gojek semakin gak jelas buruk apk ini,1
skrg adminnya suka ngelawak ya apa lagi kesepian bgt sampe nulis d Beranda Gojek? hehehe semangat mimi .. bugsss aja gpp min biar mimin galau terus... semangat ketuaaa,5
servicenya memuaskan penjemputan cepat tepat drivernya ramah sopan armada bersih harum nyaman top pokoknya,5
bagus,5
"bagus si, kurangnya kalo hujan gaada driver",3
"Aplikasi nya sudah bagus. Hanya saja saya mau bertanya. gunanya opsi ekonomis di gofood apa kalau akhirnya saya gak dapat driver? disuruh tunggu 85 menit hanya untuk di beri harapan palsu? mikir dong, kalau gak niat bikin opsi ekonomis gak usah sekalian. driver lu tu mental miskin semuanya. gak profesional. hanya ngambil yang menurut mereka menguntungkan mereka saja. lucu pelayanan kalian.",2
driver gojek car ruwet,3
"fitur gofood nya lama banget, masa bisa sampai 2 jam....",1
"akhir akhir ini banyak driver gocar yg aneh. double order tapi ga bilang, masa nunggu 1 jam an gaada konfirm. saya ga masalah asalkan ada konfirm dari driver tapi ini driver nya juga ga bales, ditelp gabisa. kocak deh",3
Bagus,5
mantap,5
"Lagi banyak promo, ongkir mahal. Langganan plus, biar dapat diskon ongkir. Udah langganan plus, promo malah pada ngilang. Cek akun gojek temen yang ngga langganan plus, promo masih banyak. Jangan gitu lah bang, sini loyal langganan plus malah gadikasih promo. update 21-11-25 Drivernya songong semua, beli makan nunggu sejam ga diambil driver. buang-buang waktu.",1
Berjalan bersama Gojek-Transportasi...,5
aplikasi bikin emosi sudah dari tadi nyari driver gak nemu nemu terus sudah gonta ganti dari motor ke mobil dari mobil ke motor gk dapat driver terus.. 👎👎👎,1
Terimakasih aplikasinya memudahkan kita untuk pakai. sering-sering kasih promo ya,5
"Haloo, saya izin berkomentar dengan sistem gojek yang menghapiri driver dengan kode yaa. Ini biasanya saya dapati di sekitar stasiun. Jujur, ini justru mempersulit penumpang. Yang biasanya dihampiri driver, justru kita yang menghampiri. Belum lagi, driver yg mangkal itu pasti akan kebanyakan menolak karena memandang harga dan jarak. Terimakasih, ya.",5
good,5
mantap,5
"cinta banget sama gojek plissss. Gojek ak mencintaimu. Paling sering pake gojek, gopay, sama gofood-nya. Bakalan lucu kalau si ijo ini temanya berubah ngikutin natal(hijau-merah), valentine(pink-hijau mungkin), halloween (hitam-orange-hijau) udah sempurna sih dari diskon sampai yang lain. 🫶🏻💞💞💞✨️✨️",5
"mantap, sukaa bangett",5
"saya sering menggunakan aplikasi go Jek tapi akhir akhir ini goJek sudah ngawur,, sering dapat 2 driver padahal yg di order cuma sekali pencet.. jadi rugi bayar double ke abang drivernya karna kasihan",1
apk startup mengecewakan saya rating bintang 1 pakai 10 akun,1
trima kasih....memudahkan segala kebutuhan...,5
"antrian gocar bandara sampai 50antrian, petugas terminal 2D kurang ramah, terimakasih",1
tidak adil ini main supend akun saya tanpa saya tau apa kesalahan saya ini sama aja mematikan mata pencarian orang kalo saya bersumpah ini pihak g jelas ngasih bukti kaga main supend aja,1
selalu bisa diandalkan ketika dibutuhkan 💚,5
"sbenarnya sy sering puas, tetapi pernah pesan, merek mobil & nomr platnya yg datang beda dg d aplikasi, & drivernya kebetulan wataknya kasar, marah2, akhirnya sy gagalkan, tolong d tertibkan, meresahkan",4
keren,5
transportasi gojek,5
sip biar bintang yg berbicara...,5
👍👍👍👍kereen,5
ok smuanya,5
"gojek lawak bgt, knp akhir-akhir ini loading mulu, jaringan aman, baik wifi atau data seluler, kapasitas ada, tapi pas dibuka loading mulu kek berat bgt dibukanya, tolong benerin coba",4
"driver nya rata rata kurang ramah, bintang 1",1
transaksi aman,5
"ga lagi pakai gojek, driver ga gerak lebih dari 30menit lebih. dihubungi ditolak, di chat ga dibalas, dibatalin ga bisa dengan alasan driver sudah jalan. pelayanan 👎",1
good,5
good ngk ada kendala apapun,5
sangat puas.. tapi kasihan drivernya dengan program 5k,5
"mohon maaf kepada aplikator, ini kenapa apk ga bisa buat angkat telpon dari driver ya, pas mau telpon balik malah pake nomor pribadi, biasanya bisa buat angkat telpon dari driver tapi ini kok ga bisa dari kemaren²...kalo ga ada tindak lanjut saya akan menurunkan rating di apk, terima kasih",5
membantu,5
"sangan memudah kan sayaa,ngak perlu QR lagi udh bisa langsung potong di gopay kitaa jadi sangat fleksibel",5
bagus,5
ok,5
Good,5
Aplikasi yang sangat memudahkan bepergian,5
bagus,5
makin ke sini makin aneh driver nya sering cancel² dan jauh²,1
mohon disegerakan mode gelap di aplikasi go-jek. menunya sudah lama ada tapi kok nggak buru-buru direalisasikan untuk penerapannya? ayo segera ditambahkan mode gelap biar irit baterai di aplikasi go-jek.,4
bagus sekali,5
the beeeeeest,5
keadaan dirumah sedang sakit semua. lama sekali dengan cara penyelesaian masalah gofood yg harus menunggu driver selama 1 jam dan susah untuk membatalkan pesanan hanya karna tidak mau rugi.. kecewaa !!,1
"Terimakasih gojek,,memudahkan sy dlm bepergian..",5
mantap,5
biaya dan tarif gojek sekarang semakin mahal. utk pelayanan jangan hanya membebankan kepada driver saja. perusahaan harus lbh memperhatikan driver dan customer. jangan mau ambil untung besar. mohon utk kota2 atau wilayah kampus harga lebih murah d banding perkantoran,3
tingkatkan terus pelayanan,5
seneng bnget,5
"konfirmasi batalin harus di perlama minimal 10 detik, karena kadang tidak ada konfirmasi dari pembelian yang di lakukan",2
mantap,5
efisiensi,5
Apk Memudahkan BeLanja 😍,5
bagus,5
jadi mdh dan cpt,5
nyaman,5
"Very Good, sangat memudahkan kita bagi yang males bawa kendaraan atau tidak punya kendaraan... 🥰",5
Bagus cuma sekarang ga ada vocer yang bisa di pakai,4
Tidak menunggu lama Drive langsung datang,5
Pelayanan yang baik dan fitur yang banyak,5
"coba tolong si setiap saya pesen gocar mau berangkat kerja, dapetnya driver ga bener bikin saya telat kerja .. tolong di evaluasi dong driver gocarnya, sudah 2x saya seperti ini",2
mantap,5
mudah & simpel,5
ok,5
kecewa,1
membantu bgt 👍👍👍,5
"kecewa banget udh nunggu lama"" pesan gofood ehh maalh gak ada drivernya,udh nunggu 1 jam, pesanannya juga gak bisa di batalin sebelum 1 jam ,malah perut ku benar"" laper banget,aku memang pesan cuman 1 menu tapi kesal banget serius aplikasinya gak jelas next ga bakal pake aplikasi ini lagi",1
keren,5
cukup membantu,5
"tolong untuk zoom map jangan otomatis karena menyusahkan dalam menentukan titik lokasi, masih lebih baik untuk versi sebelumnya jadi terlalu banyak render di hp dan terlalu berat",1
"tepat waktu, kendaraan nya bagus dan nyaman serta drivernya baik dan ramah",5
kalo ga dapat driver harusnya pesanan gofood bisa dibatalin kaya shopee food! aneh banget koorporat,2
"aplikasi yang banyak membantu, love sangat untuk gojek",5
ah percuma di gojek ada gopaylater juga gak bisa belanja di tokopedia,5
"ini gimanaa si kok suka bgt tiba tiba order sendiri padahal ga mencet,sudah 2 kali kejadian seperti ini,pertama mobil Dateng katanya order padahal ga order ,yang kedua nasi bebek 4 bungkus padahal ga order tiba tiba kurirnya Dateng,ludes tuh uang 247rb,sistem nya amburadul bgt,merugikan org lain,ini terlalu bahaya jika tidak di benarkan,saran saya di benarkan sistemnya ,atau org lain akan merasakan hal yg sama dan hal hasil mereka pindah haluan,sekian.inget 247 RB bukan uang kecil,INGAT ITU",1
transportasi mudah dan aman,5
"mudah., nyaman . okeh 👍",5
mantap,1
oke,5
keren,4
baik,5
apa apaan harga tiba2 berubah pas udah sampe. GW MALU,1
"sekira nya mahal jangan pake gojek ajah,tetep yang kena driver low ada apa""mh,jadi untuk semua pelanggan gojek dengan tarif nya bilang mahal itung2 shodakoh ajah biar dapet pahala,bnyak sekali keluh kesah pelanggan gojek itu di karena kn pelanggan nya masih ajah titik anter sama jemput kurang pas",5
kenapa ya gojek ko semakin mahal,4
mudah,5
lama dan ongkir mahal,1
driver nya pada lelet,2
perlu di tingkatkan lg untuk titik lokasi kadang ga sesuai dengan map atau alamat yg tertulis..,4
"aplikasi tolol org pesen motor pngn cpt , malah dikasih yang jauh drivernya , pdhldpn mata juga ada kosong , dr jaman dlu smpe skrg ga ada perubahan emang ga niat org kantor e , pantes rugi terus",1
"Jelek, nyari driver aja susah banget di daerah Indotaisei, Cikampek, mending grab, cuihh",1
sangat menarik dan memuaskan,5
gojek memang bagus,5
mantap,5
sangat membantu dengan adanya aplikasi ini....,5
ngapain ada layanan express kalau nyatanya selalu telat. dah gt waktu ga berjalan. ga fair lama2. ga konsisten. jangan gitu2 amat nyari untungnya dong. kita pake expreas krna emang btuh waktu cepat tp kayak dibohongin aja pake iming2 ekpress. bukan 1x 2x tapi selalu setiap pake ekspress selalunya TELAT. dah gt waktunya ga jalan. endignya sama aja biaya reguler. kalian jangan ketipu layanan express guys.nyesel,1
gerimis dikit nyari driver lamaaaa bgtt. apalagi klo hujan. ga ada yang nyantol,1
sudah mulai nyaman,4
"lama dapat , cancel order ga ada pemberitahuan, sama kl mau cari untung jangan keterlaluan masak harga asli Rp.27.000 , dijual Rp.44.000 di aplikasi (tulisannya sdh disc up 56%)",2
sangat membantu,5
harga suka berubah padahal posisi sama,1
"Segala fitur yg dikasih saat ini sudah cukup baik, cuma masih ada yg kurang kalau menurut saya, yaitu mengenai sistem pemesanan gocar yg tidak terdapat opsi pemilihan rute Tol dan biasa",4
sangat membantu sekali,5
"mudah,murah,cepat",5
"aplikasi sering tidak menanggapi, pencarian driver lama, udh dapet malah di batalin driver, aplikasi ga jelas",1
sangat membantu,5
memuaskan pemilihan rutenya,5
ok,5
"zaman skrg mau apapun tinggal sekali klik digenggaman, mdh cara dan klaim nya, thx hanya di Gojek",5
susah dapat driver,1
driver ramah tepat waktu,5
"aku lebih suka gojek di banding gr*b , krna kl di gr*b rata' pada ga sopan semua padahal tip udah di kasih 🥲 , kl gojek jelas sopan dan ya ga maksa juga..",5
Berusaha dan tidak bosan menunggu. Terima kasih.,5
"baru pake gojek lagi tapi udah dapet pengalaman buruk, driver nya marah"", dikasih tau malah ga ngeyel, sepanjang perjalanan ngomel"" trs. pokonya pengalaman terburuk.",2
gojek sangat membantu slalu siap setiap saat.,4
order food nunggu nya ga karuan hampir 2 jam makanan baru sampaii 👎🏻👎🏻 ongkirnya paling mahal,1
Tolong dong gojek yang amanah jangan ngrugiin konsumen.aku dari dulu selalu pake goride comfort tapi udah 3x pemesanan dalam satu minggu ini bener2 di bikin kecewa banget sama aplikasi ini.pesen goride comfort yang datang motor kecil.selama perjalanan ga nyaman.kenapa aku pesen comfort karena aku sadar diri sama kondisi bb aku di atas 75.setiap jalan di liatin orang.kasian jg sama motor drivernya takut knp2.aku pake goride karena kalau naik mobil mabok.tolong benerin aplikasi.ngrugiin banget,3
"Aplikasi masih bisa dimainkan driver nakal untuk menipu customer. Pengalaman saya pesen gocar tidak dijemput tetapi status sudah dijemput. Setelah status selesai tarif dinaikkan, tarif toll juga diinput 5x lipat, tmbh biaya aplikasi. Sudah komplain ke CS saldo gopay jg tidak kembali. Perlu improve proteksi yang lebih aman",3
sangat membantu,5
tolong dibasmi para driver member tuyul gojek di stasiun Cakung demi rasa keadilan tolong dibasmi jekk,5
"udah nyari gojek nya lamaa, sekali nya dapet di kasih yang jauh",1
bagus,5
Seharusnya pemilihan pembatalan order 'driver tidak bergerak & driver tdk bisa dihubungi' itu dikasih jeda waktu 3 menit supaya cs tidak asal cancel. karena saya sebagai driver sering mengalami yg mengakibatkan performa turun. saya jg udh lapor driver support tpi gk bisa ngebantu balikin performa & jawabannya malah ngelantur.,1
terimakasih atas kesabaran nya mengantar pelanggan ☺️,5
penentuan titik lokasi penjemputan susah² gampang terkadang titik lokasi berubah sendiri.,3
terimakasih atas pelayanan mas driver yg ramah dan profesional 🙏👍💟,5
"MAHAL, GAK ADA PROMO",1
never stop for improving all feature,5
"selalu tepat waktu, driver ramah dan sopan",5
Aplilask gojek knp gk nimbul ya,5
senang,5
baik promo,5
aplikasi nya memudahkan untuk operasional,5
"gk jelas bet drivernya rata rata pada gk bisa maksimaliln udh pilih mode yg cepet juga sama aja ujung ujungnya ngecewain, tolong perhatikan lebih baik",1
membantu,5
"Sangat kecewa dengan GoPay. Saya menggunakan GoPay untuk transaksi jualan, dan saat ada banyak transaksi masuk dalam sehari, akun saya langsung diblokir tanpa pemberitahuan. Saat saya ajukan banding, jawabannya hanya template dan tetap ditolak. Bahkan saldo saya ikut ditahan. Sistem anti-fraudnya terlalu sensitif dan tidak mempertimbangkan kondisi pengguna yang benar-benar berjualan. Pelayanan CS juga tidak membantu sama sekali. Aplikasi ini tidak aman untuk pengguna yang sering transaksi.",1
"kenaikan harga tidak masuk akal, hanya mencari untung saja menyusahkan pengguna",1
puas,5
sudah bagus,4
puas!!,5
"terlalu berbelit minta pengembalian barang ga lengkap, evaluasi ke tenant bukan ke member, be smart please cs nya",1
"sejauh ini ga mengecewakan, mantap",5
"Bagussss, yuk rame2 pake gojek. banyak pilihan transaksi dan pelayanannya bagusss 🫶",5
memudahkan,5
sangat puas dan nyaman,5
mudah dan amat membantu,5
ok,5
"penurunan performa harga lebih mahal dari aplikasi lain yang serupa dan driver terdekat begitu jauh, berbeda dengan aplikasi kuning",3
sangat terbantu,4
"smp saat ini bagus sih belum mnemukn kndala,mksh gojek",5
Terimakasih banyak atas bantuan dan kerjasamanya. semoga kedepannya tetap jaya,5
mantap,5
sering dapet driver 🚕 dg jarak yg lumayan jauh 4 sd 5 km tolong di perbaiki max 2 km lah masak kalah sama ijo sebelah,2
pengiriman gofood sengaja diperlambat gada diskon Untuk pembayaran cod,1
driver ramah respon cepat.,5
"Beberapa kali dapat sopir gojeg jutek judes banget, padahal bawa pasien lumpuh dengan kursi roda. Sopirnya cuek ngak mau bantu sama sekali walau sekedar nanya, senyum aja gak ada, apalagi bantuin buka pintu mobil. Diem duduk bae di kursi sopir. bagasi juga gak dibukain kalau tidak disuruh minta buka bagasi buat naruh kursi roda. payah pokoknya oknum sopir gojek. Gak lagi make gojek ganti apl lain",1
amat sangat membantu bintang 1000,5
"driver sudah diberikan uang parkir, tapi bisa tarik uang parkir dari aplikasi tanpa persetujuan konsumen diperbaiki lagi aplikasinya, MERUGIKAN KONSUMEN !!!!",1
sangatlah memudahkan perjalanan sy dijakarta,5
dari dulu selalu pake gojek,5
sukses sll gojek,5
oke,5
mantap Sangat membantu,5
"ga ada masalah tapi akun malah diblokir, cs nya juga ga bisa bantu sama sekali. percuma aja bikin laporan.",1
"di menu GoFood tolong adegan chef melempar pisau saat memotong mentimun di hapus, adegan tersebut sensitif yang di takutkan akan di tiru oleh anak anak🙏",3
ramah,4
driver nya sopan,5
"sejahterakan driver, agar ojol kembali berjaya,",5
ok,5
tolong aplikasi gojek lebih teliti lagi dalam mencarikan mitra driver sesuai ganjil genap. karena kebutuhan mendesak lewat tol harus sesuai ganjil genap. dan ketika saya memesan dapat sampai 5x tidak sesuai ganjil genap saya dapat notif bisa di blokir akun saya ketika melakukan banyak pembatalan. padahal saya melakukan pembatalan karena jelas tidak sesuai ganjil genap yang tidak dapat akses lewat jalan tol tolong lebih di perhatikan lagi dalam mencarikan mitra. terima kasih,4
ramah,5
ok,5
Senang menggunakan Go-Jek. Drivernya selalu ngajak kita ngobrol....jadi perjalanan tidak membosankan.... sukses Go-Jek,5
masih sering bnyk yg gak respon di CHATT klo gak mau ambil orderan,4
mantab,5
siplah,5
bagus untuk keadaaan mendesak,5
"pilih layanan goride paling hemat, tapi pas di klik harganya naik.ini gimana maksudnya pak nadiem ,,,menjebak sekali aplikasi anda🤨",1
"nyebelin, kadang eror, barusan isi gopay sesuai harga yang saya pesan, bahkan saya lebihkan sedikit, saya pakai gopay supaya nggga ribet bayar cash, ehh tau tau pas saya mau order, harga melambung pesat jauh dari harga sebelumnya, yang otomatis membuat saya harus top up lagi, ngeselin",1
driv baik,5
tepat waktu dan santun,5
"makasih yg udah nyiptain gojek, dan makasih buat para drivernya juga",5
sangat membantu adanya gojek ini,5
"Gojek mantul bgt,sgt membantu !!! Trims gojek... #JAYALAH TERUS PT.GO TO GOJEK TOKOPEDIA INDONESIA",5
bebas tanpa hambatan,5
makin thn makin buruk ajh pelayanan gojek,1
"hadehhh, makin kesini makin pelit voucher",1
mantap,5
okay,5
"driver nya pada songong sya mesen gofood gak ada yg mau nerimanya, tolong diperbaiki driver nya untuk GO-FOOD",1
Penyelesaian masa tunggu nyari driver lama buruk,1
ok,5
Bagus.,5
"saya sangat terbantu dengan aplikasi gojek ini fitur aplikasi nya banyak dan mudah digunakan, bisa pesan apa saja, mulai dari ransportasi, makanan dan kebutuhan sehari hari, thankss yaa gojek sudah mempermudah hidup saya :)",5
ok,5
"saking gadak nya insentif buat driver, sekarang asal pesan makanan kalau hujan selalu gadapet driver, parahhh mending pesan dari Shopepod",1
aplikasi mantap,5
"udh ongkirnya mahal, durasi pengantaran diaplikasi tinggal sebentar tapi gak berubah, udah ½ jam nunggu tapi tulisannya tetep 38 menit lagi, udh direfresh pun tetep aja. gimana sih.",1
good,5
"kecewa banget sama nih apk, gak kebayang aja udah ketipu sama Driver dua kali padahal udah bayar, sekalinya ketemu malah lemot banget jalannya. gak ikhlas aja duit ilang lebih dari 50k secara cuma2 karena langsung lewat gopay",1
payah,1
"aplikasi ampas, kalo udah sepi driver tutup aja perusahaannya, bukan solusi saat kelaparan, yang ada malah makin lapar.",1
"gojek gimana ni tolong ya klu vermuk buat driver cahaya hp jangan terang otomatis,trs jangan deket2 mata..bikin mata driver rusak..saya udh telpon CS berkali gak ada perubahan...klu driver matanya rusak emang gojek mau ngobatin",1
"Sumpah selama kemaren kebandung gw pke nih gocar tapi pelayanaan sopirnya kurang bet gak ada ramah2nya sama sekali , trus jg kek parkir itu harus bgt yah kita yg bayar dan kalau kita bayarnya cash suka gak ada kembalian tuh sm sopir grabnya giliran kita yg kurang seribu atau 2ribu aja ditagih sm segitunya ... jujur agak kecewa bgt sama pelayaanaan supirnya ... kurang memuaskan",1
maaf saya kasih 1bintang aja,1
👍,5
sangat membantu untuk saya sebagai manusia yang mageran ini 👍🏻,5
baik,5
mantap,5
senang,5
ok,5
Andalan ketika yang lain ga sanggup.Gojek jadi solusinya.,5
semenjak update kok gak bisa tracking driver gofood. aneh aneh aneh,2
"aplikasi hancur, nggk bisa dibatalin sering kasih maps ngaco",1
sangat membantu,5
Tolong banget pihak gojek... minimal kalo hujan tetap ada driver yg ambil. menyusahkan pengguna,4
DRIVER NYA PADA MALESSSSS KALO GA NIAT GA USAH NGOJEG,1
"drefer nya gj udah di tunggu setelah jam tiba"" di batalin",1
pokoknya nyaman dan menyenangkan apalagi go food nya mantaaap,5
"kelamaan, lelet kayak siput",1
"apalahhh skrg ongkir GO-MART mahal banget.. pdhl jarak paling cuma 2km, knpa skrg gada potongan ongkir lg",3
bagus,5
"tidak dapat chat dengan customer service, chat cs tidak dapat mengetik dan jawaban sdh dikondisikan.",1
"gojek payah!!! di MALANG khususnya di daerah ranugrati tiap hujan 1 jam lebih pesen ga dapat2 driver, emang ga ada driver apa emang ga mau on tiap hujan karena takut basah?!! jujur kecewa sekali saya pelanggan gojek, sekarang pindah ke grab, sekali pesan lgsg dapat.",1
sukaku banget apalagi buat aku kaum males haha pokonya keren,5
bagus,5
sombong banget supir gojeknya. giliran hujan pada gak mau terima orderan. kalau harga mahal mending bluebird.,2
bagus,5
bagus,5
"driver gojek yg skrg gk prnh ad mantel penumpang jdi kalau di tengah jalan tiba"" hujan dn saya lagi buru"" cmn driverny doang yg pakai mantel, kecewa bener!!!! padahal driver"" gojek dlu sllu sediain 1 mantel buat costumer! tolong dong gojek buat ketentuan syarat dn ketentuan perlengkapan itu jgn cmn d mereka sndiri saja!!!!",1
"Di Zaman yg serba instan gini, sangat membantu bgt si, dri mulai gojek gocar terutama gofood!! pernah pesan gofood tapi makanannya ada yg kurang, chat admin prosesnya cepat dan gak ribet, kurang dari 2x24 jam uang dikembalikan ke saldo gopay! sesuai item makanan yg kurang!! mantap..",5
"setiap pembelanjaan express gak pernah tepat waktu atau lebih cepat, selalu telat, percuma bayar lebih biar cepet tapi hasilnya lebih buruk dari ekonomis",1
thank full,5
"woy lah, aku lagi mencari driver, gak ada yang mau nerima, terus aku cancel kan. Aku pinjem gojek temen ku tiba tiba ada driver manggil nama ku sambil misuh, pas ku cek ternyata ada driver yang dah sampai padahal aku dah cancel karena gada yang nerima. si drivernya pergi. Kenapa bisa gini??",1
"Tolong dong untuk mitranya udah pesen dan nunggu lama tapi driver gak bergerak sama sekali bahkan malah menjauh dari titik jemput, sudah di chat juga tapi driver sengaja gak merespon. Kalau seperti itu sangat merugikan konsumen, sekarang jadi males pakai aplikasi ini. Pasti yang punya pengalaman sama dengan saya juga banyak. Masalahnya jadi buang2 waktu buat nungguin, driver di chat gak dibales, nungguin sampe lama, ujung2nya kita harus cancel karena mitranya tidak mau cancel.",1
Sangat membantu perjalanan,4
bolehlah,5
"Percuma gw di kasih limit banyak² kalau tidak bisa dipakai pesan makanan karena promonya di tiadakan. Gw baru tau sebab teman ku pesan makanan dapat promo dari Gojek langsung, pas ku cocokkan dengan handphone ku isinya ZONK anjir jadi malas pake Gojek lagi",1
bagus,5
"terimakasih,gocar,dan gojek bagus,mohon pertahankan,sy sebagai guru ASN pertahankan biaya gocar ya 32-35ribu dijam 14.00sd18.00wib pertahankan",5
"aplikasi sekarang tidak bisa memesan dua kali,, padahal saya kalau pindah orang pekerja butuh mobil banyak. malah hanya di batasi satu pemesanan saja,, Go-Jek sekarang tidak jelas kayak para pimpinan Go-Jek.nya",1
"Tolong di tindak driver yang sering menyiasati penumpang untuk menyuruh cancel, dan meminta membayar secara offline, padahal akun sudah terhubung gopay",3
baik bgt udh sabar banget ngebolehin tasnya dipegangin karena kepala saya oleng mau jatuh .. nganterin saya sampai tujuan .. sehat sehat buat Abang gojek nya .,5
gosend barang sering ngga nyampe,1
manta dan berkah Gojeg,5
lama cari driver go send nya,2
mantap,5
ngga ada cs yang bisa di hubungi cuma robot yang jawab,1
sangat baik nyaman dan mematuhi aturan,5
"lama2 belanja gofood di gojek jadi mahal.. ongkir nya gak nanggung2,diskon pun sedikit pula ..",1
"gocar mulai pilih² customer trak macet dikit minta cancel dgn berbagai alasan, tolong dong pihak gojek kalau cancel bisa kasih rating makasih",1
mantab,5
sukakk,5
nice,5
mantap perjalananya,5
ok,5
"tolong di tingkatkan,,sering sekali error padahal selalu di update...tapi sering banget gak bisa buka buat order,mesikuo sudah di update",3
ok...gojek nya. di jemput tepat wktu,5
"oohh, sekarang harus nunggu dapat driver baru diproses pesanannya? nyusahin driver nih ya tujuannya? mau maksa bayar lebih untuk yang tidak perlu? padahal sudah oke malah dirubah dan memperburuk pelayanan? anda kira pemrosesan orderannya bisa semenit jadi gitu setelah driver datang?",1
👍,5
"titik lokasi sudah dirubah tetap saja dianggap terlalu jauh, diluar jangkauan, jadi ga bisa order apapun!! padahal sebelumnya tidak pernah ada kendala seperti ini!!",1
"Aplikasi sangat baik, pelayanan lengkap, UX nya memuaskan 😁",5
kenapa di apk saya sudah tidak ada bacaan ekonomis nyaaaa min,3
Saya sudah 2 kali pesen goride kecewa..maaf bukan menghina saya pesen 2kali dapat motor yg udah gak layak..padahal itu aq pesen bukan yg hemat aq pesen yg express biar dapat motornya yg layak tapi kok sama saja..saya kurang nyaman..harusnya motor yg sudah gak layak gitu masuknya di yang hemat,1
sangat membantu. aplikasinya anti ribet,5
sangat baik,5
mudah sekali,5
"pasti tarifnya naik terus, nadim gimana ini katanya mempermudah tapi nyatanya mempersulit",1
lbh enk pk shopee food njir .,1
"udah ada Otp via WA msh aja diminta otp via email, ribet amat gx kya grab, lagian otp via WA sudah cukup harusnya, kenapa harus lewat email, itu kan privasi",1
"pesan gofood tapi gojek barengin 2 pembeli, jadinya punya sy telat dan lama sampenya ,da ongkirnya mahal, trus dibarengin 2 pembeli pula, punya sy jadinya terakhir diantar dan lama sampe dingin makanannya ,parah , mo untung gede tp customer dikorbanin",1
ok ok ok ok,5
membantu,5
baik,5
sangat membantu skli dalam hal apa pun trimkasi,4
good,5
bagus,5
"driver anda tidak kompeten,selalu meminta cancel dengan cara diam di posisi",1
"1. driver bayar berlangganan hemat 2. biaya langganan hemat dari driver dibikin voucher diskon hemat 3. customer bayar lebih murah karena ada voucher hemat 4. aplikator tetep dapet full (dari no.1 sama dari no.3) note : driver tidak dipaksa untuk ikut program, driver boleh ikut boleh ga ikut, tapi kalo ga ikut ga akan gacor/orderan dikit/bisa jadi anyep. dulu aplikator bakar uang buat bikin diskon sekarang aplikator bikin diskon ngembat uang driver aplikator pemeras!!!",1
sesuaiblokasi,5
mantap pokoknya,5
sangat bagus dan membantu 🙏,5
mntap,5
"makin mahal, sopir lama dikasih bintang rendah malah marah padahal sesuai fakta dilapangan",1
belum apa apa gabisa masuk/daftar,1
terjangkau dan nyaman,5
"Semakin di upgrade semakin susah, tranafer haeus verivikasi ktp, terus ktp rusak jadi nda bisa diapa""in nih saldo, ayolah tolong dong pihak gojek",5
sangat memuaskan,5
fleksibel..,5
Joss pokoknya.... sya udah daftar mitra gojek susah upload dokumen tapi belum ada panggilan untuk tatap muka,5
just wanna say thankiuu gojek! u helping me for take care my children 🩷,5
Keren,5
lelet,1
"Di aplikasi nya banyak masalah, gojek nya gak jalan diem aja, kalau bisa tambahan fitur gojek lumayan jauh apakah orderan anda Terima? Jadi buat anaka sekolah nhe lama kamain",1
ok Good,5
"sebelum si EDI SUDARTO B1879DOZ DAIHATSU SIGRA belum ditindak lanjuti, kacau sih. driver gajelas mobilnya beda,main ketok harga pula. orang lagi berduka gak ada empatinya sama sekali nih orang sialan",1
"Penanganan Batalkan pesanan lama, tidak bisa chat resto paling parah",1
sukses selalu,5
terbaik,5
ferfeck,5
bagus,5
sangat membantu,5
"Tolong blokir / tutup akun driver Anwar Sanusi yang berdomisili di cilegon banten, karena telah melakukan pelecehan verbal.",1
Terima kasih telah memberikan bonus reward untuk Coins nya 🥰 😊🧡,5
sangatlah mengecewakan akun tanpa sebab diblokir dan dibekukan saldo yg tersisa tidak bisa digunakan atau diambil akun penipuan tanpa keterangan dan kejelasan,1
"Go Tagihan tidak bisa selalu diandalkan, pengalaman token listrik akan habis tapi layanan sedang tidak bisa",1
"aplikasi rusak. saldo tak nampak, relog berkali - kali juga tak nampak",1
mantap slalu terbaik,5
sangat oke,5
good,5
"matikan saja opsi ekonomis di go food,2 kali pakai opsi ekonomis ga dapat driver,sampai restonya tutup,CS nya cuma bot,dan pembatalan juga harus 1 jam dulu",1
ok,5
habis update makin bodoh,1
"gojek sangat membantu sekali ketika kita beraktifitas di luar rumah,pesan makanan juga lebih mudah,gopay juga gampang dan mudah.sukses selalu gojek indonesia",5
Drivernya menolak trus. Tolong beri teguran itu,2
untuk food ny kebanyakan driver on food juga tpi giliran dapet food ga di pick up mohon di perbaiki lagi kedepan ny Terima kasih,2
help center kurang membantu. layanan pelanggan aksesnya sulit,1
mantap,5
"tarif custmer sekarang naik tpi tanya"" ke driver pendapatn merrkq tetep sama kaya dlu ktnya tarif driver bklan naik juga jadi kasian sama dirver""",1
pelayanan sangat amat mengecewakan. padahal yg di cantumkan maksimal 1 jam jika lebih dari itu bisa di batalkan. yang terjadi saya nunggu 3 jam pesanan belum datang dan tidak bisa di batalkan. yg di dapat cuma permintaan maaf dari CS,1
puas,5
"terlalu lama mencari driver terlalu memaksa menunggu lama, tidak profesional jika tidak ada driver suruh nunggu lama! orang pesan makanan butuh cepet masa sampai 1 jam lebih, jika tidak ada langsung batalin.. membuat pembeli menunggu lama padahal gk ada driver / sepi idiot emg.. gk lagi2 gw beli pakai ini lebih baik pakai aplikasi sebelah (orange) gk ribet!",1
"mohon maaf tapi tolong jika memang tidak ada driver yang bisa ngepick pesanan gofood maka customer bisa cancel orderan, 50mnt saya nunggu gs dapet2 driver, mau cancel juga gabisa",1
praktik tepat waktu ramah,5
bisa² nya harga gak sesuai aplikasi minta nambah,2
"sangat kecewa dengan fitur layanan gofood yg harus nunggu 1 jam buat ngecancel. kalo sekiranya ga memungkinkan untuk cari driver kenapa harus 1 jam nungguin nya, apa kalian tahu? anda adalah salah satu aplikasi yg saya sering saya gunakan. tp gara2 kalian suruh nunggu sejam makanan gak jadi2 krn njnggu hal2 yg ga jelas, temen saya sampe gerd nya kambuh gara2 nungguin alasan menunggu kalian yg ga masuk akal itu. mohon dibenahi!!!",1
gud,5
mantaap,5
recommended 👍👍👍👍,5
"lancar,murah,tepat waktu",5
"harganya terjangkau bgt,jadi segan kita kasih sesuai harga saking murahnya,wkwkwkw,",5
ga pernah telat bayar pinjaman tapi pas diajukn lgi ditolak,1
te o pe 👍👍👍👍👍,5
mantap,5
good,5
TIDAK BISA MENYELESAIKAN PERMASALAHAN SAYA TENTANG GOPAYLATER DIAKUN SAYA YANG DIBLOKIR SECARA SEPIHAK!!!!,1
ok,5
harusnya sistemnya dapatin driver dulu baru restoran buat makanannya.. bukan sebaliknya.. jadi kalo emang ga ada driver ambil bisa dibatalin ga harus sampe lamaa banget nungguin.,1
tepat waktu dan ramah,5
aplikasinya mantap,5
good untuk driver nya,5
"mohon dari pihak gojek indonesia diadakan gojek instant di stasiun duri biar tertib seperti distasiun tanah abang, soalNy saya perhatikan driver banyak pilih2 oder, dan penumpang terbengkalai menumpuk dan bikin macet di jalan stasiun duri,, driver tertib penumpang tertib jalan raya pun tertib lancar tidak ada kemacetan. mks",5
"susah banget cari driver di kala hujan hujan, padahal udah pesen di harga termahal buat gojek mobilnya, gak niat kerja apa dari sistemnya",1
cari drifer lama,1
selalu jadi pilihan terbaik dalam membantu kebutuhan transportasi dan layanan belanja online atau pengiriman.... terimakasih gojek sdh menemani selama ini,5
"seneng ongkosnya terjangkau, banyak voucher nya. mantap 👍",5
"udh sering pesen tp pas momen udh slesai hujan kenapa g ada yg mau pdahal harga udh dua kali lipat, kecewa jd nya",2
Good Good Good,5
sangat memuaskan,5
top,5
gocar point bandara soekarnohata mengecewakan,1
"nyaman, driver ramah",5
"Beli makan, bepergian sangat membantu aktivitas sehari-hari banget guys...🥰",5
good,5
"kalo habis hujan susah dapet driver, padahal udah pilih pencarian prioritas",1
"saya pesen gojek makin susah dapat drivernya sekarang banyak pilih2, mending pake apk sebelah",2
"Saya sangat kesal dengan driver gojek maupun gocar yang pilih-pilih cuaca dan lokasi tujuan saat orderan, padahal sangat dekat dengan lokasi jemput tapi tidak ada yang mau mengambil sama sekali, dan harga juga lumayan tinggi, sangat tidak memuaskan!!",1
drivernya yg deket ga mau ambil ambil lama dapetnya... klo dapwt ga jalan² drivernya,1
"bagus, bisa dpake kapan sja",5
ok,5
"gojek sangat bagus tapi saya ingin meminta maaf kepada driver yang saya cancel secara tiba-tiba, saya benar benar minta maaf, dan saya tidak sengaja kepencet pencet fitur yang lain. untuk driver yang saya cancel saya minta maaf sebesar besarnya. saya tidak tau harus bagaimana lagi, karena saya ingin mengechat drivernya tapi tidak bisa. mohon maaf sebesar besarnya",5
aplikasi gajelas làma banget dapet driver,2
gacor 100%,5
👍👍👍,5
lamaaa banget pesen pake reguler masaa satu jam udah gitu ga bisa dibatalalin ga jelasss,1
"udah ga ada banyak diskon lagi kalo pakai Gopay, adanya dari bank tertentu aja uhuhu",4
aplikasi nya jelek susah dapet driver,1
terimakasih atas layanannya,5
"emg kalo pke gocar yg hemat salah? namanya org dpt diskon kan? salah satu abang gocar nya ad yg g trma karena pke hemat trs bilang gg sempit, perasaan jalan kan ga cuma satu di tambah lagi saya mesen dari jm 15.06 baru ktmu Abang gocar nya di jm 15.15 tp ga nyampe' pdhl titik nya aj cuma 1,3 km di jm 15.52 bilang nya ""udh tau gg sempit, mna pke gocar hemat lagi, sue"" saya udh nungguin lama' malah dpt ucapan kaya gtu? mending pindah ke grab banyak promonya abang' nya jg ramah' ga kaya ini.",2
APLIKASI GAK GUNA,1
👍👍,5
saya kecewa sedikit sama aplikasi ini karena driverw nya disaat waktu hujan tidak mau mengambil penumpang yang terlalu murah bahkan 40k mereka tidak mau menerima nya,2
aplikasi transportasi online yang dapat di andalkan,4
usahain klo hujan tuh driver siap mantel yakk bg cape nungguin hampir 2 jam,2
Good,5
Aplikasi kacau susah cari driver giliran dpt di cancel driver nya gak sopan B 1100 DOZ,1
"sangat membantu dalam perjalanan disituasi macet jalan raya, lebih irit, aman",5
"gjls, cuma gerimis doang gamau ngambil, pdhl udh bayar agak mahal",1
mahalllll,5
"KALAU HUJAN, SUSAH NYA MINTA AMPUN, SEPERTI TIDAK NIAT",2
"semoga gojek sll yg terdepan maupun yg terbaik dlm segala bidang yg bermanfaat bagi masyarakat bnyk, Terima kasih 👍",5
"tambah kacau aplikasi GO-JEK, khusus nya untuk gorid. terlihat di aplikasi kalo di sekitar banyak driver yg online tpi malah lama banget dapet nya, udah fitur pencarian cepat tapi masih lama malah di kasih driver yg jauh2, dan di cancel juga sma driver nya.",1
jos,5
Driver sok sokan gamau ngambil pesanan padahal jarak dari lokasi deket jadi males make gojek,2
lamaaaaa,1
"tata bahasa admin gopinjam buruk banget, ngingetin via wa kek preman. padahal perusahaan ternama. baru telat 1 hari dah kaya telat setahun. pinjaman kecil padahal. males ah sama gopinjam.",1
jos jis,5
cepat mendapatkan drivernya,5
"kalau mau kerja sama,sama gopinjam kasih tau dong gojek buat lebihj sopan santun nagih orang , saya dah janji akan bayar gajian dia ngotot harus dibayar hari itu juga tolong di berikan evaluasi lagi org gopinjam ini diberi peringatan katanya legal tapi menagih sepertii ilegal mengancam",1
kami selalu gunakan aplikasi ini,5
"tolong di upgrade lagi gojeknya, untuk map lokasi di paskan sama posisi akun..dan fitur chat untuk gofood ke penjual di nyalakan karena pesanan sering lama sampainya jd keteter banget tolong diperhatikan pihak aplikasi",1
gak jls aturan mau pesen makan aja harus upload ktp kayak mau ngutang aja.,1
drivernya ramah n sopan.. bawa penumpangnya slalu hati2 .. pkonya top utk gojek..,5
"TOLONG SIAPKAN DRIVER SAAT HUJAN, KARENA KITA SANGAT MEMBUTUHKAN MEREKA UNTUK PICKUP GO FOOD SY, SY UDAH NUNGGU LAMA BANGET MAKANAN SY BLM DI PICKUP JUGA, PADAHAL SUDAH JADI MAKANAN DARI LAMA , SEMUA DRIVER WAJIB DI KASIH JAS HUJAN AGAR TIDAK ADA ALASAN TIDAK BISA PICKUP GO FOOD ATAU ANTER PENUMPANG MOHON BANGET KARENA INI SUDAH SERING TERJADI SAAT HUJAN TIDAK ADA DRIVER YG MAU PICKUP ATAU ANTER PENUMPANG, MOHON DIPERBAIKI SISTEM NYA",1
"Tolong perbaiki buat alamat yang suka tiba2 keganti, kadang klo udh biasa pake aplikasi udh jarang double cek alamat lgi",3
dibeberapa pengguna ga ada ongkir hemat ongkir gofood terdekat 12 rb kedrivernya berapa apa bener cuma goceng kasihan drivernya mau kasih tip malah jadi mahal jadi sering offline sekarang,3
promonya luar biasa,5
wah aplikasi pembawa bencana buang,1
memudahkan dalam perjalanan transportasi,5
sesuai tukang gojek nya dan amanah pokok nya 👍👍👍,5
Alhamdulillah sangat membantu dan memudahkan hidup.. terimakasih gojek 😍,5
sip lah kalo buat di perkotaan mah sat set cepat dan gak mahall,5
"SATU HARI 2X TRANSAKSI GAGAL DI HARI YG SAMA DAN SALDO NTAH KEMANA. RESPON SANGAT LAMBAT DAN BERBELIT BELIT, TIDAK ADA KE PASTIAN SALDO AKAN KEMBALI. SANGAT PAYAH UNTUK SEKELAS APK GOPAY UNTUK MEMRESPON PERMASALAHAN INI. UNTUK GOPAY UANG SEGITU TIDAK ADA ARTI KALO UNTUK RAKYAT KECIL UANG SEGITU SANGAT BERATI UNTUK BAYAR PENGOBATAN DLL.",1
professional 👍,5
ok lah,5
nyaman dan ramah drivernya..aplikasi mudah👍🏻,5
"Banyak error hadeuhhhhh. kalo ujan, mobil susah di pesan ga dapet2. ga jelas",1
semakin hari semakin ga ada promonya malah harga nya ga masuk akal mending pindah ke sebelah promonya jelas disini udh promo malah harga nya jauh lebih mahal makin ditinggalkan kau gojekk,1
"gw sangat tidak merekomendasikan fitur gopay later apalagi gopinjam.masa baru telat sehari karena gajihan di undur,bagian penagihan udah ngancam"" dengan bahasa yang kasar juga! mau bukti? saya ada screen shot nya",1
baik sekali pokoknya,5
sangat baik,4
Terimakasih,5
"Contact cs gaguna, jawabanya ai",1
puas,5
terima kasih gojek,5
oke,5
ok lah,5
"kesel bngt setiap pesan titik nya gak nyampe ketempat tinggal, jadinya harus jalan kaki lagi.",2
susah gojek nya. nyari2 pd gk ada yg jemput parah,1
potongan nya besar banget. sumpah kesian sama driver nya.,1
Aplikasinya bagus dan sangat membantu sekali,5
ok,5
driver profesional,5
banyak kendaraannya tak pernah menunggu lama.,5
"aplikasinya bagus, tp klo gue kirim chat di aplikasi gojeknya knp ceklis 1 mulu ya kdang jg ga kekirim pdhl pket data gue blm abis dan klo gojek tlf di aplikasi buat klik jawab respon nya lama.",4
"nyaman,baik drivernya",5
mntap,5
kirim barang di bali search driver di jakarta?,1
kurang memuaskan terutama untuk layanan n tanggapan yg d beri mengenai perubahan no kontak darurat baru yg d berikan. karna niat saya adalah untuk memperbarui info tentang saya...,3
good,5
bagus,5
FITUR CHAT DI VERSI SEKARANG SERING TIDAK BISA DI GUNAKAN.,1
perjalanan baik,5
sangat membantu trasportasi kemana pun,5
lancar dan sangat membantu,5
mantap 👍👍,5
mantap..ringkas n cepat,5
ok,5
seru,5
apk nya bagusss bangettt,5
trimakasi gojek promonya,5
bagus,5
"Mohon maaf saya pengguna gocar dan goride tiap hari,tp knapa kok makin lama tarif makin mahal gk menenentu.saya sebagai pelanggan setia merasa kecewa,klo bisa mohon diperhatikan dan diperbaiki.trimakasih.",5
baguss,5
"sangat membantu,,dan memuaskan",5
ga salah kh gojek ngiklanin slot?,3
tolong pihak gojek kalo daftar harus pake ktp..harus pake nama asli..no telp aktif terhub ke wa..banyak orderan fiktif..kasian driver pada minus..,1
mantap,5
mantap,5
Mohon banyakin jumlah Driver nya disekitar Kebayoran Lama !!!,2
aplikasi berguna,5
aplikasi tiba2 error loading terus selesai update malah makin error,1
nunggu lama² malah ga dapet driver,1
"gojek parah banget ya, uang saya digopay tiba2 hilang. pas liat ditransaksi kepotong sama computerhitech. saya ga prnh transaksi kaya gtu. sumpah ga ridho bgt. aplikasi maling. balikin duit gw..",1
tepat waktu dan profesional. terima kasih atas semua pelayanannya,5
ᑲᥲgᥙᥙs ᥲȷᥲᥲ,5
tolong sediakan qris seperti yg disebelah dong update LG ya saya kasih bintang 2 deh jika udh ada qris jadi bintang 5 LG thanks you segera mungkin adakan qris ya min 🙏 seperti grab update trus menerus di gojek ada gopay ya dibuat qris ya lebih enak nyaman dll semoga disegerakan ya QRISNYA DISEDIAKAN,2
pencarian driver lama bgt anj,1
gojek sangat membantu,5
ada iklan judol,1
sangat membantu bagi yang belum bisa beli montor,5
bagussss,5
"benar benar mengecewakan. tidak bisa mengcancel orderan, padahal driver sama sekali tidak jalan. saya sudah menunggu hampir 1 jam tapi tidak ada hasil. tidak bisa mengcancel, driver tidak bisa dihubungi, customer service tidak bisa membantu.",1
"aplikasi gak jelas, saya sudah tunggu 2 jam belum dapat driver buat oick up makanan saya, padahal saya udah bayar pake Gopay. mau batalin pesanan saja nunggu 1 jam lebih, giliran pengaduan yang jawab komputer dan gak bisa ngasih jalan keluar yang konsumen mau. jeleeekkkk pelayanannya",1
ok,5
gofood di gojek sekarang lama. sangat kecewa. saya sarankan tidak usah pakai aplikasi ini,1
"gojeg emang bagus, mantap harganya juga murah",5
fitur chat dengan driver gofood sering pending.. tolong diperbaiki,4
tepat waktu dan Driver nya Ramah,5
gojek cukup baik pelayanannya,5
sangat mudah biar banyak orderan,5
"mau batalin pesanan gegara driver gaada yang ambil masa nunggu 1 jam tolol banget, orang laper keburu mati",1
mantap,5
"Min tolong dong ini gopay/gojek aku, tiba' saldo aku kepotong nth pembayaran gajelas, itu cara aman untuk pembayaran yang otomatis gmana ya?",5
apk GK bisa di cancel,1
sangat terbantuh si cuma kadang susah ganti alamat,5
mantab,5
sangat membantu,5
aplikasi publik yg baik..,5
semakin ok,5
"pelayanan paylater nya kurang bagus, padahal sya selalu bayar tagihan tapi malah diblokir",2
ok,5
memuaskan 👍🥰,5
"aplikasi yang paling the best pokoknyaaa, banyakk promo dan diskon cuyyy😙😆, dowload aplikasi ini ajaa🤗🤗",5
Sangat membantu dan mempermudah apa yg kita butuhkan,5
"baik. gojek, memudahkan kita pergi kemana saja dengan cepat dan aman",5
"untuk gofood perlu dibenahi, sudah menunggu 1 jam lebih tidak ada driver, juga kalau mau membatalkan harus nunggu 1 jam??? padahal resto belum menyiapkan makanan. buang2 waktu",1
sangat puas,5
"susahnya cari driver disini, susah banget!! padahal pas liat peta ada banyak driver disekitar saya!!",1
sangat sangat membantu,5
apakah ada yg sama seperti saya kena tipu cs abal² di Dm IG gopay.. trs klik link yg ujung² nya malah pembelian pulsa 1jt di toko pedia pembayaran nya lwt gopaylatte.. bodoh nya 😭😭😭,5
"semoga ini di baca oleh admin. Bug ini merugikan saya dan driver di mana titik jemput dan tujuan selalu terbalik, lambang jemput itu panah hijau ke atas dan tujuan titik merah tapi setelah memesan sistem membuat nya terbalik dimana jemput jadi tujuan dan tujuan jadi titik jemput. PERBAIKI",1
"CS mu mending kau ganti jgn pake robot, sangat2 tidak membantu",1
"sekarang gojek app agak aneh, suka kepesen sendiri, pesanan driver tiba2 hilang jadi harus pesan lagi jadi kasihan sama driver yg udah effort otw. mohon di optimalkan lagi",2
tidak. bisa di batalkan setelah 2 jam menunggu,1
estimasi ga tepat waktu. kalo emg gada driver ya tolong sediakan pembatalan pesanan. jd ga nunggu lebih lama,1
membantu dalam aktivitas dan efisien makasih,5
"kalau jelas ngga dapat driver untuk pesan makanan, kenapa dibatalin ngga bisa ? dan itu lama sekalii untuk pembatalan saja toh resto juga belum menyiapkan makanannya kenapa ngga bisa di batalin? sangat merugikan......",1
sering2 prmo ya awokawok,4
"aku bantuin jadi pembasmi bug , biar kamu ga sendirian.",5
sangat membantu,5
aplikasi aneh banget: setiap pesan selalu diarahkan ke rute biasa. padahal harus lewat toll. sudah berkali-kali difrank. pada saat diedit tarik-nya ngak rasional..,1
Aplikasi yang sangat bagus sangat memudahkan,5
cepat sat set saya utk gofood,5
sangat membantu,5
Gud,5
aplikasi yg sangat membantu sekali di saat urgent,5
mempermudah perjalanan,5
mantap,5
sangat membantu,5
bagus,5
mantul,5
sabgat bagus,5
saya berharap perusahaan Gojek dan para driver nya selalu disiplin dijalan dan menjaga keselamatan serta menghormati penumpangnya. terima kasih.,5
Driver menolak hujan jemput.. Menerima gacor lama banget melulu.. Selamat berduka cita aplikasi gojek,1
aplikasinya kurg bagus driver ga kebaca di aplikasi,1
ga ada lagi Spotify premium,1
oke,5
ganteng hehehe,5
"sangat mudah, efisien, dan memudahkan dalam transportasi",5
top markotop gojekkkk,5
sangat membantu 👍👍👍,5
cepet sat set....makasyiiii,5
bagus cocok di pakai,5
Alhamdulillah... terimakasih ya.,5
sangat baik,5
bagus,5
penjemputan nya cepat dan driver nya ramah.gojek semoga sukses selalu,5
ok,5
Solusi dari CS nya sangat tidak membantu.,1
TOP,5
sangat bagus ramah ramah Pengemudinya,5
"terima kasih, suka dengan goride jika ga ada sepeda, gofood buat yang males keluar rumah. Pokoknya terima kasih.",5
tanpa menunggu lama dan cepat pengantaran,5
dari sekian apk pesan makanan cuma gojek yang paling lambat lelet sering lewat jauh dari estimasi,3
"masa iya bisa batalin pesanan setelah 1 jam kalau ga dapat"" driver, ya pikir aja lah anjir ada orang yg ga bisa telat makan lama lama dan disuruh nunggu 1 jam untuk bisa batalin, dan itu pun belum tentu dapet driver lagi, coba pikir lah kocak kalo ada orang yg punya asam lambung dan ga bisa telat makan",1
praktis,5
"oke udh bener, saya kasih 5 bintang. Terima kasih perbaikannya",5
makasi,5
kok tiba² mesen gofood mau make coin promonya gak bisa di pake ya mohon jelaskan itu bug atau gimana,5
good,4
mantapppp,5
good,5
"drivernya langka, dapat yang jauh jauh, parah......",2
terbantu,5
"gojek ini csnresponnya sangatt amat lambat, saya ada kendala tapi tidak ada jawaban apapun dari cs, dan hanya meminta menunggu respon dari cs yg ga kunjung dibalas2",1
ok bgt,5
mantap,5
TOLONG JIKA SUDAH KONFIRMASI DARI RESTO SUDAH MENYIAPKAN MAKANAN YA HARUS DISIAPKAN MAKANANNYA DRIVER DATANG LANGSUNG BISA DIANTAR TIDAK NUNGGU LAGI PROSES MASAKNYA SUDAH BERKALI KALI PESAN PELAYANAN MASIH SAMA. PESANAN LAMA DIBUAT DRIVER NUNGGU DI RESTO LAMA DIBATALKAN TIDAK BISA COSTUMER SERVICE KOMPUTER GAK BISA KOMPLAIN GAK BISA PEMBATALAN SECARA MANUAL BY COSTUMER SERVIS SANGAT TIDAK MEMBANTU DITAMBAH LAGI SEKARANG ONGKOS KIRIM TERLALU MAHAL,1
pertahankan kualitas & promonya 😅👍🏽,4
saya kasi bintang 1 dlu. Karena saya kecewa. terkadang pencarian alamat tida ketemu. di tambah. gojek ada yg menolak,1
Buruk,2
mantap,5
simple,5
sangat membantu,4
mantap,5
buset beli pls yg 5ribu bayar nya sampe 8 ribu biaya adminnya malah banget. gak sesuai iklan,1
layanan bagus kak,5
mudah mendapatkan driver,5
aplikasi sangat membantu...perjalanan kemana aja...bisa,5
bagus,5
sangat membantu masyarakat,5
"terimakasih gojek,apalikasi ini sngat membantu bgi kaum kmi yg g bisa naik motor,bisa kmn2,bisa jajan apa aja.jd tdk usah merepotakan orang2 yg disekitar.sehat panjang umur gojek",5
setiap pesen pagi2 buat berangkat kuliah selalu lama dan dapatnya yang jauh padahal drivernya banyak,3
Selalu jadi andalan ketika ke rumah,5
"aplikasi nya makin ribet harus pakai selfie-selfie segala lagi, trus payah lagi selfie nya, dicoba 3 kali tapi tidak bisa..",1
okesi,5
sangat membantu,5
sangat membantu,5
jadi praktis mau pergi ke mana aja,5
driver baik dan ramah,5
"punya driver belagu amat udah sampe malah dicancel,ga mikir apa orang bakal telat?",1
memuaskan,5
selalu menjadi transortasi andalanku,5
hidup didesa tak petnu serba online kemana mana hanya pemborosan dgn harga2 buatan orang kota,1
kirain naik gocar tarifnya udah sama tol. mahal bamget sumpah,1
gabisa di gunakan,1
jos,5
Sangat flexible dalam beraktifitas dan sangat membantu dlm perjalanan,4
Selalu tepat waktu,5
diskon dan voucher hanya iklan PHP,3
khusus kalau jam 03-05 driver nya pada gak niat kebanyakan driver nya yg cancel,1
Hebat ba'da Subuh sdh bs anterin penumpang... semangat Pak,5
semalem ada krodit tapi bingung ngubungin cs gojek pake nomer yang mana karena banyak,3
cepat dan aman sampai tujuan,5
oke,5
ok,5
keren,5
potongannya terlalu besar kasian drivernya. paling gak tega pake hemat,5
"aplikasi saya tidak bisa di buka, padahal sering online",2
apk aneh bnyk bug,1
sangat di pahami.... ok,5
padahal jaringan kenceng tapi waktu mau mesen alesannya jaringan mati ngga jelas ni gojek padahl apl lain lancar jaringanya,1
sangat puas dengan aplikasi gojek,5
good,5
oke .. sering pake go food mlm hr,5
mantul,5
ga bisa login,1
topdeh,5
bagus,5
"kurang lengkap fitur pembayaran Go transit berupa KAI lokal, kai whossh , kai cargo ,KAI LRT ,MRTdan kereta cepat bangsawan merah putih..",1
sorry bintang 1 karena rata2 driver gocarnya pada belagu. tolong kebijakannya ya!,1
sangat membantu dan memudahkan dalam semua kebutuhan,5
tepat waktu dan ramah,5
"sangat membantu ad, n Gojek",5
driver gojek baik2 semua,5
Good promo,5
gofiod ndak bisa di cancel. nunggu udh lama banget. menghambat kerjaan,1
sangat membantu saat perlu kendaraan untuk travelling atau keperluan lainnya seperti kirim paket.,5
ga suka kalo mau pesan makanan terus eror eror,1
"sorry banget gojek, fitur gofood pelayanan jelek banget. percuma dikasih opsi pengiriman express, ekonomi dan hemat tapi pelayanan sama aja. udah pilih express tetep aja pengiriman telat. terus fungsinya ngebedain layanan pengirimana apaan. mana nggak bisa di cancel.",1
gofood pakai yg express tapi telat itu gimana ???? 😏 hemmm...cuma.maaf ya sm aja .,1
sangat cepat dan amanah..,5
gojek is the best,5
"gojek ini praktis banget makeknya,membantu selama aku kuliah karna gada motor sendiri buat kemana mana pokonya luv banget,but ga sama gofoodnya,kak gofoodnya kok gini si aku dah kelaparan harus nunggu lama dulu pas nyari driver,mana ga bisa di cancel mau beli ke tempat lain pun aku takutt jadi double makanan ku",4
top,5
mahal amat sekarang. fir'aun lu?,1
Mantap,5
"bagus bgt semua ada di gojek,layanan terlengkap respon cs nya jg cepat puas bgt pake gojek bykin promonya kalo bisa mksh gojek🙏🏻😊",5
"aplikasinya kenapa ya? setiap aplikasinya dibuka malah keluar sendiri, terus-terusan begitu. padahal sudah diinstal ulang dan signal bagus, tolong penjelasannya?",2
kenapa laporan saya sudah 11X lapor belum juga selesai sudah 2 hari loh saya tidak bisa narik ini,1
memudahkan saya,5
sitem pelayanan makin ga jelas,1
mantap,5
downgrade,1
knapa ya sering kali pesen gocar tapi selalu kebetulan gokarnya lagi nganter penumpang dlu jadi aga lama nunggunya 😮‍💨,4
"bpk nya baik, mobil nya bersih, tepat waktu, bawanya mobilnya nyaman",5
"puas bet kalsu bisa buka cabang di sulteng, morowali 🙏🤙",4
mantap,5
oke,5
agak mahal yaa...,3
ok,5
aplikasi yang sangat membantu,5
"byk mknan bs di beli di gojek,lengkap...good",5
"Menarik... Pengemudi cukup ramah, bisa dipercaya... Semoga tetep sehat dan Bahagia... 😁😁😁",5
Tidak melindungi hak konsumen,1
pinjaman GO-PAY lunasi sebelum jatuh tempo pas pinjam lagi di tolak parah auto delete. bunga besar. orang amanah di kecewain parah,1
ok,5
"gojek sangat membantu disaat laper dan perjalanan, sukses terus GO-JEK",5
"pesanan yg harus nya bisa cepat,tp gara2 ongkir nya murah,pesanan jadi lama",4
aplikasi eror. mau dapet driver aja susah. minta cencel terus. giliran order lagi udah gak bisa,1
"awalnya diberi diskon banyak, sekarang setelah beberapa bulan gk ada diskon",3
"Driver bisa liat rating sendiri dan customer, tapi customer gk bisa liat rating sendiri gak adil banget",2
Bagus dan cepat,5
mantap,5
aplikasi sampah!! ngutang kaga.. apa kaga.. tiba2 ada chat nagih2 dari indo dana dll..,1
Semoga banyak voucher nya untuk jarak 3-4 KM karena setiap hari kita kerja. Kadang tidak konsisten soal harga,5
"nyaman, aman dan cepat . Bang Ojolnya sopan.",5
good,5
semangat terus ya rekan rekan ojol semoga rezeki kalian tuh lancar terus dan semoga perusahaan gojek nih sukses terus,5
"Sangat Bagus Pelayanan, Pertahankan Jangan Sampe Tidak Bagus",5
ok,4
"pelayanan bagus, motor listrik aman dr polusi",5
terimakasih,5
makasih mas... smg lancaarr,5
terlalu lama menunggu!,2
top,5
good,5
"Top up saldo gopay tidak masuk,chat di jawab robot aja,gimana ini tanggung jawab gojek,bikin takut aja pake gojek uang hilang terus.susah klo ada kendala yang jawab robot.sama aja komunikasi sama patung.",1
sudah top up ke akun yang sesuai tetapi saldo tidak masuk terus top up lagi ke akun yang sama baru masuk saldo nya.. dan saldo awal² saya top up kemanain ya? mau chat cs nya ga bisa apl sampah,1
"saldo gopay tidak masuk, sudah hubungi customer service dan call center ngga Nemu solusinya, hanya di suruh menunggu",1
Tambah lengkap fiturnya mantap,5
oke,5
barusan topup lewat bank bca 313.000 ga masuk pdhal mau nonton buruburu topup tpi kyk gini butuh 2 hari makan duit org balikin duit saya skrg juga supaya yg lain ga kapok pke gopay lg,1
aplikasi ojek online terbaik,5
kenapa drivernya suka banget nolak orderan ya? 🥲,3
mantap,5
saya transfer ke gopay kok bisa tidak masuk?,1
pelayanannya good bgt,5
akhir-akhir ini sering banget muncul notifikasi gojek. Tiap menit ada terus. Tolong diperbaiki,1
"dulu isi pulsa gak masuk, sekarang top up gopay gak masuk tunggu 2 hari kerja, top up gopay bukan untuk tabungan tapi buat transportasi sama isi pulsa, minta tolong yang profesional",1
ulasan saya knp dihapus yah,3
tidak bisa pembayaran melalui transfer bank,1
driver sering tidak menjemput dan tidak mau cancel.. kalau user yg cancel jadi sulit dapat driver..,1
mantap,5
terbaik,5
"parah banget ya? berhari hari untuk verifikasi data gmail ko ga bisa bisa,sdngkan gmail udh bener,yg tercantum itu bukan akun gmail pribadi minta agar di verifikasi gmna cobaaa? hadeeh😇",1
mudah pemakaiannya,5
Gocar sepi sekali. gitu pakai ada pilihan yang harga mahal dan yang harga murah. apa sepi personil gitu radegansari ?,1
ok,5
bikin hepi,5
good,5
to up saldo malah gamasuk,1
"Posisi supervisor klau kosong, gw siap isi 🙏🗿",5
ok banget,5
"kenapa sekarang tidak bisa telpon driver? kalo mau telpon driver selalu tanda ( + ) ga ada nomor telpon nya. kecewa banget karna mempersulit. kalau chat ga di baca driver, di telpon ga bisa. padahal sy pengguna lama gojek. tolong donk di perbaiki, privasi si boleh tapi ini namanya mempersulit yg booking. gimana solusi nya biar bisa telpon driver lagi.",1
Gojek good,5
"bagus banget, cepet lagi kalau laper datang langsung",5
mantap,5
"sangat membantu sekali dalam perjalanan, untuk map nya juga sangat jelas dan tepat menurut saya",5
"trimakasi gojek , sangat membantu",5
"Kenapa tidak bisa lagi menjemput di lokasi yang sering saya pakai? katanya harus max 250m dari lokasi saya. tapi kan titik rumah saya tidak ada di maps, lagi pula titik itu tidak sampai 250m dari lokasi saya. Tolong diperbaiki!",1
Perbaiki untuk biaya tambahan ongkir jadi mahal,1
gacorr lekkkkkk,5
mantap dan pas,5
oke beuhh,5
bagus banget ini aplikasi memper mudah anak yang males bawa motor,5
siip,5
pesen go car nya sangat sulit,1
baguss banget dan sangat murah banyak diskon,5
"Bayar lebih untuk express, jaminan on time, tapi telat, complain cuma dibales pake AI & template CS. Jadi gini cara kalian berbisnis? Kecewa!",2
ok,5
gocar pasti ada jln,5
masak udah lama bertransaksi tapi gopay later sya gak di aktifkan,5
Gojek Miskin.,1
Ini apaaan2 ya? Kenapa minimal pembelian di solo jadi 40k untuk gofood. Tadinya 30k aja besar bgt utk org wilayah jawa tengah... LANGGANAN BIKIN RUGI !! 40k emang harus gofood makan besar sekeluarga ya? Dikira org gofood mau makan besar satu RT ya? Dikira harga makanan semua wilayah sama mahalnya dgn jakarta kali ya mikirnya... mending pindah deh ke grabfood/shopeefood. Kebijakannya utk langganan bulanan lebih masuk akal kyknya utk customer 👎👎👎👎,1
sering lama pencarian driver nya,3
"ganggu bgt tiap search di PS kliknya apa, munculnya gojek terus",1
"wkwkwk, struktur pembasmi bugnya curhat, udah ga bisa bayar orang nih gojek buat pengembangannya ... 🤣",1
cepet dan responsif dan pengemudinya ramah² terutama GoRide nya masukan kalo bisa untuk driver mobil jangan melihat ongkos murahnya dan jangan suka pilih² penumpang mau ongkos kecil atau pun besar ya di tarik,5
fleksibel,4
nice,5
keren,5
"Saya gk bisa login gopay karena no hp lama saya sudah hilang, tidak bisa login dengan cara lain selain otp sms kenapa gak bisa di kirim otp lewat email padahal udah terhubung email",1
pucer nya gak bisa di pakai cuma menjanjikan saja,1
bagus sekali,5
terbaik,5
ok,5
tepat waktu aman dan nyaman,5
meningkat karena pesan update yang sangat informatif. updet 5.39,2
puas dengan Gocar,5
mudah bagus aman,5
Mantap,5
sip mantap,5
"kecewa parahh, tagihan gopay pinjam lunas malah gabisa narik pinjaman lagi. padahal di iklan koar2 kalo bisa pinjam lagi setelah lunas 👎",1
good job,5
paling murah juga paling mudah,5
Sangat membantu keseharian saya,5
Kesel banget sama driver ² sekarang... Ada orderan sering banget dibatalkan... Perlu di disiplinkan driver kalian. Kalo gk niat dari awal gk usah aktif.,3
"Tolong kalo ada restoran yg tutup,, agar di permudah cancel orderannya. Jangan berputar putar ganti driver terus. Malah jadi kendala ,gak bisa order ke restoran lainnya. Itu aja ,trima kasih.",1
tidak mengecewakan..sesuai harapan,5
semakin ditingkatkan,5
oke,5
ramah,5
"dipertimbangkan lg klo mw ttp bisnisnya jalan, driver sampah banyak, order masuk diambil, dijemput ngga, direspon jg ngga, mw saya cancel, driver cancel, mw setan yg cancel jg sama aja tarifnya naik, tlg klo ada driver main2 PM aja, ga niat narik ngapain diaktifin akunnya. maaf saya beralih kembali ke burung biru, lebih mahal gpp, lebih jelas",1
ok,5
bagus,5
yang sabar ya developer wkwk,5
tadi saya baru mencoba menerima telepon dari driver go-ride yang saya buat ordernya tapi Sangat disayangkan sudah pembaruan aplikasi Tapi masih saja belum aksesibel dengan pembaca layar tunanetra pohon perbaikan kembali untuk versi selanjutnya,3
sangat membantu,5
muantuuul,5
oke,5
ok bgt,5
"Driver suka gak terima dengan pesanan yang dipesan, mohon ini diatur ya😭☹️",1
menyulitkan customer untuk membatalkan pesanan yang tidak sengaja terpesan. tidak ada fitur chat toko untuk memohon pembatalan pesanan,2
Aplikasi Go-Ojek tetap selalu menjadi yang terbaik 👍 bintang lima buat layanan pelanggan go-foodnya ⭐️⭐️⭐️⭐️⭐️,5
KASIAN BRE DRIVER NYA DIPOTONG GEDE SANGAT,1
bagus,5
ok,5
ok,5
"driver gojeknya kurang ajar, masa kita diturunin ga sesuai alamat, minta dibatalkan ngga dibatalkan malah selesai trus saldo gopay nya tidak kembali ihh pencurian itu, ga bagus ini",1
"udah aplikasinya ngebug terus, MAHAL LAGI.. sampah lah",1
mantap..👍👍🙏,5
good job,5
Sangat memuaskan selama memakai transportasi dari GO-JEK. Terima kasih GO-JEK.,5
